行,列,经度,纬度,悬停海拔_m,覆盖服务区
432,681,109.22208333333333,23.104583333333334,694.4320373535156,S002、S008
432,687,109.22375,23.104583333333334,669.1238403320312,S002、S008
432,693,109.22541666666666,23.104583333333334,714.4713745117188,S002、S005、S008、S009
432,699,109.22708333333334,23.104583333333334,737.870361328125,S002、S005、S008、S009
432,705,109.22875,23.104583333333334,711.0970764160156,S002、S005、S008、S009
432,771,109.24708333333334,23.104583333333334,662.4830017089844,S004、S008
432,789,109.25208333333333,23.104583333333334,692.0592956542969,S002、S004、S008、S009
432,795,109.25375,23.104583333333334,708.8240661621094,S004、S008、S009
432,801,109.25541666666666,23.104583333333334,743.7922973632812,S004、S008、S009
432,807,109.25708333333333,23.104583333333334,744.8360900878906,S004、S008、S009
432,813,109.25875,23.104583333333334,738.7663269042969,S004、S008、S009
432,819,109.26041666666667,23.104583333333334,746.7921447753906,S004、S008、S009
432,825,109.26208333333334,23.104583333333334,796.6321716308594,S004、S008、S009
432,831,109.26375,23.104583333333334,787.299072265625,S004、S008、S009
432,837,109.26541666666667,23.104583333333334,849.5128784179688,S004、S008、S009
432,843,109.26708333333333,23.104583333333334,863.919189453125,S002、S004、S008、S009
432,849,109.26875,23.104583333333334,867.3914184570312,S002、S004、S009
432,855,109.27041666666666,23.104583333333334,905.4705200195312,S002、S004、S009
432,939,109.29375,23.104583333333334,933.5239868164062,S002
438,687,109.22375,23.102916666666665,712.9295349121094,S002、S008、S009
438,693,109.22541666666666,23.102916666666665,740.958984375,S002、S005、S008、S009
438,699,109.22708333333334,23.102916666666665,751.7242736816406,S002、S005、S008、S009
438,705,109.22875,23.102916666666665,713.2942199707031,S002、S005、S008、S009
438,777,109.24875,23.102916666666665,708.030029296875,S002、S004、S008、S009
438,783,109.25041666666667,23.102916666666665,725.9811706542969,S002、S004、S008、S009
438,789,109.25208333333333,23.102916666666665,722.4259948730469,S002、S004、S008、S009
438,795,109.25375,23.102916666666665,742.9772033691406,S004、S008、S009
438,801,109.25541666666666,23.102916666666665,765.7538146972656,S002、S004、S008、S009
438,807,109.25708333333333,23.102916666666665,773.1370239257812,S002、S004、S008、S009、S012
438,813,109.25875,23.102916666666665,789.64697265625,S004、S008、S009
438,819,109.26041666666667,23.102916666666665,827.8414916992188,S004、S008、S009、S012
438,825,109.26208333333334,23.102916666666665,864.8676147460938,S004、S008、S009、S012
438,831,109.26375,23.102916666666665,889.6690673828125,S004、S008、S009
438,837,109.26541666666667,23.102916666666665,915.6063232421875,S004、S008、S009
438,843,109.26708333333333,23.102916666666665,948.24169921875,S002、S004、S008、S009、S012
438,849,109.26875,23.102916666666665,955.21875,S002、S004、S009、S012
438,855,109.27041666666666,23.102916666666665,971.5523681640625,S002、S004、S009、S012
438,861,109.27208333333333,23.102916666666665,907.303955078125,S002、S004、S009
438,933,109.29208333333334,23.102916666666665,946.3244018554688,S002、S004
438,939,109.29375,23.102916666666665,962.3859252929688,S002
444,681,109.22208333333333,23.10125,680.7700805664062,S002、S008、S009
444,687,109.22375,23.10125,678.8066101074219,S002、S008、S009
444,693,109.22541666666666,23.10125,730.7573547363281,S002、S004、S005、S008、S009
444,753,109.24208333333334,23.10125,680.498046875,S002、S004、S008、S009
444,759,109.24375,23.10125,675.9657287597656,S002、S004、S008
444,765,109.24541666666667,23.10125,647.85107421875,S002、S004、S008
444,771,109.24708333333334,23.10125,695.8924255371094,S002、S004、S008、S009
444,777,109.24875,23.10125,726.4884948730469,S002、S004、S008、S009
444,783,109.25041666666667,23.10125,758.2908935546875,S002、S004、S008、S009
444,789,109.25208333333333,23.10125,762.944091796875,S002、S004、S008、S009
444,795,109.25375,23.10125,770.6675720214844,S002、S004、S008、S009
444,801,109.25541666666666,23.10125,841.3347778320312,S002、S004、S008、S009、S012
444,807,109.25708333333333,23.10125,841.77490234375,S002、S004、S008、S009、S012
444,813,109.25875,23.10125,871.1494140625,S004、S008、S009、S012
444,819,109.26041666666667,23.10125,888.6429443359375,S002、S004、S008、S009、S012
444,825,109.26208333333334,23.10125,895.682373046875,S002、S004、S008、S009、S012
444,831,109.26375,23.10125,939.23486328125,S002、S004、S008、S009、S012
444,837,109.26541666666667,23.10125,968.1190795898438,S002、S004、S008、S009、S012
444,843,109.26708333333333,23.10125,901.3455810546875,S002、S004、S008、S009
444,849,109.26875,23.10125,1023.8731689453125,S002、S004、S008、S009、S012
444,855,109.27041666666666,23.10125,1075.8214111328125,S002、S004、S009、S012
444,861,109.27208333333333,23.10125,974.6672973632812,S002、S004、S009、S012
444,933,109.29208333333334,23.10125,951.6467895507812,S002、S004
444,939,109.29375,23.10125,958.4847412109375,S002
450,681,109.22208333333333,23.099583333333335,650.5187072753906,S002、S004、S008、S009
450,687,109.22375,23.099583333333335,675.8274536132812,S002、S004、S008、S009
450,693,109.22541666666666,23.099583333333335,758.5296630859375,S002、S004、S005、S008、S009
450,699,109.22708333333334,23.099583333333335,709.0024719238281,S002、S004、S005、S008、S009
450,753,109.24208333333334,23.099583333333335,649.4448547363281,S002、S004、S008、S009
450,759,109.24375,23.099583333333335,706.3675231933594,S002、S004、S008、S009
450,765,109.24541666666667,23.099583333333335,709.4974975585938,S002、S004、S008、S009
450,771,109.24708333333334,23.099583333333335,764.0686340332031,S002、S004、S008、S009
450,777,109.24875,23.099583333333335,789.1833801269531,S002、S004、S008、S009
450,783,109.25041666666667,23.099583333333335,840.8404541015625,S002、S004、S008、S009
450,789,109.25208333333333,23.099583333333335,848.234375,S002、S004、S008、S009
450,795,109.25375,23.099583333333335,843.8895263671875,S002、S004、S008、S009
450,801,109.25541666666666,23.099583333333335,787.5531616210938,S002、S004、S008、S009
450,807,109.25708333333333,23.099583333333335,800.4824523925781,S002、S004、S008、S009、S012
450,813,109.25875,23.099583333333335,823.2060546875,S004、S008、S009、S012
450,819,109.26041666666667,23.099583333333335,863.0919189453125,S002、S004、S008、S009、S012
450,825,109.26208333333334,23.099583333333335,909.5692749023438,S002、S004、S008、S009、S012
450,831,109.26375,23.099583333333335,875.1436767578125,S002、S004、S008、S009、S012
450,837,109.26541666666667,23.099583333333335,853.146240234375,S004、S008、S009
450,843,109.26708333333333,23.099583333333335,839.1119995117188,S002、S004、S008、S009
450,849,109.26875,23.099583333333335,912.9771728515625,S002、S004、S008、S009、S012
450,855,109.27041666666666,23.099583333333335,994.4634399414062,S002、S004、S009、S012
450,867,109.27375,23.099583333333335,975.5618286132812,S002、S004、S009、S012
450,939,109.29375,23.099583333333335,919.360107421875,S002
456,681,109.22208333333333,23.097916666666666,708.7481994628906,S002、S004、S008、S009
456,687,109.22375,23.097916666666666,717.3185119628906,S002、S004、S005、S008、S009
456,693,109.22541666666666,23.097916666666666,658.1546020507812,S002、S004、S008、S009
456,699,109.22708333333334,23.097916666666666,694.5516052246094,S002、S004、S005、S008、S009
456,705,109.22875,23.097916666666666,670.5767211914062,S002、S004、S005、S008、S009
456,753,109.24208333333334,23.097916666666666,733.3482971191406,S002、S004、S008、S009
456,759,109.24375,23.097916666666666,737.8187561035156,S002、S004、S008、S009
456,765,109.24541666666667,23.097916666666666,789.4769592285156,S002、S004、S008、S009
456,771,109.24708333333334,23.097916666666666,859.508544921875,S002、S004、S008、S009
456,777,109.24875,23.097916666666666,820.09228515625,S002、S004、S008、S009
456,783,109.25041666666667,23.097916666666666,856.0821533203125,S002、S004、S008、S009
456,789,109.25208333333333,23.097916666666666,804.7343139648438,S002、S004、S008、S009
456,795,109.25375,23.097916666666666,792.4170532226562,S002、S004、S008、S009
456,801,109.25541666666666,23.097916666666666,733.68310546875,S002、S004、S008、S009
456,807,109.25708333333333,23.097916666666666,722.3008728027344,S002、S004、S008、S009
456,813,109.25875,23.097916666666666,770.7051391601562,S004、S008、S009、S012
456,819,109.26041666666667,23.097916666666666,768.5032958984375,S004、S008、S009、S012
456,825,109.26208333333334,23.097916666666666,797.5613098144531,S004、S008、S009、S012
456,831,109.26375,23.097916666666666,787.8267517089844,S004、S008、S009
456,837,109.26541666666667,23.097916666666666,781.7400512695312,S002、S004、S008、S009
456,849,109.26875,23.097916666666666,876.9522094726562,S002、S004、S008、S009、S012
462,681,109.22208333333333,23.09625,689.3597106933594,S002、S004、S008、S009
462,687,109.22375,23.09625,654.4777221679688,S002、S004、S008、S009
462,693,109.22541666666666,23.09625,622.0704345703125,S002、S004、S008、S009
462,705,109.22875,23.09625,645.757080078125,S002、S004、S005、S008、S009
462,753,109.24208333333334,23.09625,688.333740234375,S002、S004、S008、S009
462,759,109.24375,23.09625,747.3853149414062,S002、S004、S008、S009
462,765,109.24541666666667,23.09625,737.6410522460938,S002、S004、S008、S009
462,771,109.24708333333334,23.09625,762.5163879394531,S002、S004、S008、S009
462,777,109.24875,23.09625,740.0528564453125,S002、S004、S008、S009
462,783,109.25041666666667,23.09625,773.6592712402344,S002、S004、S008、S009
462,789,109.25208333333333,23.09625,737.6686096191406,S002、S004、S008、S009
462,795,109.25375,23.09625,735.0853576660156,S002、S004、S008、S009
462,801,109.25541666666666,23.09625,671.1532897949219,S002、S004、S008、S009
462,813,109.25875,23.09625,699.3549499511719,S004、S008、S009
462,819,109.26041666666667,23.09625,726.421875,S004、S008、S009
462,825,109.26208333333334,23.09625,723.0422668457031,S004、S008、S009
462,831,109.26375,23.09625,756.69091796875,S004、S008、S009、S012
462,837,109.26541666666667,23.09625,737.2501831054688,S002、S004、S008、S009
468,681,109.22208333333333,23.094583333333333,651.8214416503906,S002、S004、S008、S009
468,693,109.22541666666666,23.094583333333333,581.9113159179688,S002、S004、S008、S009
468,747,109.24041666666666,23.094583333333333,654.7322387695312,S002、S004、S008、S009
468,753,109.24208333333334,23.094583333333333,713.791015625,S002、S004、S008、S009
468,759,109.24375,23.094583333333333,699.5788269042969,S002、S004、S008、S009
468,765,109.24541666666667,23.094583333333333,692.3266906738281,S002、S004、S008、S009
468,771,109.24708333333334,23.094583333333333,743.3263549804688,S002、S004、S008、S009
468,777,109.24875,23.094583333333333,669.769775390625,S002、S004、S008、S009
468,783,109.25041666666667,23.094583333333333,676.8341369628906,S002、S004、S008、S009
468,789,109.25208333333333,23.094583333333333,704.8739624023438,S002、S004、S008、S009
468,795,109.25375,23.094583333333333,642.6951904296875,S002、S004、S008、S009
468,801,109.25541666666666,23.094583333333333,648.6473083496094,S002、S004、S008、S009
468,819,109.26041666666667,23.094583333333333,688.9013977050781,S004、S008、S009
468,825,109.26208333333334,23.094583333333333,676.3634643554688,S004、S008、S009
474,681,109.22208333333333,23.092916666666667,688.1777648925781,S002、S004、S005、S008、S009
474,687,109.22375,23.092916666666667,662.3011169433594,S002、S004、S005、S008、S009
474,693,109.22541666666666,23.092916666666667,654.3915710449219,S002、S004、S005、S008、S009
474,747,109.24041666666666,23.092916666666667,628.9410095214844,S002、S004、S008、S009
474,753,109.24208333333334,23.092916666666667,689.4070434570312,S002、S004、S008、S009
474,759,109.24375,23.092916666666667,637.0723876953125,S002、S004、S008、S009
474,765,109.24541666666667,23.092916666666667,680.8237609863281,S002、S004、S008、S009
474,771,109.24708333333334,23.092916666666667,663.8089599609375,S002、S004、S008、S009
474,777,109.24875,23.092916666666667,645.3211059570312,S002、S004、S008、S009
474,783,109.25041666666667,23.092916666666667,649.2143859863281,S002、S004、S008、S009
474,789,109.25208333333333,23.092916666666667,630.0081176757812,S002、S004、S008、S009
474,795,109.25375,23.092916666666667,639.4447021484375,S002、S004、S008、S009
480,681,109.22208333333333,23.091250000000002,657.4472351074219,S002、S004、S005、S008、S009
480,687,109.22375,23.091250000000002,658.3288269042969,S002、S004、S005、S008、S009
480,693,109.22541666666666,23.091250000000002,633.6846923828125,S002、S004、S005、S008、S009
480,747,109.24041666666666,23.091250000000002,621.7841186523438,S002、S004、S008、S009
480,753,109.24208333333334,23.091250000000002,609.589599609375,S002、S004、S008、S009
480,759,109.24375,23.091250000000002,650.6137084960938,S002、S004、S008、S009
480,765,109.24541666666667,23.091250000000002,662.4655151367188,S002、S004、S008、S009
480,771,109.24708333333334,23.091250000000002,649.6036987304688,S002、S004、S008、S009
480,777,109.24875,23.091250000000002,627.8302917480469,S002、S004、S008、S009
480,783,109.25041666666667,23.091250000000002,657.9547729492188,S002、S004、S008、S009
480,789,109.25208333333333,23.091250000000002,637.8703002929688,S002、S004、S008、S009
486,681,109.22208333333333,23.089583333333334,671.3184204101562,S002、S004、S005、S008、S009
486,687,109.22375,23.089583333333334,635.5138549804688,S004、S005、S008、S009
486,693,109.22541666666666,23.089583333333334,592.3195495605469,S004、S005、S008、S009
486,699,109.22708333333334,23.089583333333334,625.3855285644531,S002、S004、S005、S008、S009
486,747,109.24041666666666,23.089583333333334,611.7778625488281,S002、S004、S008、S009
486,753,109.24208333333334,23.089583333333334,630.800048828125,S002、S004、S008、S009
486,759,109.24375,23.089583333333334,599.1559448242188,S002、S004、S008、S009
486,765,109.24541666666667,23.089583333333334,676.6908264160156,S002、S004、S008、S009
486,777,109.24875,23.089583333333334,612.9551391601562,S002、S004、S008、S009
486,783,109.25041666666667,23.089583333333334,625.586181640625,S002、S004、S008、S009
486,789,109.25208333333333,23.089583333333334,648.9370727539062,S002、S004、S008、S009
492,681,109.22208333333333,23.08791666666667,633.2167663574219,S004、S005、S008、S009
492,687,109.22375,23.08791666666667,661.9899291992188,S002、S004、S005、S008、S009
492,693,109.22541666666666,23.08791666666667,640.1877746582031,S002、S004、S005、S008、S009
492,699,109.22708333333334,23.08791666666667,592.8968505859375,S004、S005、S008、S009
492,747,109.24041666666666,23.08791666666667,656.4338684082031,S002、S004、S008、S009
492,753,109.24208333333334,23.08791666666667,595.8426208496094,S002、S004、S008、S009
492,759,109.24375,23.08791666666667,581.8334350585938,S002、S004、S008、S009
492,765,109.24541666666667,23.08791666666667,650.3054809570312,S002、S004、S008、S009
492,771,109.24708333333334,23.08791666666667,649.2174072265625,S002、S004、S008、S009
492,789,109.25208333333333,23.08791666666667,648.5746154785156,S002、S004、S008、S009
492,813,109.25875,23.08791666666667,634.4491882324219,S002、S004、S008、S009
492,897,109.28208333333333,23.08791666666667,796.3192138671875,S002、S004、S009
492,903,109.28375,23.08791666666667,799.6714782714844,S002、S004、S009
498,681,109.22208333333333,23.08625,594.0295715332031,S004、S008、S009
498,687,109.22375,23.08625,596.8111267089844,S004、S005、S008、S009
498,693,109.22541666666666,23.08625,631.0599060058594,S004、S005、S008、S009
498,699,109.22708333333334,23.08625,665.0776672363281,S002、S004、S005、S008、S009
498,705,109.22875,23.08625,641.2547607421875,S002、S004、S005、S008、S009
498,747,109.24041666666666,23.08625,615.9086608886719,S002、S004、S008、S009
498,759,109.24375,23.08625,591.9866333007812,S002、S004、S008、S009
498,765,109.24541666666667,23.08625,629.4390563964844,S002、S004、S008、S009
498,771,109.24708333333334,23.08625,644.4639282226562,S002、S004、S008、S009
498,789,109.25208333333333,23.08625,613.0375061035156,S002、S004、S008、S009
498,897,109.28208333333333,23.08625,747.5765380859375,S002、S009、S013
498,903,109.28375,23.08625,805.9544372558594,S002、S004、S009、S013
504,687,109.22375,23.084583333333335,582.0569763183594,S004、S005、S008、S009
504,693,109.22541666666666,23.084583333333335,601.9348449707031,S004、S005、S008、S009
504,699,109.22708333333334,23.084583333333335,620.9873657226562,S004、S005、S008、S009
504,705,109.22875,23.084583333333335,592.842529296875,S004、S005、S008、S009
504,759,109.24375,23.084583333333335,564.9653930664062,S002、S004、S008、S009
504,771,109.24708333333334,23.084583333333335,597.51318359375,S002、S004、S008、S009
504,777,109.24875,23.084583333333335,579.3468627929688,S002、S004、S008、S009
504,789,109.25208333333333,23.084583333333335,592.87890625,S002、S004、S008、S009、S013
504,909,109.28541666666666,23.084583333333335,733.0307006835938,S002、S009、S013
504,915,109.28708333333333,23.084583333333335,718.8389282226562,S002、S009、S013
504,921,109.28875,23.084583333333335,726.8787841796875,S002、S009、S013
504,927,109.29041666666667,23.084583333333335,725.6601867675781,S002、S009、S013
510,687,109.22375,23.082916666666666,592.3633117675781,S004、S005、S008、S009
510,693,109.22541666666666,23.082916666666666,600.4634704589844,S004、S005、S008、S009
510,699,109.22708333333334,23.082916666666666,590.1540222167969,S004、S005、S008、S009
510,747,109.24041666666666,23.082916666666666,591.22900390625,S002、S004、S008、S009
510,759,109.24375,23.082916666666666,556.995361328125,S002、S004、S008、S009
510,765,109.24541666666667,23.082916666666666,598.9972839355469,S002、S004、S008、S009
510,771,109.24708333333334,23.082916666666666,570.9429626464844,S002、S004、S008、S009、S013
510,777,109.24875,23.082916666666666,617.4070129394531,S002、S004、S008、S009、S013
510,915,109.28708333333333,23.082916666666666,678.3352966308594,S002、S009、S013
510,921,109.28875,23.082916666666666,719.5642700195312,S002、S009、S013
510,927,109.29041666666667,23.082916666666666,780.9259948730469,S002、S009、S013
510,933,109.29208333333334,23.082916666666666,743.8128051757812,S002、S009、S013
516,693,109.22541666666666,23.08125,587.1536865234375,S004、S005、S008、S009
516,699,109.22708333333334,23.08125,601.8698120117188,S004、S005、S008、S009
516,705,109.22875,23.08125,597.2932739257812,S004、S005、S008、S009
516,759,109.24375,23.08125,568.2504272460938,S002、S004、S008、S009、S013
516,765,109.24541666666667,23.08125,606.0867919921875,S002、S004、S008、S009、S013
516,807,109.25708333333333,23.08125,592.5812072753906,S002、S004、S008、S009、S013
516,909,109.28541666666666,23.08125,696.1783447265625,S002、S009、S013
516,915,109.28708333333333,23.08125,682.8420104980469,S002、S009、S013
516,921,109.28875,23.08125,723.6542053222656,S002、S009、S013
516,927,109.29041666666667,23.08125,769.3936157226562,S002、S009、S013
516,933,109.29208333333334,23.08125,768.40234375,S002、S009、S013
522,639,109.21041666666667,23.079583333333336,571.6018676757812,S005、S008
522,687,109.22375,23.079583333333336,538.2737426757812,S004、S005、S008、S009
522,693,109.22541666666666,23.079583333333336,570.08154296875,S004、S005、S008、S009
522,699,109.22708333333334,23.079583333333336,571.6662902832031,S004、S005、S008、S009
522,705,109.22875,23.079583333333336,600.2115173339844,S004、S005、S008、S009
522,753,109.24208333333334,23.079583333333336,558.4766845703125,S002、S004、S008、S009、S013
522,759,109.24375,23.079583333333336,549.6293182373047,S002、S004、S008、S009、S013
522,765,109.24541666666667,23.079583333333336,583.9420166015625,S002、S004、S008、S009、S013
522,771,109.24708333333334,23.079583333333336,592.294189453125,S002、S004、S008、S009、S013
522,777,109.24875,23.079583333333336,536.2079162597656,S002、S004、S008、S009、S013
522,909,109.28541666666666,23.079583333333336,663.8750610351562,S002、S009、S013
522,915,109.28708333333333,23.079583333333336,670.619140625,S002、S009、S013
522,921,109.28875,23.079583333333336,685.2535400390625,S002、S009、S013
522,927,109.29041666666667,23.079583333333336,695.7921447753906,S002、S009、S013
528,651,109.21375,23.077916666666667,585.22265625,S004、S008、S009
528,657,109.21541666666667,23.077916666666667,588.4842834472656,S004、S008、S009
528,687,109.22375,23.077916666666667,528.5844268798828,S004、S005、S008、S009
528,693,109.22541666666666,23.077916666666667,540.6686553955078,S004、S005、S008、S009
528,699,109.22708333333334,23.077916666666667,563.2085266113281,S004、S005、S008、S009
528,705,109.22875,23.077916666666667,635.1216430664062,S004、S005、S008、S009
528,759,109.24375,23.077916666666667,565.7335510253906,S002、S004、S008、S009、S013
528,765,109.24541666666667,23.077916666666667,574.5810852050781,S002、S004、S008、S009、S013
528,771,109.24708333333334,23.077916666666667,565.3071899414062,S002、S004、S008、S009、S013
528,777,109.24875,23.077916666666667,574.1904296875,S002、S004、S008、S009、S013
528,783,109.25041666666667,23.077916666666667,558.7267150878906,S002、S004、S008、S009、S013
528,909,109.28541666666666,23.077916666666667,640.8282470703125,S002、S009、S013
528,939,109.29375,23.077916666666667,809.8058776855469,S002、S004、S009、S012、S013
534,645,109.21208333333334,23.07625,584.0947875976562,S005、S008
534,651,109.21375,23.07625,607.9691772460938,S005、S008
534,657,109.21541666666667,23.07625,575.4023742675781,S005、S008
534,687,109.22375,23.07625,529.572509765625,S004、S005、S008、S009
534,693,109.22541666666666,23.07625,531.7018737792969,S004、S005、S008、S009
534,699,109.22708333333334,23.07625,568.97607421875,S004、S005、S008、S009
534,705,109.22875,23.07625,613.9724426269531,S004、S005、S008、S009
534,711,109.23041666666667,23.07625,607.8751831054688,S004、S005、S008、S009
534,717,109.23208333333334,23.07625,602.7566528320312,S004、S005、S008、S009
534,741,109.23875,23.07625,540.4452362060547,S004、S008、S009、S013
534,759,109.24375,23.07625,539.6003875732422,S002、S004、S008、S009、S013
534,765,109.24541666666667,23.07625,546.1520538330078,S002、S004、S008、S009、S013
534,771,109.24708333333334,23.07625,577.7757873535156,S002、S004、S008、S009、S013
534,777,109.24875,23.07625,564.5348815917969,S002、S004、S008、S009、S013
534,783,109.25041666666667,23.07625,544.7816162109375,S002、S004、S008、S009、S013
534,897,109.28208333333333,23.07625,631.3887023925781,S002、S009、S013
534,939,109.29375,23.07625,834.2757568359375,S002、S004、S009、S012、S013
534,945,109.29541666666667,23.07625,884.34716796875,S002、S004、S009、S012、S013
540,645,109.21208333333334,23.074583333333333,562.2842712402344,S005、S008
540,657,109.21541666666667,23.074583333333333,573.8334350585938,S005、S008
540,687,109.22375,23.074583333333333,566.0245971679688,S004、S005、S008、S009
540,693,109.22541666666666,23.074583333333333,557.1121215820312,S004、S005、S008、S009
540,699,109.22708333333334,23.074583333333333,596.7763671875,S004、S005、S008、S009
540,705,109.22875,23.074583333333333,582.0166625976562,S004、S005、S008、S009
540,711,109.23041666666667,23.074583333333333,608.2977294921875,S004、S005、S008、S009
540,717,109.23208333333334,23.074583333333333,606.6932373046875,S004、S005、S008、S009
540,735,109.23708333333333,23.074583333333333,593.1943359375,S004、S008、S009、S013
540,741,109.23875,23.074583333333333,566.7888793945312,S004、S008、S009、S013
540,747,109.24041666666666,23.074583333333333,573.4335632324219,S002、S004、S008、S009、S013
540,753,109.24208333333334,23.074583333333333,509.9564208984375,S002、S004、S008、S009、S013
540,765,109.24541666666667,23.074583333333333,542.3542327880859,S002、S004、S008、S009、S013
540,771,109.24708333333334,23.074583333333333,555.5621185302734,S002、S004、S008、S009、S013
540,777,109.24875,23.074583333333333,575.943603515625,S002、S004、S008、S009、S013
540,885,109.27875,23.074583333333333,660.0490417480469,S002、S004、S009、S012、S013
540,891,109.28041666666667,23.074583333333333,652.5264892578125,S002、S004、S009、S012、S013
540,897,109.28208333333333,23.074583333333333,658.1346130371094,S002、S009、S012、S013
540,903,109.28375,23.074583333333333,698.7824096679688,S002、S004、S009、S012、S013
540,909,109.28541666666666,23.074583333333333,647.6905517578125,S002、S009、S013
546,645,109.21208333333334,23.072916666666668,567.8643188476562,S005、S008
546,651,109.21375,23.072916666666668,540.478759765625,S005、S008
546,681,109.22208333333333,23.072916666666668,598.1500549316406,S002、S004、S005、S008、S009
546,687,109.22375,23.072916666666668,598.1447448730469,S002、S004、S005、S008、S009
546,693,109.22541666666666,23.072916666666668,579.6304626464844,S002、S004、S005、S008、S009
546,699,109.22708333333334,23.072916666666668,562.9664306640625,S002、S004、S005、S008、S009
546,705,109.22875,23.072916666666668,588.04150390625,S002、S004、S005、S008、S009
546,711,109.23041666666667,23.072916666666668,587.0130310058594,S002、S004、S005、S008、S009、S013
546,717,109.23208333333334,23.072916666666668,587.6796875,S002、S004、S005、S008、S009、S013
546,741,109.23875,23.072916666666668,585.3800048828125,S004、S008、S009、S013
546,747,109.24041666666666,23.072916666666668,520.6282653808594,S002、S004、S008、S009、S013
546,753,109.24208333333334,23.072916666666668,510.38671875,S002、S004、S008、S009、S013
546,759,109.24375,23.072916666666668,528.8308258056641,S002、S004、S008、S009、S013
546,765,109.24541666666667,23.072916666666668,552.6904907226562,S002、S004、S008、S009、S013
546,771,109.24708333333334,23.072916666666668,570.7816772460938,S002、S004、S008、S009、S013
546,777,109.24875,23.072916666666668,558.4726867675781,S002、S004、S008、S009、S013
546,783,109.25041666666667,23.072916666666668,541.2339477539062,S002、S004、S008、S009、S013
546,795,109.25375,23.072916666666668,569.3646240234375,S002、S004、S008、S009、S013
546,879,109.27708333333334,23.072916666666668,652.8489990234375,S002、S004、S009、S012、S013
546,885,109.27875,23.072916666666668,665.847412109375,S002、S004、S009、S012、S013
546,891,109.28041666666667,23.072916666666668,691.1802368164062,S002、S004、S009、S012、S013
546,897,109.28208333333333,23.072916666666668,655.7979431152344,S002、S009、S012、S013
546,903,109.28375,23.072916666666668,738.479248046875,S002、S004、S009、S012、S013
546,909,109.28541666666666,23.072916666666668,700.8413391113281,S002、S004、S009、S012、S013
552,651,109.21375,23.07125,521.6844024658203,S005、S008
552,669,109.21875,23.07125,575.921142578125,S005、S008
552,693,109.22541666666666,23.07125,576.9204406738281,S002、S004、S005、S008、S009
552,699,109.22708333333334,23.07125,567.2855224609375,S002、S004、S005、S008、S009
552,705,109.22875,23.07125,549.5758209228516,S002、S004、S005、S008、S009、S013
552,717,109.23208333333334,23.07125,575.2918090820312,S002、S004、S005、S008、S009、S013
552,741,109.23875,23.07125,551.7509613037109,S002、S004、S008、S009、S013
552,747,109.24041666666666,23.07125,552.5888519287109,S002、S004、S005、S008、S009、S013
552,753,109.24208333333334,23.07125,502.0998992919922,S002、S004、S008、S009、S013
552,765,109.24541666666667,23.07125,521.4443969726562,S002、S004、S008、S009、S013
552,771,109.24708333333334,23.07125,547.9511413574219,S002、S004、S008、S009、S013
552,777,109.24875,23.07125,548.7556610107422,S002、S004、S008、S009、S013
552,783,109.25041666666667,23.07125,537.9245758056641,S002、S004、S008、S009、S013
552,795,109.25375,23.07125,537.4008636474609,S002、S004、S008、S009、S013
552,873,109.27541666666667,23.07125,635.7345886230469,S002、S004、S009、S012、S013
552,879,109.27708333333334,23.07125,661.509033203125,S002、S004、S009、S012、S013
552,885,109.27875,23.07125,695.714111328125,S002、S004、S009、S012、S013
552,891,109.28041666666667,23.07125,750.4478759765625,S002、S004、S009、S012、S013
552,897,109.28208333333333,23.07125,704.1574401855469,S002、S004、S009、S012、S013
552,903,109.28375,23.07125,731.860595703125,S002、S004、S009、S012、S013
552,909,109.28541666666666,23.07125,755.3777160644531,S002、S004、S009、S012、S013
552,915,109.28708333333333,23.07125,791.9109497070312,S002、S004、S009、S012、S013
558,651,109.21375,23.069583333333334,513.9625854492188,S005、S008
558,669,109.21875,23.069583333333334,576.995849609375,S005、S008
558,687,109.22375,23.069583333333334,579.3099670410156,S002、S004、S005、S008
558,693,109.22541666666666,23.069583333333334,623.7495727539062,S002、S004、S005、S008、S009
558,699,109.22708333333334,23.069583333333334,552.1182708740234,S002、S004、S005、S008、S009、S013
558,705,109.22875,23.069583333333334,563.6534118652344,S002、S004、S005、S008、S009、S013
558,711,109.23041666666667,23.069583333333334,599.6614379882812,S002、S004、S005、S008、S009、S013
558,717,109.23208333333334,23.069583333333334,581.6694946289062,S002、S004、S005、S008、S009、S013
558,729,109.23541666666667,23.069583333333334,561.9800415039062,S002、S004、S005、S008、S009、S013
558,741,109.23875,23.069583333333334,502.048583984375,S002、S004、S005、S008、S009、S013
558,747,109.24041666666666,23.069583333333334,538.7652587890625,S002、S004、S005、S008、S009、S013
558,753,109.24208333333334,23.069583333333334,533.9849395751953,S002、S004、S008、S009、S013
558,765,109.24541666666667,23.069583333333334,490.6482391357422,S002、S004、S008、S009、S013
558,771,109.24708333333334,23.069583333333334,539.6656188964844,S002、S004、S008、S009、S013
558,777,109.24875,23.069583333333334,561.1333312988281,S002、S004、S008、S009、S013
558,783,109.25041666666667,23.069583333333334,527.9033355712891,S002、S004、S008、S009、S013
558,873,109.27541666666667,23.069583333333334,638.5574645996094,S002、S004、S009、S012、S013
558,879,109.27708333333334,23.069583333333334,653.4551086425781,S002、S004、S009、S012、S013
558,885,109.27875,23.069583333333334,664.3529663085938,S002、S004、S009、S012、S013
558,891,109.28041666666667,23.069583333333334,708.2541809082031,S002、S004、S009、S012、S013
558,897,109.28208333333333,23.069583333333334,801.2530517578125,S002、S004、S009、S012、S013
558,903,109.28375,23.069583333333334,789.4347839355469,S002、S004、S009、S012、S013
558,909,109.28541666666666,23.069583333333334,859.7918701171875,S002、S004、S009、S012、S013
558,915,109.28708333333333,23.069583333333334,876.0936279296875,S002、S004、S009、S012、S013
558,921,109.28875,23.069583333333334,797.0455017089844,S002、S004、S009、S012、S013
558,927,109.29041666666667,23.069583333333334,786.93896484375,S002、S004、S009、S012、S013
564,639,109.21041666666667,23.06791666666667,592.4444580078125,S005、S008
564,645,109.21208333333334,23.06791666666667,570.1493225097656,S005、S008
564,651,109.21375,23.06791666666667,564.4380493164062,S005、S008
564,657,109.21541666666667,23.06791666666667,541.8647155761719,S005、S008
564,681,109.22208333333333,23.06791666666667,578.2435913085938,S002、S005、S008
564,687,109.22375,23.06791666666667,569.7720336914062,S002、S004、S005、S008
564,693,109.22541666666666,23.06791666666667,574.2191467285156,S002、S004、S005、S008、S013
564,699,109.22708333333334,23.06791666666667,549.6074371337891,S002、S004、S005、S008、S013
564,705,109.22875,23.06791666666667,538.3579711914062,S002、S004、S005、S009、S013
564,711,109.23041666666667,23.06791666666667,614.4943237304688,S002、S004、S005、S008、S009、S013
564,717,109.23208333333334,23.06791666666667,634.3475341796875,S002、S004、S005、S008、S009、S013
564,723,109.23375,23.06791666666667,600.1302795410156,S002、S004、S005、S008、S009、S013
564,729,109.23541666666667,23.06791666666667,570.745849609375,S002、S004、S005、S008、S009、S013
564,735,109.23708333333333,23.06791666666667,547.5972747802734,S002、S004、S005、S008、S009、S013
564,741,109.23875,23.06791666666667,517.1936492919922,S002、S004、S005、S008、S009、S013
564,747,109.24041666666666,23.06791666666667,516.2890930175781,S002、S004、S005、S008、S009、S013
564,753,109.24208333333334,23.06791666666667,530.9821014404297,S002、S004、S005、S008、S009、S013
564,759,109.24375,23.06791666666667,552.1207885742188,S002、S004、S008、S009、S013
564,765,109.24541666666667,23.06791666666667,501.726806640625,S002、S004、S008、S009、S013
564,771,109.24708333333334,23.06791666666667,521.7515411376953,S002、S004、S008、S009、S013
564,777,109.24875,23.06791666666667,553.0600891113281,S002、S004、S008、S009、S013
564,783,109.25041666666667,23.06791666666667,565.2277526855469,S002、S004、S008、S009、S013
564,789,109.25208333333333,23.06791666666667,518.6989898681641,S002、S004、S008、S009、S013
564,873,109.27541666666667,23.06791666666667,632.9649353027344,S002、S004、S009、S012、S013
564,879,109.27708333333334,23.06791666666667,679.8272399902344,S002、S004、S009、S012、S013
564,885,109.27875,23.06791666666667,697.9344787597656,S002、S004、S009、S012、S013
564,891,109.28041666666667,23.06791666666667,770.5319519042969,S002、S004、S009、S012、S013
564,897,109.28208333333333,23.06791666666667,792.0805358886719,S002、S004、S009、S012、S013
564,903,109.28375,23.06791666666667,801.4878845214844,S002、S004、S009、S012、S013
564,909,109.28541666666666,23.06791666666667,799.4067687988281,S002、S004、S009、S012、S013
564,915,109.28708333333333,23.06791666666667,808.3843383789062,S002、S004、S009、S012、S013
564,921,109.28875,23.06791666666667,814.2202758789062,S002、S004、S009、S012、S013
570,573,109.19208333333333,23.06625,1022.5951538085938,S004、S005、S007、S008、S015
570,651,109.21375,23.06625,559.235595703125,S005、S008
570,657,109.21541666666667,23.06625,544.5494842529297,S005、S008
570,663,109.21708333333333,23.06625,530.4466400146484,S005、S008
570,681,109.22208333333333,23.06625,547.1674041748047,S005、S008
570,687,109.22375,23.06625,593.6096801757812,S002、S005、S008、S013
570,693,109.22541666666666,23.06625,546.3122100830078,S002、S004、S005、S008、S013
570,699,109.22708333333334,23.06625,515.0808715820312,S002、S004、S005、S013
570,705,109.22875,23.06625,565.2786254882812,S002、S004、S005、S013
570,711,109.23041666666667,23.06625,595.5559997558594,S002、S004、S005、S008、S009、S013
570,717,109.23208333333334,23.06625,602.2353515625,S002、S004、S005、S009、S013
570,723,109.23375,23.06625,596.940673828125,S002、S004、S005、S008、S009、S013
570,729,109.23541666666667,23.06625,554.2595367431641,S002、S004、S005、S008、S009、S013
570,735,109.23708333333333,23.06625,544.0673980712891,S002、S004、S005、S008、S009、S013
570,741,109.23875,23.06625,518.5367431640625,S002、S004、S005、S008、S009、S013
570,747,109.24041666666666,23.06625,534.232177734375,S002、S004、S005、S008、S009、S013
570,753,109.24208333333334,23.06625,488.89768981933594,S002、S004、S005、S008、S009、S013
570,759,109.24375,23.06625,513.1221160888672,S002、S004、S005、S008、S009、S013
570,765,109.24541666666667,23.06625,481.6238098144531,S002、S004、S008、S009、S013
570,771,109.24708333333334,23.06625,511.4809112548828,S002、S004、S008、S009、S013
570,777,109.24875,23.06625,573.1387634277344,S002、S004、S008、S009、S013
570,783,109.25041666666667,23.06625,542.26513671875,S002、S004、S008、S009、S013
570,789,109.25208333333333,23.06625,538.2920989990234,S002、S004、S008、S009、S013
570,867,109.27375,23.06625,591.47265625,S002、S004、S009、S012、S013
570,873,109.27541666666667,23.06625,584.3941955566406,S002、S004、S009、S012、S013
570,879,109.27708333333334,23.06625,652.4085083007812,S002、S004、S009、S012、S013
570,885,109.27875,23.06625,695.8030090332031,S002、S004、S009、S012、S013
570,891,109.28041666666667,23.06625,721.3790283203125,S002、S004、S009、S012、S013
570,897,109.28208333333333,23.06625,716.2008666992188,S002、S004、S009、S012、S013
570,903,109.28375,23.06625,730.5502624511719,S002、S004、S009、S012、S013
570,915,109.28708333333333,23.06625,760.0319213867188,S002、S004、S009、S012、S013
570,921,109.28875,23.06625,763.4465637207031,S002、S004、S009、S012、S013
576,579,109.19375,23.064583333333335,1011.8947143554688,S005、S007、S008、S015
576,639,109.21041666666667,23.064583333333335,614.7743835449219,S005、S008
576,645,109.21208333333334,23.064583333333335,596.3250122070312,S005、S008
576,651,109.21375,23.064583333333335,537.2730865478516,S005、S008
576,657,109.21541666666667,23.064583333333335,500.98638916015625,S005、S008
576,675,109.22041666666667,23.064583333333335,527.6108551025391,S002、S005、S008
576,681,109.22208333333333,23.064583333333335,590.415283203125,S002、S005、S008
576,687,109.22375,23.064583333333335,585.7411193847656,S002、S005、S013
576,693,109.22541666666666,23.064583333333335,570.4949951171875,S002、S005、S013
576,699,109.22708333333334,23.064583333333335,502.25726318359375,S002、S004、S005、S013
576,705,109.22875,23.064583333333335,536.2071838378906,S002、S004、S005、S013
576,711,109.23041666666667,23.064583333333335,557.4981689453125,S002、S004、S005、S013
576,717,109.23208333333334,23.064583333333335,545.8622894287109,S002、S004、S005、S009、S013
576,723,109.23375,23.064583333333335,611.4945983886719,S002、S004、S005、S009、S013
576,729,109.23541666666667,23.064583333333335,581.4636535644531,S002、S004、S005、S009、S013
576,735,109.23708333333333,23.064583333333335,606.3603820800781,S002、S004、S005、S008、S009、S013
576,741,109.23875,23.064583333333335,571.4971008300781,S002、S004、S005、S008、S009、S013
576,747,109.24041666666666,23.064583333333335,580.3056640625,S002、S004、S005、S008、S009、S013
576,753,109.24208333333334,23.064583333333335,529.7956237792969,S002、S004、S005、S008、S009、S013
576,759,109.24375,23.064583333333335,520.1449584960938,S002、S004、S005、S008、S009、S013
576,765,109.24541666666667,23.064583333333335,479.2891082763672,S002、S004、S008、S009、S013
576,771,109.24708333333334,23.064583333333335,491.7908020019531,S002、S004、S008、S009、S013
576,777,109.24875,23.064583333333335,497.1761779785156,S002、S004、S008、S009、S013
576,783,109.25041666666667,23.064583333333335,532.5062103271484,S002、S004、S008、S009、S013
576,855,109.27041666666666,23.064583333333335,616.4982604980469,S002、S004、S008、S009、S012、S013
576,861,109.27208333333333,23.064583333333335,572.5509948730469,S002、S004、S009、S012、S013
576,867,109.27375,23.064583333333335,562.5995178222656,S002、S004、S009、S012、S013
576,873,109.27541666666667,23.064583333333335,604.2566528320312,S002、S004、S009、S012、S013
576,879,109.27708333333334,23.064583333333335,616.2855224609375,S002、S004、S009、S012、S013
582,585,109.19541666666667,23.062916666666666,1038.1668090820312,S005、S007、S008、S009、S015
582,591,109.19708333333334,23.062916666666666,955.468017578125,S005、S007、S008、S009、S015
582,597,109.19875,23.062916666666666,876.0557250976562,S002、S005、S007、S008、S009、S015
582,603,109.20041666666667,23.062916666666666,821.3607788085938,S002、S005、S007、S008、S015
582,645,109.21208333333334,23.062916666666666,602.5328979492188,S002、S005、S008
582,651,109.21375,23.062916666666666,557.9451599121094,S002、S005、S008
582,657,109.21541666666667,23.062916666666666,538.8493957519531,S002、S005、S008
582,663,109.21708333333333,23.062916666666666,492.0325164794922,S005、S008
582,669,109.21875,23.062916666666666,503.99058532714844,S005、S008
582,675,109.22041666666667,23.062916666666666,483.6298828125,S005
582,681,109.22208333333333,23.062916666666666,552.9577331542969,S002、S005、S013
582,687,109.22375,23.062916666666666,536.4698944091797,S002、S005、S013
582,693,109.22541666666666,23.062916666666666,577.1336975097656,S002、S005、S013
582,699,109.22708333333334,23.062916666666666,542.5022125244141,S002、S005、S013
582,705,109.22875,23.062916666666666,538.0596771240234,S002、S004、S005、S013
582,711,109.23041666666667,23.062916666666666,548.8050994873047,S002、S004、S005、S013
582,717,109.23208333333334,23.062916666666666,549.5832672119141,S002、S004、S005、S013
582,723,109.23375,23.062916666666666,558.0280151367188,S002、S004、S005、S009、S013
582,729,109.23541666666667,23.062916666666666,576.4468688964844,S002、S004、S005、S009、S013
582,735,109.23708333333333,23.062916666666666,630.49853515625,S002、S004、S005、S009、S013
582,741,109.23875,23.062916666666666,584.7214660644531,S002、S004、S005、S009、S013
582,747,109.24041666666666,23.062916666666666,632.3491516113281,S002、S004、S005、S008、S009、S013
582,753,109.24208333333334,23.062916666666666,591.3074645996094,S002、S004、S005、S008、S009、S013
582,759,109.24375,23.062916666666666,568.9168090820312,S002、S004、S005、S008、S009、S013
582,765,109.24541666666667,23.062916666666666,524.7810363769531,S002、S004、S005、S008、S009、S013
582,771,109.24708333333334,23.062916666666666,549.2232513427734,S002、S004、S008、S009、S013
582,777,109.24875,23.062916666666666,485.3499755859375,S002、S008、S009、S013
582,783,109.25041666666667,23.062916666666666,539.0038909912109,S002、S008、S009、S013
582,849,109.26875,23.062916666666666,582.6707458496094,S002、S004、S008、S009、S012、S013
582,855,109.27041666666666,23.062916666666666,588.8787536621094,S002、S004、S008、S009、S012、S013
582,861,109.27208333333333,23.062916666666666,613.6076049804688,S002、S004、S009、S012、S013
582,867,109.27375,23.062916666666666,593.9544677734375,S002、S004、S009、S012、S013
582,873,109.27541666666667,23.062916666666666,581.5076904296875,S002、S004、S009、S012、S013
582,885,109.27875,23.062916666666666,656.8605346679688,S002、S004、S009、S012、S013
588,585,109.19541666666667,23.06125,911.4015502929688,S005、S007、S008、S009、S015
588,591,109.19708333333334,23.06125,992.9348754882812,S005、S007、S008、S009、S015
588,597,109.19875,23.06125,962.4613647460938,S002、S005、S007、S008、S009、S015
588,603,109.20041666666667,23.06125,872.9449462890625,S002、S005、S007、S008、S009、S015
588,639,109.21041666666667,23.06125,604.3816223144531,S002、S005、S008
588,645,109.21208333333334,23.06125,544.0754241943359,S005
588,651,109.21375,23.06125,513.3748168945312,S005
588,657,109.21541666666667,23.06125,515.7327575683594,S002、S005
588,663,109.21708333333333,23.06125,544.3967895507812,S002、S005
588,669,109.21875,23.06125,490.34710693359375,S002、S005
588,675,109.22041666666667,23.06125,503.00914001464844,S002、S005、S013
588,681,109.22208333333333,23.06125,525.8860778808594,S002、S005、S013
588,687,109.22375,23.06125,546.2854461669922,S002、S005、S013
588,693,109.22541666666666,23.06125,535.9454193115234,S002、S005、S013
588,699,109.22708333333334,23.06125,524.1559906005859,S002、S005、S013
588,705,109.22875,23.06125,527.7822570800781,S002、S005、S013
588,711,109.23041666666667,23.06125,523.6022491455078,S002、S005、S009、S013
588,717,109.23208333333334,23.06125,572.5678405761719,S002、S004、S005、S009、S013
588,723,109.23375,23.06125,618.5484313964844,S002、S004、S005、S009、S013
588,729,109.23541666666667,23.06125,618.529296875,S002、S004、S005、S009、S013
588,735,109.23708333333333,23.06125,657.6369323730469,S002、S004、S005、S009、S013
588,741,109.23875,23.06125,594.2005004882812,S002、S004、S005、S009、S013
588,747,109.24041666666666,23.06125,641.905517578125,S002、S004、S005、S009、S013
588,753,109.24208333333334,23.06125,576.0179748535156,S002、S004、S005、S009、S013
588,759,109.24375,23.06125,565.4441528320312,S002、S004、S005、S009、S013
588,765,109.24541666666667,23.06125,565.9783630371094,S002、S005、S009、S013
588,771,109.24708333333334,23.06125,564.8375244140625,S002、S004、S008、S009、S013
588,777,109.24875,23.06125,476.57286071777344,S002、S008、S009、S013
588,783,109.25041666666667,23.06125,476.29359436035156,S002、S008、S009、S013
588,789,109.25208333333333,23.06125,475.17396545410156,S002、S008、S009、S013
588,855,109.27041666666666,23.06125,592.6304931640625,S002、S004、S008、S009、S012、S013
588,861,109.27208333333333,23.06125,626.4535217285156,S002、S004、S009、S012、S013
588,867,109.27375,23.06125,652.7650756835938,S002、S004、S009、S012、S013
588,873,109.27541666666667,23.06125,631.4865112304688,S002、S004、S009、S012、S013
594,591,109.19708333333334,23.059583333333332,932.3192138671875,S005、S007、S008、S009、S015
594,597,109.19875,23.059583333333332,951.023193359375,S005、S007、S008、S009、S015
594,603,109.20041666666667,23.059583333333332,859.5205078125,S002、S005、S008、S009、S015
594,621,109.20541666666666,23.059583333333332,658.1129150390625,S002、S005、S008、S015
594,627,109.20708333333333,23.059583333333332,633.3009948730469,S002、S005、S008、S015
594,633,109.20875,23.059583333333332,597.21435546875,S002、S005、S008
594,639,109.21041666666667,23.059583333333332,579.567626953125,S002、S005、S008
594,645,109.21208333333334,23.059583333333332,551.0904235839844,S002、S005
594,651,109.21375,23.059583333333332,583.0812377929688,S002、S005
594,657,109.21541666666667,23.059583333333332,552.8878021240234,S002、S005
594,663,109.21708333333333,23.059583333333332,549.6377410888672,S002、S005
594,669,109.21875,23.059583333333332,477.05128479003906,S005、S013
594,675,109.22041666666667,23.059583333333332,500.44102478027344,S002、S005、S013
594,681,109.22208333333333,23.059583333333332,479.7959747314453,S002、S005、S013
594,687,109.22375,23.059583333333332,484.0093994140625,S002、S005、S013
594,693,109.22541666666666,23.059583333333332,505.90074157714844,S002、S005、S013
594,699,109.22708333333334,23.059583333333332,556.2891235351562,S002、S005、S009、S013
594,705,109.22875,23.059583333333332,482.8868713378906,S002、S005、S013
594,711,109.23041666666667,23.059583333333332,571.6955261230469,S002、S005、S009、S013
594,717,109.23208333333334,23.059583333333332,547.9078216552734,S002、S005、S009、S013
594,723,109.23375,23.059583333333332,600.2154541015625,S002、S005、S009、S013
594,729,109.23541666666667,23.059583333333332,610.8458862304688,S002、S005、S009、S013
594,735,109.23708333333333,23.059583333333332,636.3731079101562,S002、S005、S009、S013
594,741,109.23875,23.059583333333332,632.4978637695312,S002、S005、S009、S013
594,747,109.24041666666666,23.059583333333332,649.6576538085938,S002、S005、S009、S013
594,753,109.24208333333334,23.059583333333332,634.99169921875,S002、S005、S009、S013
594,759,109.24375,23.059583333333332,596.0261840820312,S002、S005、S009、S013
594,765,109.24541666666667,23.059583333333332,572.21240234375,S002、S005、S009、S013
594,771,109.24708333333334,23.059583333333332,557.6957397460938,S002、S009、S013
594,777,109.24875,23.059583333333332,557.9994812011719,S002、S008、S009、S013
594,783,109.25041666666667,23.059583333333332,532.6284637451172,S002、S009、S013
594,789,109.25208333333333,23.059583333333332,507.0240478515625,S002、S008、S009、S013
594,795,109.25375,23.059583333333332,558.3594665527344,S002、S008、S009、S013
594,801,109.25541666666666,23.059583333333332,495.9686279296875,S002、S008、S009、S013
594,849,109.26875,23.059583333333332,526.9966430664062,S002、S004、S008、S009、S012、S013
594,855,109.27041666666666,23.059583333333332,582.1050109863281,S002、S004、S009、S012、S013
594,861,109.27208333333333,23.059583333333332,571.3976135253906,S002、S004、S009、S012、S013
594,867,109.27375,23.059583333333332,577.2618103027344,S002、S004、S009、S012、S013
600,597,109.19875,23.057916666666667,950.663818359375,S005、S007、S008、S009、S015
600,603,109.20041666666667,23.057916666666667,878.2556762695312,S002、S005、S008、S009、S015
600,609,109.20208333333333,23.057916666666667,788.337890625,S002、S005、S008、S009、S015
600,615,109.20375,23.057916666666667,725.9067687988281,S002、S005、S008、S009、S015
600,621,109.20541666666666,23.057916666666667,662.9916076660156,S002、S005、S008、S015
600,627,109.20708333333333,23.057916666666667,644.7535400390625,S002、S005、S008、S015
600,633,109.20875,23.057916666666667,597.7627868652344,S002、S005、S008、S015
600,639,109.21041666666667,23.057916666666667,588.6067199707031,S002、S005、S008
600,645,109.21208333333334,23.057916666666667,557.0787048339844,S002、S005
600,651,109.21375,23.057916666666667,605.2623291015625,S002、S005
600,657,109.21541666666667,23.057916666666667,563.5939636230469,S002、S005
600,663,109.21708333333333,23.057916666666667,574.5195922851562,S002、S005
600,669,109.21875,23.057916666666667,525.6945190429688,S002、S005、S013
600,675,109.22041666666667,23.057916666666667,544.7985382080078,S002、S005、S013
600,681,109.22208333333333,23.057916666666667,560.5593872070312,S002、S005、S009、S013
600,687,109.22375,23.057916666666667,494.2191619873047,S002、S005、S013
600,693,109.22541666666666,23.057916666666667,482.3410339355469,S002、S005、S013
600,699,109.22708333333334,23.057916666666667,470.6973419189453,S002、S005、S013
600,705,109.22875,23.057916666666667,481.4081726074219,S002、S005、S013
600,711,109.23041666666667,23.057916666666667,527.3831176757812,S002、S005、S009、S013
600,717,109.23208333333334,23.057916666666667,585.4405822753906,S002、S005、S009、S013
600,723,109.23375,23.057916666666667,601.8761596679688,S002、S005、S009、S013
600,729,109.23541666666667,23.057916666666667,576.7202758789062,S002、S005、S009、S013
600,735,109.23708333333333,23.057916666666667,606.1900024414062,S002、S005、S009、S013
600,741,109.23875,23.057916666666667,617.5885314941406,S002、S005、S009、S013
600,747,109.24041666666666,23.057916666666667,641.5480346679688,S002、S005、S009、S013
600,753,109.24208333333334,23.057916666666667,620.143310546875,S002、S005、S009、S013
600,759,109.24375,23.057916666666667,588.1992797851562,S002、S005、S009、S013
600,765,109.24541666666667,23.057916666666667,596.9918212890625,S002、S005、S009、S013
600,771,109.24708333333334,23.057916666666667,615.0412292480469,S002、S005、S009、S013
600,777,109.24875,23.057916666666667,580.9697265625,S002、S009、S013
600,783,109.25041666666667,23.057916666666667,511.2048034667969,S002、S009、S013
600,789,109.25208333333333,23.057916666666667,474.2294921875,S002、S009、S013
600,795,109.25375,23.057916666666667,521.3076477050781,S002、S009、S013
600,801,109.25541666666666,23.057916666666667,489.40521240234375,S002、S008、S009、S013
600,807,109.25708333333333,23.057916666666667,540.2855529785156,S002、S008、S009、S013
600,813,109.25875,23.057916666666667,555.2686767578125,S002、S008、S009、S013
600,819,109.26041666666667,23.057916666666667,557.7337646484375,S002、S008、S009、S013
600,825,109.26208333333334,23.057916666666667,571.9541320800781,S002、S008、S009、S013
600,831,109.26375,23.057916666666667,576.205322265625,S002、S008、S009、S013
600,837,109.26541666666667,23.057916666666667,578.3966064453125,S002、S004、S008、S009、S012、S013
600,843,109.26708333333333,23.057916666666667,549.2872924804688,S002、S004、S008、S009、S012、S013
600,849,109.26875,23.057916666666667,526.9518890380859,S002、S008、S009、S012、S013
600,855,109.27041666666666,23.057916666666667,531.5965423583984,S002、S004、S009、S012、S013
600,861,109.27208333333333,23.057916666666667,524.9268798828125,S002、S004、S009、S012、S013
606,597,109.19875,23.056250000000002,948.6868286132812,S005、S007、S008、S009、S015
606,603,109.20041666666667,23.056250000000002,949.565185546875,S002、S005、S007、S008、S009、S015
606,609,109.20208333333333,23.056250000000002,840.038330078125,S002、S005、S008、S009、S015
606,615,109.20375,23.056250000000002,750.4378051757812,S002、S005、S008、S009、S015
606,621,109.20541666666666,23.056250000000002,683.214111328125,S002、S005、S008、S009、S015
606,627,109.20708333333333,23.056250000000002,664.1626892089844,S002、S005、S008、S009、S015
606,633,109.20875,23.056250000000002,600.1562194824219,S002、S005、S008、S015
606,639,109.21041666666667,23.056250000000002,606.6518249511719,S002、S005、S009
606,645,109.21208333333334,23.056250000000002,573.1408996582031,S002、S005
606,651,109.21375,23.056250000000002,586.7227478027344,S002、S005、S009
606,657,109.21541666666667,23.056250000000002,600.4178161621094,S002、S005、S009
606,663,109.21708333333333,23.056250000000002,617.3792114257812,S002、S005、S009、S013
606,669,109.21875,23.056250000000002,575.5279235839844,S002、S005、S009、S013
606,675,109.22041666666667,23.056250000000002,595.4139099121094,S002、S005、S009、S013
606,681,109.22208333333333,23.056250000000002,576.4656982421875,S002、S005、S009、S013
606,687,109.22375,23.056250000000002,500.46568298339844,S002、S005、S009、S013
606,693,109.22541666666666,23.056250000000002,500.94305419921875,S002、S005、S009、S013
606,699,109.22708333333334,23.056250000000002,501.6470489501953,S002、S005、S009、S013
606,705,109.22875,23.056250000000002,463.6245574951172,S002、S005、S013
606,711,109.23041666666667,23.056250000000002,513.4242706298828,S002、S005、S009、S013
606,717,109.23208333333334,23.056250000000002,514.9794464111328,S002、S005、S009、S013
606,723,109.23375,23.056250000000002,582.3197326660156,S002、S005、S009、S013
606,729,109.23541666666667,23.056250000000002,553.3007507324219,S002、S005、S009、S013
606,735,109.23708333333333,23.056250000000002,591.1455383300781,S002、S005、S009、S013
606,741,109.23875,23.056250000000002,569.7223205566406,S002、S005、S009、S013
606,747,109.24041666666666,23.056250000000002,611.1403198242188,S002、S005、S009、S013
606,753,109.24208333333334,23.056250000000002,557.5390930175781,S002、S005、S009、S013
606,759,109.24375,23.056250000000002,557.26708984375,S002、S005、S009、S013
606,765,109.24541666666667,23.056250000000002,545.7214050292969,S002、S005、S009、S013
606,771,109.24708333333334,23.056250000000002,556.0814819335938,S002、S005、S009、S013
606,777,109.24875,23.056250000000002,579.8084716796875,S002、S005、S009、S013
606,783,109.25041666666667,23.056250000000002,550.873779296875,S002、S009、S013
606,789,109.25208333333333,23.056250000000002,509.8772735595703,S002、S009、S013
606,795,109.25375,23.056250000000002,511.4163360595703,S002、S009、S013
606,801,109.25541666666666,23.056250000000002,514.5205078125,S002、S009、S013
606,807,109.25708333333333,23.056250000000002,497.6984100341797,S002、S009、S013
606,813,109.25875,23.056250000000002,534.2065124511719,S002、S008、S009、S013
606,819,109.26041666666667,23.056250000000002,526.8444213867188,S002、S008、S009、S013
606,825,109.26208333333334,23.056250000000002,530.4739685058594,S002、S008、S009、S013
606,831,109.26375,23.056250000000002,546.1795806884766,S002、S008、S009、S013
606,837,109.26541666666667,23.056250000000002,597.9576416015625,S002、S008、S009、S012、S013
606,843,109.26708333333333,23.056250000000002,599.5485229492188,S002、S004、S008、S009、S012、S013
606,849,109.26875,23.056250000000002,536.4781341552734,S002、S009、S012、S013
606,855,109.27041666666666,23.056250000000002,555.0397186279297,S002、S004、S009、S012、S013
612,591,109.19708333333334,23.054583333333333,860.605224609375,S005、S007、S008、S009、S015
612,597,109.19875,23.054583333333333,828.2155151367188,S005、S007、S008、S009、S015
612,603,109.20041666666667,23.054583333333333,899.3327026367188,S002、S005、S007、S008、S009、S015
612,609,109.20208333333333,23.054583333333333,887.2333374023438,S002、S005、S007、S008、S009、S015
612,615,109.20375,23.054583333333333,770.3943481445312,S002、S005、S008、S009、S015
612,621,109.20541666666666,23.054583333333333,702.9089050292969,S002、S005、S008、S009、S015
612,627,109.20708333333333,23.054583333333333,666.2480773925781,S002、S005、S008、S009、S015
612,633,109.20875,23.054583333333333,646.443115234375,S002、S005、S008、S009、S015
612,639,109.21041666666667,23.054583333333333,614.0018920898438,S002、S005、S009、S015
612,645,109.21208333333334,23.054583333333333,603.1604919433594,S002、S005、S009
612,651,109.21375,23.054583333333333,596.6090698242188,S002、S005、S009
612,657,109.21541666666667,23.054583333333333,645.4614562988281,S002、S005、S009
612,663,109.21708333333333,23.054583333333333,643.0962829589844,S002、S005、S009、S013
612,669,109.21875,23.054583333333333,615.8501892089844,S002、S005、S009、S013
612,675,109.22041666666667,23.054583333333333,561.0271606445312,S002、S005、S009、S013
612,681,109.22208333333333,23.054583333333333,564.4329833984375,S002、S005、S009、S013
612,687,109.22375,23.054583333333333,545.0141906738281,S002、S005、S009、S013
612,693,109.22541666666666,23.054583333333333,498.74351501464844,S002、S005、S009、S013
612,699,109.22708333333334,23.054583333333333,491.02403259277344,S002、S005、S009、S013
612,705,109.22875,23.054583333333333,460.7109375,S002、S005、S009、S013
612,711,109.23041666666667,23.054583333333333,495.6024169921875,S002、S005、S009、S013
612,717,109.23208333333334,23.054583333333333,528.0856628417969,S002、S005、S009、S013
612,723,109.23375,23.054583333333333,531.1929016113281,S002、S005、S009、S013
612,729,109.23541666666667,23.054583333333333,574.9156494140625,S002、S005、S009、S013
612,735,109.23708333333333,23.054583333333333,563.1089477539062,S002、S005、S009、S013
612,741,109.23875,23.054583333333333,589.8715515136719,S002、S005、S009、S013
612,747,109.24041666666666,23.054583333333333,590.9529418945312,S002、S005、S009、S013
612,753,109.24208333333334,23.054583333333333,580.8203125,S002、S005、S009、S013
612,759,109.24375,23.054583333333333,539.0131530761719,S002、S005、S009、S013
612,765,109.24541666666667,23.054583333333333,513.8702545166016,S002、S005、S009、S013
612,771,109.24708333333334,23.054583333333333,531.8488159179688,S002、S005、S009、S013
612,777,109.24875,23.054583333333333,524.564208984375,S002、S005、S009、S013
612,783,109.25041666666667,23.054583333333333,486.3654022216797,S002、S009、S013
612,789,109.25208333333333,23.054583333333333,465.8334655761719,S002、S009、S013
612,795,109.25375,23.054583333333333,467.860595703125,S002、S009、S013
612,801,109.25541666666666,23.054583333333333,512.6611785888672,S002、S009、S013
612,807,109.25708333333333,23.054583333333333,553.4475555419922,S002、S009、S013
612,813,109.25875,23.054583333333333,544.6878356933594,S002、S009、S013
612,819,109.26041666666667,23.054583333333333,565.1613159179688,S002、S009、S013
612,825,109.26208333333334,23.054583333333333,563.5687561035156,S002、S008、S009、S013
612,831,109.26375,23.054583333333333,576.06298828125,S002、S008、S009、S013
612,837,109.26541666666667,23.054583333333333,576.0570373535156,S002、S008、S009、S012、S013
612,843,109.26708333333333,23.054583333333333,604.1300048828125,S002、S008、S009、S012、S013
612,849,109.26875,23.054583333333333,543.8043060302734,S002、S009、S012、S013
612,855,109.27041666666666,23.054583333333333,602.4363708496094,S002、S004、S009、S012、S013
612,861,109.27208333333333,23.054583333333333,603.4510192871094,S002、S004、S009、S012、S013
618,579,109.19375,23.05291666666667,893.5733032226562,S003、S005、S007、S008、S009、S015
618,585,109.19541666666667,23.05291666666667,863.4612426757812,S005、S007、S008、S009、S015
618,591,109.19708333333334,23.05291666666667,813.171875,S005、S007、S008、S009、S015
618,597,109.19875,23.05291666666667,806.6301574707031,S005、S008、S009、S015
618,603,109.20041666666667,23.05291666666667,871.226318359375,S003、S005、S007、S008、S009、S015
618,609,109.20208333333333,23.05291666666667,911.2591552734375,S002、S003、S005、S007、S008、S009、S015
618,615,109.20375,23.05291666666667,804.6656799316406,S002、S005、S008、S009、S015
618,621,109.20541666666666,23.05291666666667,737.6255798339844,S002、S005、S008、S009、S015
618,627,109.20708333333333,23.05291666666667,681.4155883789062,S002、S005、S008、S009、S015
618,633,109.20875,23.05291666666667,697.8216247558594,S002、S005、S008、S009、S015
618,639,109.21041666666667,23.05291666666667,678.9745483398438,S002、S005、S009、S015
618,645,109.21208333333334,23.05291666666667,617.922119140625,S002、S005、S009
618,651,109.21375,23.05291666666667,634.2843627929688,S002、S005、S009
618,657,109.21541666666667,23.05291666666667,642.9167175292969,S002、S005、S009、S013
618,663,109.21708333333333,23.05291666666667,599.7514038085938,S002、S005、S009、S013
618,669,109.21875,23.05291666666667,575.9780883789062,S002、S005、S009、S013
618,675,109.22041666666667,23.05291666666667,555.9374237060547,S002、S005、S009、S013
618,681,109.22208333333333,23.05291666666667,521.9208679199219,S002、S005、S009、S013
618,687,109.22375,23.05291666666667,524.0391235351562,S002、S005、S009、S013
618,693,109.22541666666666,23.05291666666667,511.1617431640625,S002、S005、S009、S013
618,699,109.22708333333334,23.05291666666667,500.2727508544922,S002、S005、S009、S013
618,705,109.22875,23.05291666666667,491.8468322753906,S002、S005、S009、S013
618,711,109.23041666666667,23.05291666666667,459.3192596435547,S002、S005、S009、S013
618,717,109.23208333333334,23.05291666666667,506.94517517089844,S002、S005、S009、S013
618,723,109.23375,23.05291666666667,567.9519958496094,S002、S005、S009、S013
618,729,109.23541666666667,23.05291666666667,529.4817047119141,S002、S005、S009、S013
618,735,109.23708333333333,23.05291666666667,569.38916015625,S002、S005、S009、S013
618,741,109.23875,23.05291666666667,597.1713256835938,S002、S005、S009、S013
618,747,109.24041666666666,23.05291666666667,539.8717498779297,S002、S005、S009、S013
618,753,109.24208333333334,23.05291666666667,556.134765625,S002、S005、S009、S013
618,759,109.24375,23.05291666666667,538.447509765625,S002、S005、S009、S013
618,765,109.24541666666667,23.05291666666667,550.6346130371094,S002、S005、S009、S013
618,771,109.24708333333334,23.05291666666667,538.1957550048828,S002、S005、S009、S013
618,777,109.24875,23.05291666666667,522.7344665527344,S002、S005、S009、S013
618,783,109.25041666666667,23.05291666666667,503.1654815673828,S002、S005、S009、S013
618,789,109.25208333333333,23.05291666666667,483.16822814941406,S009、S013
618,795,109.25375,23.05291666666667,485.7782897949219,S002、S009、S013
618,801,109.25541666666666,23.05291666666667,538.3370208740234,S002、S005、S009、S013
618,807,109.25708333333333,23.05291666666667,555.5518188476562,S002、S009、S013
618,813,109.25875,23.05291666666667,552.8525085449219,S002、S009、S013
618,819,109.26041666666667,23.05291666666667,580.8120422363281,S002、S009、S013
618,825,109.26208333333334,23.05291666666667,581.8402709960938,S002、S009、S013
618,831,109.26375,23.05291666666667,570.7974853515625,S002、S009、S013
618,837,109.26541666666667,23.05291666666667,572.3822631835938,S002、S008、S009、S012、S013
618,843,109.26708333333333,23.05291666666667,610.4680480957031,S002、S009、S012、S013
618,849,109.26875,23.05291666666667,567.2662353515625,S002、S009、S012、S013
618,855,109.27041666666666,23.05291666666667,608.8136596679688,S002、S009、S012、S013
618,861,109.27208333333333,23.05291666666667,669.0531005859375,S002、S004、S009、S012、S013
618,867,109.27375,23.05291666666667,644.0302734375,S002、S004、S009、S012、S013
618,873,109.27541666666667,23.05291666666667,613.9661560058594,S004、S009、S012、S013
618,939,109.29375,23.05291666666667,624.7066345214844,S009、S012、S013
624,573,109.19208333333333,23.05125,797.2888488769531,S005、S007、S015
624,579,109.19375,23.05125,798.8224487304688,S003、S005、S007、S009、S015
624,585,109.19541666666667,23.05125,790.4410400390625,S005、S007、S009、S015
624,591,109.19708333333334,23.05125,760.33056640625,S005、S007、S009、S015
624,597,109.19875,23.05125,772.4308471679688,S005、S008、S009、S015
624,603,109.20041666666667,23.05125,806.48046875,S003、S005、S007、S008、S009、S015
624,609,109.20208333333333,23.05125,833.57568359375,S002、S003、S005、S007、S008、S009、S015
624,615,109.20375,23.05125,825.2803955078125,S002、S003、S005、S007、S008、S009、S015
624,621,109.20541666666666,23.05125,810.6139831542969,S002、S005、S007、S008、S009、S015
624,627,109.20708333333333,23.05125,771.0432739257812,S002、S005、S008、S009、S015
624,633,109.20875,23.05125,746.9261169433594,S002、S005、S008、S009、S015
624,639,109.21041666666667,23.05125,675.0444641113281,S002、S005、S009、S015
624,645,109.21208333333334,23.05125,638.86962890625,S002、S005、S009、S015
624,651,109.21375,23.05125,650.3142395019531,S002、S005、S009、S015
624,657,109.21541666666667,23.05125,638.4306640625,S002、S005、S009、S013、S015
624,663,109.21708333333333,23.05125,587.6917114257812,S002、S005、S009、S013
624,669,109.21875,23.05125,585.4976806640625,S002、S005、S009、S013
624,675,109.22041666666667,23.05125,565.5967102050781,S002、S005、S009、S013
624,681,109.22208333333333,23.05125,588.7475891113281,S002、S005、S009、S013
624,687,109.22375,23.05125,562.6309814453125,S002、S005、S009、S013
624,693,109.22541666666666,23.05125,535.5948791503906,S002、S005、S009、S013
624,699,109.22708333333334,23.05125,535.5597534179688,S002、S005、S009、S013
624,705,109.22875,23.05125,536.0054626464844,S002、S005、S009、S013
624,711,109.23041666666667,23.05125,462.39866638183594,S002、S005、S009、S013
624,717,109.23208333333334,23.05125,510.5897521972656,S002、S005、S009、S013
624,723,109.23375,23.05125,522.3395233154297,S002、S005、S009、S013
624,729,109.23541666666667,23.05125,573.4190673828125,S002、S005、S009、S013
624,735,109.23708333333333,23.05125,575.1294860839844,S002、S005、S009、S013
624,741,109.23875,23.05125,588.3114624023438,S002、S005、S009、S013
624,747,109.24041666666666,23.05125,596.8999633789062,S002、S005、S009、S013
624,753,109.24208333333334,23.05125,566.4163818359375,S002、S005、S009、S013
624,759,109.24375,23.05125,569.1198425292969,S002、S005、S009、S013
624,765,109.24541666666667,23.05125,510.61962890625,S002、S005、S009、S013
624,771,109.24708333333334,23.05125,513.4931030273438,S002、S005、S009、S013
624,777,109.24875,23.05125,494.84564208984375,S005、S009、S013
624,783,109.25041666666667,23.05125,466.14239501953125,S009、S013
624,789,109.25208333333333,23.05125,498.59967041015625,S002、S009、S013
624,795,109.25375,23.05125,522.1521148681641,S002、S009、S013
624,801,109.25541666666666,23.05125,517.9082489013672,S002、S009、S013
624,807,109.25708333333333,23.05125,527.3035583496094,S002、S009、S013
624,813,109.25875,23.05125,542.8270874023438,S002、S009、S013
624,819,109.26041666666667,23.05125,541.4669036865234,S002、S009、S013
624,825,109.26208333333334,23.05125,531.57568359375,S002、S009、S013
624,831,109.26375,23.05125,539.6032409667969,S002、S009、S013
624,837,109.26541666666667,23.05125,557.1234130859375,S002、S009、S012、S013
624,843,109.26708333333333,23.05125,611.3020935058594,S002、S009、S012、S013
624,849,109.26875,23.05125,617.7164001464844,S002、S009、S012、S013
624,855,109.27041666666666,23.05125,659.3544921875,S002、S009、S012、S013
624,861,109.27208333333333,23.05125,686.0597839355469,S002、S009、S012、S013
624,867,109.27375,23.05125,643.0320129394531,S002、S004、S009、S012、S013
630,567,109.19041666666666,23.049583333333334,746.2415161132812,S003、S007、S015
630,573,109.19208333333333,23.049583333333334,744.1289367675781,S003、S007、S015
630,579,109.19375,23.049583333333334,747.8174438476562,S003、S005、S007、S009、S015
630,585,109.19541666666667,23.049583333333334,740.1148986816406,S003、S005、S007、S009、S015
630,591,109.19708333333334,23.049583333333334,718.1123657226562,S005、S007、S009、S015
630,597,109.19875,23.049583333333334,735.2801208496094,S005、S008、S009、S015
630,603,109.20041666666667,23.049583333333334,749.800048828125,S003、S005、S008、S009、S015
630,609,109.20208333333333,23.049583333333334,776.7627868652344,S002、S003、S005、S007、S008、S009、S015
630,615,109.20375,23.049583333333334,801.6806030273438,S002、S003、S005、S007、S008、S009、S015
630,621,109.20541666666666,23.049583333333334,791.8524780273438,S002、S003、S005、S007、S008、S009、S015
630,627,109.20708333333333,23.049583333333334,715.5784912109375,S002、S003、S005、S008、S009、S015
630,633,109.20875,23.049583333333334,678.8565979003906,S002、S005、S008、S009、S015
630,639,109.21041666666667,23.049583333333334,662.1062927246094,S002、S005、S009、S015
630,645,109.21208333333334,23.049583333333334,604.8616638183594,S002、S005、S009、S015
630,651,109.21375,23.049583333333334,623.9977111816406,S002、S005、S009、S013、S015
630,657,109.21541666666667,23.049583333333334,609.5153503417969,S002、S005、S009、S013、S015
630,663,109.21708333333333,23.049583333333334,628.2996215820312,S002、S005、S009、S013、S015
630,669,109.21875,23.049583333333334,626.9365234375,S002、S005、S009、S013、S015
630,675,109.22041666666667,23.049583333333334,605.3985900878906,S002、S005、S009、S013、S015
630,681,109.22208333333333,23.049583333333334,541.2684631347656,S002、S005、S009、S013
630,687,109.22375,23.049583333333334,536.5137481689453,S002、S005、S009、S013
630,693,109.22541666666666,23.049583333333334,538.8177947998047,S002、S005、S009、S013
630,699,109.22708333333334,23.049583333333334,542.0664520263672,S002、S005、S009、S013
630,705,109.22875,23.049583333333334,496.20591735839844,S002、S005、S009、S013
630,711,109.23041666666667,23.049583333333334,479.7462615966797,S002、S005、S009、S013
630,717,109.23208333333334,23.049583333333334,487.9442901611328,S002、S005、S009、S013
630,723,109.23375,23.049583333333334,557.1041259765625,S002、S005、S009、S013
630,729,109.23541666666667,23.049583333333334,581.9906921386719,S002、S005、S009、S013
630,735,109.23708333333333,23.049583333333334,624.2815246582031,S002、S005、S009、S013
630,741,109.23875,23.049583333333334,557.9705505371094,S002、S005、S009、S013
630,747,109.24041666666666,23.049583333333334,602.9156188964844,S002、S005、S009、S013
630,753,109.24208333333334,23.049583333333334,579.1739807128906,S002、S005、S009、S013
630,759,109.24375,23.049583333333334,531.5478668212891,S002、S005、S009、S013
630,765,109.24541666666667,23.049583333333334,487.5685729980469,S002、S005、S009、S013
630,771,109.24708333333334,23.049583333333334,485.9305877685547,S005、S009、S013
630,777,109.24875,23.049583333333334,471.0696105957031,S009、S013
630,783,109.25041666666667,23.049583333333334,500.4180450439453,S005、S009、S013
630,789,109.25208333333333,23.049583333333334,536.7051849365234,S002、S005、S009、S013
630,795,109.25375,23.049583333333334,517.7531890869141,S002、S009、S013
630,801,109.25541666666666,23.049583333333334,506.6787109375,S002、S009、S013
630,807,109.25708333333333,23.049583333333334,516.0706939697266,S009、S013
630,813,109.25875,23.049583333333334,549.1667175292969,S002、S009、S013
630,819,109.26041666666667,23.049583333333334,558.1957397460938,S002、S009、S013
630,825,109.26208333333334,23.049583333333334,543.8054046630859,S002、S009、S013
630,831,109.26375,23.049583333333334,574.6700744628906,S002、S009、S013
630,837,109.26541666666667,23.049583333333334,590.330810546875,S002、S009、S012、S013
630,843,109.26708333333333,23.049583333333334,563.0051574707031,S002、S009、S012、S013
630,849,109.26875,23.049583333333334,591.5226440429688,S002、S009、S012、S013
630,855,109.27041666666666,23.049583333333334,620.1857299804688,S002、S009、S012、S013
630,861,109.27208333333333,23.049583333333334,634.6154479980469,S002、S009、S012、S013
630,867,109.27375,23.049583333333334,669.1265563964844,S002、S009、S012、S013
636,561,109.18875,23.047916666666666,681.1712341308594,S003、S007、S015
636,567,109.19041666666666,23.047916666666666,686.783935546875,S003、S007、S015
636,573,109.19208333333333,23.047916666666666,700.3755187988281,S003、S007、S015
636,579,109.19375,23.047916666666666,704.5386657714844,S003、S005、S007、S009、S015
636,585,109.19541666666667,23.047916666666666,705.8039855957031,S003、S005、S007、S009、S015
636,591,109.19708333333334,23.047916666666666,708.3903198242188,S003、S005、S007、S009、S015
636,597,109.19875,23.047916666666666,755.2273254394531,S003、S005、S007、S008、S009、S015
636,603,109.20041666666667,23.047916666666666,756.1338500976562,S003、S005、S007、S008、S009、S015
636,609,109.20208333333333,23.047916666666666,772.6092529296875,S003、S005、S007、S008、S009、S015
636,615,109.20375,23.047916666666666,813.820556640625,S002、S003、S005、S007、S008、S009、S015
636,621,109.20541666666666,23.047916666666666,794.3067016601562,S002、S003、S005、S007、S008、S009、S015
636,627,109.20708333333333,23.047916666666666,694.3844909667969,S002、S003、S005、S009、S015
636,633,109.20875,23.047916666666666,692.9042053222656,S002、S003、S005、S009、S015
636,639,109.21041666666667,23.047916666666666,637.4206848144531,S002、S003、S005、S009、S015
636,645,109.21208333333334,23.047916666666666,643.75732421875,S002、S003、S005、S009、S015
636,651,109.21375,23.047916666666666,627.7257080078125,S002、S005、S009、S013、S015
636,657,109.21541666666667,23.047916666666666,582.0726318359375,S002、S005、S009、S013
636,663,109.21708333333333,23.047916666666666,597.8587341308594,S002、S005、S009、S013、S015
636,669,109.21875,23.047916666666666,625.5179748535156,S002、S005、S009、S013、S015
636,675,109.22041666666667,23.047916666666666,571.0521240234375,S002、S005、S009、S013
636,681,109.22208333333333,23.047916666666666,550.1942138671875,S002、S005、S009、S013
636,687,109.22375,23.047916666666666,513.3250427246094,S002、S005、S009、S013
636,693,109.22541666666666,23.047916666666666,516.4846496582031,S002、S005、S009、S013
636,699,109.22708333333334,23.047916666666666,507.7490997314453,S002、S005、S009、S013
636,705,109.22875,23.047916666666666,511.4233703613281,S002、S005、S009、S013
636,711,109.23041666666667,23.047916666666666,521.9948425292969,S002、S005、S009、S013
636,717,109.23208333333334,23.047916666666666,467.1999816894531,S002、S005、S009、S013
636,723,109.23375,23.047916666666666,551.0888977050781,S002、S005、S009、S013
636,729,109.23541666666667,23.047916666666666,533.2201232910156,S002、S005、S009、S013
636,735,109.23708333333333,23.047916666666666,545.5192565917969,S002、S005、S009、S013
636,741,109.23875,23.047916666666666,562.09619140625,S002、S005、S009、S013
636,747,109.24041666666666,23.047916666666666,566.0160522460938,S002、S005、S009、S013
636,753,109.24208333333334,23.047916666666666,530.8893737792969,S002、S005、S009、S013
636,759,109.24375,23.047916666666666,518.07666015625,S002、S005、S009、S013
636,765,109.24541666666667,23.047916666666666,548.9119873046875,S002、S005、S009、S013
636,771,109.24708333333334,23.047916666666666,505.09619140625,S005、S009、S013
636,777,109.24875,23.047916666666666,494.8064422607422,S005、S009、S013
636,783,109.25041666666667,23.047916666666666,495.6898651123047,S009、S013
636,789,109.25208333333333,23.047916666666666,481.78741455078125,S009、S013
636,795,109.25375,23.047916666666666,507.664306640625,S009、S013
636,801,109.25541666666666,23.047916666666666,506.5777130126953,S009、S013
636,807,109.25708333333333,23.047916666666666,509.4890441894531,S009、S013
636,813,109.25875,23.047916666666666,521.5245971679688,S009、S013
636,819,109.26041666666667,23.047916666666666,560.2691955566406,S009、S013
636,825,109.26208333333334,23.047916666666666,532.5713653564453,S009、S013
636,831,109.26375,23.047916666666666,534.5553588867188,S002、S009、S013
636,837,109.26541666666667,23.047916666666666,575.3979797363281,S002、S009、S012、S013
636,843,109.26708333333333,23.047916666666666,579.4498596191406,S002、S009、S012、S013
636,849,109.26875,23.047916666666666,570.8106994628906,S002、S009、S012、S013
636,855,109.27041666666666,23.047916666666666,594.8418884277344,S002、S009、S012、S013
636,861,109.27208333333333,23.047916666666666,642.6736145019531,S002、S009、S012、S013
636,867,109.27375,23.047916666666666,696.3432006835938,S002、S009、S012、S013
636,891,109.28041666666667,23.047916666666666,626.3871154785156,S012、S013
636,903,109.28375,23.047916666666666,589.4844055175781,S012、S013
642,555,109.18708333333333,23.04625,641.624267578125,S003、S007、S015
642,561,109.18875,23.04625,649.0114440917969,S003、S007、S015
642,567,109.19041666666666,23.04625,659.5979309082031,S003、S007、S015
642,573,109.19208333333333,23.04625,669.0354309082031,S003、S007、S015
642,579,109.19375,23.04625,673.8838500976562,S003、S007、S015
642,585,109.19541666666667,23.04625,729.1619873046875,S003、S005、S007、S009、S015
642,591,109.19708333333334,23.04625,747.3551635742188,S003、S005、S007、S009、S015
642,597,109.19875,23.04625,757.6510009765625,S003、S005、S007、S008、S009、S015
642,603,109.20041666666667,23.04625,799.8637390136719,S003、S005、S007、S008、S009、S015
642,609,109.20208333333333,23.04625,810.0285949707031,S003、S005、S007、S008、S009、S015
642,615,109.20375,23.04625,839.70654296875,S002、S003、S005、S007、S008、S009、S015
642,621,109.20541666666666,23.04625,738.9472351074219,S002、S003、S005、S007、S008、S009、S015
642,627,109.20708333333333,23.04625,677.1492004394531,S002、S003、S005、S009、S015
642,633,109.20875,23.04625,683.2901916503906,S002、S003、S005、S009、S015
642,639,109.21041666666667,23.04625,659.5071411132812,S002、S003、S005、S009、S015
642,645,109.21208333333334,23.04625,638.5079650878906,S002、S005、S009、S015
642,651,109.21375,23.04625,629.8221130371094,S002、S005、S009、S013、S015
642,657,109.21541666666667,23.04625,580.0599670410156,S002、S005、S009、S013
642,663,109.21708333333333,23.04625,606.6575012207031,S002、S005、S009、S013
642,669,109.21875,23.04625,613.8803405761719,S002、S005、S009、S013
642,675,109.22041666666667,23.04625,585.1436767578125,S002、S005、S009、S013
642,681,109.22208333333333,23.04625,593.3683776855469,S002、S005、S009、S013
642,687,109.22375,23.04625,584.8359680175781,S002、S005、S009、S013
642,693,109.22541666666666,23.04625,552.5300140380859,S002、S005、S009、S013
642,699,109.22708333333334,23.04625,512.7596282958984,S002、S005、S009、S013
642,705,109.22875,23.04625,476.20091247558594,S002、S005、S009、S013
642,711,109.23041666666667,23.04625,472.5497131347656,S002、S005、S009、S013
642,717,109.23208333333334,23.04625,462.0371398925781,S002、S005、S009、S013
642,723,109.23375,23.04625,493.0930633544922,S002、S005、S009、S013
642,729,109.23541666666667,23.04625,559.093017578125,S002、S005、S009、S013
642,735,109.23708333333333,23.04625,537.8055114746094,S002、S005、S009、S013
642,741,109.23875,23.04625,540.0560760498047,S002、S005、S009、S013
642,747,109.24041666666666,23.04625,503.20635986328125,S002、S005、S009、S013
642,753,109.24208333333334,23.04625,500.99229431152344,S005、S009、S013
642,759,109.24375,23.04625,483.89427185058594,S005、S009、S013
642,765,109.24541666666667,23.04625,521.7093200683594,S005、S009、S013
642,771,109.24708333333334,23.04625,478.2681579589844,S005、S009、S013
642,777,109.24875,23.04625,463.5953826904297,S009、S013
642,783,109.25041666666667,23.04625,463.4298858642578,S009、S013
642,789,109.25208333333333,23.04625,474.6040496826172,S009、S013
642,795,109.25375,23.04625,493.6696472167969,S009、S013
642,801,109.25541666666666,23.04625,532.0304412841797,S009、S013
642,807,109.25708333333333,23.04625,527.2270812988281,S009、S013
642,813,109.25875,23.04625,591.5924377441406,S009、S013
642,819,109.26041666666667,23.04625,535.5472869873047,S009、S013
642,825,109.26208333333334,23.04625,513.6556243896484,S009、S013
642,831,109.26375,23.04625,537.3059692382812,S009、S013
642,837,109.26541666666667,23.04625,540.765625,S009、S013
642,843,109.26708333333333,23.04625,560.0236206054688,S002、S009、S012、S013
642,849,109.26875,23.04625,543.1181488037109,S002、S009、S012、S013
642,855,109.27041666666666,23.04625,557.7362060546875,S002、S009、S012、S013
642,861,109.27208333333333,23.04625,597.0816040039062,S002、S012、S013
642,867,109.27375,23.04625,648.5151062011719,S002、S012、S013
642,873,109.27541666666667,23.04625,615.3344421386719,S012、S013
642,879,109.27708333333334,23.04625,600.2913818359375,S012、S013
642,885,109.27875,23.04625,616.365478515625,S012、S013
642,897,109.28208333333333,23.04625,603.0753784179688,S012、S013
642,903,109.28375,23.04625,561.3793640136719,S012、S013
642,909,109.28541666666666,23.04625,582.0131530761719,S012、S013
642,915,109.28708333333333,23.04625,567.6381530761719,S012、S013
648,549,109.18541666666667,23.044583333333335,668.6189575195312,S003、S007、S015
648,555,109.18708333333333,23.044583333333335,689.0256652832031,S003、S007、S015
648,561,109.18875,23.044583333333335,726.7593688964844,S003、S007、S015
648,567,109.19041666666666,23.044583333333335,726.1358947753906,S003、S007、S015
648,573,109.19208333333333,23.044583333333335,699.7288818359375,S003、S007、S015
648,579,109.19375,23.044583333333335,680.5693054199219,S003、S007、S015
648,585,109.19541666666667,23.044583333333335,717.8970031738281,S003、S005、S007、S009、S015
648,591,109.19708333333334,23.044583333333335,736.0406799316406,S003、S005、S007、S009、S015
648,597,109.19875,23.044583333333335,786.2821044921875,S003、S005、S007、S008、S009、S015
648,603,109.20041666666667,23.044583333333335,838.7306518554688,S003、S005、S007、S008、S009、S015
648,609,109.20208333333333,23.044583333333335,850.9404907226562,S003、S005、S007、S008、S009、S015
648,615,109.20375,23.044583333333335,831.0387573242188,S003、S005、S007、S008、S009、S015
648,621,109.20541666666666,23.044583333333335,750.4866638183594,S002、S003、S005、S007、S008、S009、S015
648,627,109.20708333333333,23.044583333333335,709.7077026367188,S002、S003、S005、S009、S015
648,633,109.20875,23.044583333333335,691.0650634765625,S002、S005、S009、S015
648,639,109.21041666666667,23.044583333333335,649.0127563476562,S002、S005、S009、S015
648,645,109.21208333333334,23.044583333333335,643.0068359375,S002、S005、S007、S009、S013、S015
648,651,109.21375,23.044583333333335,587.3652954101562,S002、S005、S009、S013、S015
648,657,109.21541666666667,23.044583333333335,565.4931030273438,S002、S005、S009、S013
648,663,109.21708333333333,23.044583333333335,589.8627319335938,S002、S005、S009、S013、S015
648,669,109.21875,23.044583333333335,641.5636291503906,S002、S005、S007、S009、S013、S015
648,675,109.22041666666667,23.044583333333335,575.5087280273438,S002、S005、S009、S013
648,681,109.22208333333333,23.044583333333335,546.7611083984375,S002、S005、S009、S013
648,687,109.22375,23.044583333333335,549.0416107177734,S002、S005、S009、S013
648,693,109.22541666666666,23.044583333333335,521.4370880126953,S002、S005、S009、S013
648,699,109.22708333333334,23.044583333333335,521.0071563720703,S002、S005、S009、S013
648,705,109.22875,23.044583333333335,542.9568786621094,S002、S005、S009、S013
648,711,109.23041666666667,23.044583333333335,517.7026214599609,S002、S005、S009、S013
648,717,109.23208333333334,23.044583333333335,457.6407470703125,S002、S005、S009、S013
648,723,109.23375,23.044583333333335,503.1919860839844,S002、S005、S009、S013
648,729,109.23541666666667,23.044583333333335,540.9658050537109,S002、S005、S009、S013
648,735,109.23708333333333,23.044583333333335,490.2604675292969,S005、S009、S013
648,741,109.23875,23.044583333333335,478.35899353027344,S005、S009、S013
648,747,109.24041666666666,23.044583333333335,519.0227813720703,S005、S009、S013
648,753,109.24208333333334,23.044583333333335,497.6007385253906,S005、S009、S013
648,759,109.24375,23.044583333333335,474.6409149169922,S005、S009、S013
648,765,109.24541666666667,23.044583333333335,456.84068298339844,S005、S009、S013
648,771,109.24708333333334,23.044583333333335,463.6524963378906,S009、S013
648,777,109.24875,23.044583333333335,502.3114318847656,S005、S009、S013
648,783,109.25041666666667,23.044583333333335,534.7149658203125,S005、S009、S013
648,789,109.25208333333333,23.044583333333335,540.6721343994141,S005、S009、S013
648,795,109.25375,23.044583333333335,554.7099151611328,S005、S009、S013
648,801,109.25541666666666,23.044583333333335,558.1170349121094,S009、S013
648,807,109.25708333333333,23.044583333333335,585.0685424804688,S009、S013
648,813,109.25875,23.044583333333335,566.6934509277344,S009、S013
648,819,109.26041666666667,23.044583333333335,507.5585021972656,S009、S013
648,825,109.26208333333334,23.044583333333335,588.8965759277344,S009、S013
648,831,109.26375,23.044583333333335,533.2860717773438,S009、S012、S013
648,837,109.26541666666667,23.044583333333335,602.6647033691406,S002、S009、S012、S013
648,843,109.26708333333333,23.044583333333335,608.000244140625,S002、S009、S012、S013
648,849,109.26875,23.044583333333335,594.7232055664062,S002、S009、S012、S013
648,855,109.27041666666666,23.044583333333335,592.2774353027344,S002、S009、S012、S013
648,861,109.27208333333333,23.044583333333335,609.3598022460938,S002、S012、S013
648,867,109.27375,23.044583333333335,635.6912536621094,S002、S012、S013
648,873,109.27541666666667,23.044583333333335,646.9974670410156,S012、S013
648,879,109.27708333333334,23.044583333333335,646.842529296875,S010、S012、S013
648,885,109.27875,23.044583333333335,627.1064453125,S012、S013
648,891,109.28041666666667,23.044583333333335,604.1950073242188,S012、S013
648,897,109.28208333333333,23.044583333333335,606.3858032226562,S012、S013
648,903,109.28375,23.044583333333335,578.8126525878906,S012、S013
648,909,109.28541666666666,23.044583333333335,608.9596252441406,S012、S013
648,921,109.28875,23.044583333333335,591.4931640625,S012、S013
654,543,109.18375,23.042916666666667,726.8029479980469,S003、S007、S015
654,549,109.18541666666667,23.042916666666667,706.9141845703125,S003、S007、S015
654,555,109.18708333333333,23.042916666666667,753.7265319824219,S003、S007、S015
654,561,109.18875,23.042916666666667,790.6744689941406,S003、S005、S007、S015
654,567,109.19041666666666,23.042916666666667,767.670166015625,S003、S005、S007、S015
654,573,109.19208333333333,23.042916666666667,741.4993896484375,S003、S005、S007、S015
654,579,109.19375,23.042916666666667,728.0133361816406,S003、S005、S007、S015
654,585,109.19541666666667,23.042916666666667,730.9414367675781,S003、S005、S007、S009、S015
654,591,109.19708333333334,23.042916666666667,746.9518127441406,S003、S005、S007、S009、S015
654,597,109.19875,23.042916666666667,768.9034729003906,S003、S005、S007、S008、S009、S015
654,603,109.20041666666667,23.042916666666667,784.3925170898438,S003、S005、S007、S008、S009、S015
654,609,109.20208333333333,23.042916666666667,798.6644287109375,S003、S005、S007、S008、S009、S015
654,615,109.20375,23.042916666666667,826.6844482421875,S003、S005、S007、S008、S009、S015
654,621,109.20541666666666,23.042916666666667,754.5758666992188,S002、S003、S005、S007、S009、S015
654,627,109.20708333333333,23.042916666666667,718.3854064941406,S002、S005、S007、S009、S015
654,633,109.20875,23.042916666666667,700.2900695800781,S002、S005、S007、S009、S015
654,639,109.21041666666667,23.042916666666667,662.8013610839844,S002、S005、S007、S009、S015
654,645,109.21208333333334,23.042916666666667,635.4247436523438,S002、S005、S007、S009、S013、S015
654,651,109.21375,23.042916666666667,601.2519836425781,S002、S005、S007、S009、S013
654,657,109.21541666666667,23.042916666666667,570.8033752441406,S002、S005、S009、S013
654,663,109.21708333333333,23.042916666666667,556.8696899414062,S002、S005、S009、S013
654,669,109.21875,23.042916666666667,629.5686340332031,S002、S005、S007、S009、S013、S015
654,675,109.22041666666667,23.042916666666667,573.4210510253906,S002、S005、S009、S013
654,681,109.22208333333333,23.042916666666667,532.9689178466797,S002、S005、S009、S013
654,687,109.22375,23.042916666666667,532.3870697021484,S002、S005、S009、S013
654,693,109.22541666666666,23.042916666666667,511.98500061035156,S002、S005、S009、S013
654,699,109.22708333333334,23.042916666666667,530.3528747558594,S002、S005、S009、S013
654,705,109.22875,23.042916666666667,509.8798828125,S002、S005、S009、S013
654,711,109.23041666666667,23.042916666666667,495.8304138183594,S002、S005、S009、S013
654,717,109.23208333333334,23.042916666666667,489.7108917236328,S002、S005、S009、S013
654,723,109.23375,23.042916666666667,491.6256561279297,S002、S005、S009、S013
654,729,109.23541666666667,23.042916666666667,481.84669494628906,S005、S009、S013
654,735,109.23708333333333,23.042916666666667,459.97772216796875,S005、S009、S013
654,741,109.23875,23.042916666666667,509.5535430908203,S005、S009、S013
654,747,109.24041666666666,23.042916666666667,557.4234008789062,S002、S005、S009、S013
654,753,109.24208333333334,23.042916666666667,528.5279235839844,S005、S009、S013
654,759,109.24375,23.042916666666667,485.3730926513672,S005、S009、S013
654,765,109.24541666666667,23.042916666666667,456.330810546875,S009、S013
654,771,109.24708333333334,23.042916666666667,461.53651428222656,S009、S013
654,777,109.24875,23.042916666666667,507.7440643310547,S005、S009、S013
654,783,109.25041666666667,23.042916666666667,496.354248046875,S009、S013
654,789,109.25208333333333,23.042916666666667,488.2434997558594,S009、S013
654,795,109.25375,23.042916666666667,505.80592346191406,S009、S013
654,801,109.25541666666666,23.042916666666667,581.0832824707031,S005、S009、S013
654,807,109.25708333333333,23.042916666666667,544.5890350341797,S009、S013
654,813,109.25875,23.042916666666667,533.6829833984375,S009、S013
654,819,109.26041666666667,23.042916666666667,516.7134246826172,S009、S012、S013
654,825,109.26208333333334,23.042916666666667,514.5295257568359,S009、S013
654,831,109.26375,23.042916666666667,524.3346405029297,S009、S013
654,837,109.26541666666667,23.042916666666667,526.8884124755859,S009、S012、S013
654,843,109.26708333333333,23.042916666666667,571.6570129394531,S009、S012、S013
654,849,109.26875,23.042916666666667,609.6499938964844,S002、S009、S012、S013
654,855,109.27041666666666,23.042916666666667,656.6015625,S002、S009、S012、S013
654,861,109.27208333333333,23.042916666666667,686.0261840820312,S002、S009、S012、S013
654,867,109.27375,23.042916666666667,674.2549133300781,S002、S009、S012、S013
654,873,109.27541666666667,23.042916666666667,669.2281188964844,S010、S012、S013
654,879,109.27708333333334,23.042916666666667,659.601318359375,S010、S012、S013
654,885,109.27875,23.042916666666667,607.4214172363281,S012、S013
654,891,109.28041666666667,23.042916666666667,600.5760498046875,S012、S013
654,897,109.28208333333333,23.042916666666667,579.606201171875,S012、S013
654,903,109.28375,23.042916666666667,582.8603210449219,S012、S013
654,909,109.28541666666666,23.042916666666667,580.5773620605469,S012、S013
660,537,109.18208333333334,23.04125,708.1441345214844,S003、S007、S015
660,543,109.18375,23.04125,783.7196655273438,S003、S007、S015
660,549,109.18541666666667,23.04125,722.4609680175781,S003、S007、S015
660,555,109.18708333333333,23.04125,751.69091796875,S003、S007、S015
660,561,109.18875,23.04125,823.6282958984375,S003、S005、S007、S015
660,567,109.19041666666666,23.04125,791.7927856445312,S003、S005、S007、S015
660,573,109.19208333333333,23.04125,719.5840759277344,S003、S007、S015
660,579,109.19375,23.04125,736.3547058105469,S003、S005、S007、S015
660,585,109.19541666666667,23.04125,730.0638427734375,S003、S005、S007、S009、S015
660,591,109.19708333333334,23.04125,731.8936157226562,S003、S005、S007、S009、S015
660,597,109.19875,23.04125,735.869873046875,S003、S005、S007、S008、S009、S015
660,603,109.20041666666667,23.04125,771.3545532226562,S003、S005、S007、S008、S009、S015
660,609,109.20208333333333,23.04125,801.4049682617188,S003、S005、S007、S008、S009、S015
660,615,109.20375,23.04125,826.7241821289062,S003、S005、S007、S008、S009、S015
660,621,109.20541666666666,23.04125,751.466064453125,S003、S005、S007、S009、S015
660,627,109.20708333333333,23.04125,714.0363464355469,S002、S005、S007、S009、S015
660,633,109.20875,23.04125,702.6212463378906,S002、S005、S007、S009、S015
660,639,109.21041666666667,23.04125,690.7413024902344,S002、S005、S007、S009、S015
660,645,109.21208333333334,23.04125,620.8430786132812,S002、S005、S007、S009、S013
660,651,109.21375,23.04125,629.7948913574219,S002、S005、S007、S009、S013
660,657,109.21541666666667,23.04125,569.0800476074219,S002、S005、S007、S009、S013
660,663,109.21708333333333,23.04125,539.8867340087891,S005、S009、S013
660,669,109.21875,23.04125,581.4591064453125,S002、S005、S009、S013
660,675,109.22041666666667,23.04125,596.5472412109375,S002、S005、S007、S009、S013
660,681,109.22208333333333,23.04125,554.0108642578125,S002、S005、S009、S013
660,687,109.22375,23.04125,562.8755187988281,S002、S005、S009、S013
660,693,109.22541666666666,23.04125,544.3686981201172,S002、S005、S009、S013
660,699,109.22708333333334,23.04125,524.4662322998047,S002、S005、S009、S013
660,705,109.22875,23.04125,515.4940948486328,S002、S005、S009、S013
660,711,109.23041666666667,23.04125,478.9403839111328,S002、S005、S009、S013
660,717,109.23208333333334,23.04125,472.6458740234375,S005、S009、S013
660,723,109.23375,23.04125,463.9852294921875,S005、S009、S013
660,729,109.23541666666667,23.04125,454.7134246826172,S005、S009、S013
660,735,109.23708333333333,23.04125,447.45872497558594,S005、S009、S013
660,741,109.23875,23.04125,497.00604248046875,S005、S009、S013
660,747,109.24041666666666,23.04125,520.3366241455078,S005、S009、S013
660,753,109.24208333333334,23.04125,527.3501434326172,S005、S009、S013
660,759,109.24375,23.04125,466.14134216308594,S005、S009、S013
660,765,109.24541666666667,23.04125,508.9259948730469,S005、S009、S013
660,771,109.24708333333334,23.04125,533.3606109619141,S005、S009、S013
660,777,109.24875,23.04125,475.4718475341797,S009、S013
660,783,109.25041666666667,23.04125,517.0728149414062,S009、S013
660,789,109.25208333333333,23.04125,551.9868927001953,S005、S009、S013
660,795,109.25375,23.04125,519.6664123535156,S009、S013
660,801,109.25541666666666,23.04125,539.7300567626953,S009、S013
660,807,109.25708333333333,23.04125,523.6658325195312,S009、S013
660,813,109.25875,23.04125,489.8997497558594,S009、S013
660,819,109.26041666666667,23.04125,488.4318389892578,S009、S013
660,825,109.26208333333334,23.04125,515.2660064697266,S009、S013
660,831,109.26375,23.04125,533.2373199462891,S009、S013
660,837,109.26541666666667,23.04125,588.9211730957031,S009、S012、S013
660,843,109.26708333333333,23.04125,567.3726806640625,S009、S013
660,849,109.26875,23.04125,573.5948181152344,S009、S013
660,855,109.27041666666666,23.04125,666.6300659179688,S002、S009、S012、S013
660,861,109.27208333333333,23.04125,650.8241271972656,S002、S009、S012、S013
660,867,109.27375,23.04125,687.7588500976562,S002、S009、S012、S013
660,873,109.27541666666667,23.04125,653.9487609863281,S002、S009、S010、S012、S013
660,879,109.27708333333334,23.04125,648.1709899902344,S010、S012、S013
660,885,109.27875,23.04125,648.8828430175781,S012、S013
660,891,109.28041666666667,23.04125,622.2358703613281,S012、S013
660,897,109.28208333333333,23.04125,624.0861206054688,S012、S013
666,531,109.18041666666667,23.039583333333333,724.4242858886719,S003、S007、S015
666,537,109.18208333333334,23.039583333333333,793.4215698242188,S003、S007、S015
666,543,109.18375,23.039583333333333,743.0179138183594,S003、S007、S015
666,549,109.18541666666667,23.039583333333333,695.6109008789062,S003、S007、S015
666,555,109.18708333333333,23.039583333333333,732.0086364746094,S003、S007、S015
666,561,109.18875,23.039583333333333,779.2168579101562,S003、S007、S015
666,567,109.19041666666666,23.039583333333333,749.2031860351562,S003、S007、S015
666,573,109.19208333333333,23.039583333333333,720.9079284667969,S003、S007、S015
666,579,109.19375,23.039583333333333,706.9728698730469,S003、S005、S007、S015
666,585,109.19541666666667,23.039583333333333,693.1065979003906,S003、S005、S007、S015
666,591,109.19708333333334,23.039583333333333,759.2463989257812,S003、S005、S007、S009、S015
666,597,109.19875,23.039583333333333,772.273193359375,S003、S005、S007、S008、S009、S015
666,603,109.20041666666667,23.039583333333333,798.0163269042969,S003、S005、S007、S008、S009、S015
666,609,109.20208333333333,23.039583333333333,828.07373046875,S003、S005、S007、S008、S009、S015
666,615,109.20375,23.039583333333333,801.8207092285156,S003、S005、S007、S008、S009、S015
666,621,109.20541666666666,23.039583333333333,724.1393127441406,S005、S007、S009、S015
666,627,109.20708333333333,23.039583333333333,751.3563232421875,S005、S007、S009、S015
666,633,109.20875,23.039583333333333,688.8526306152344,S002、S005、S007、S009、S015
666,639,109.21041666666667,23.039583333333333,656.7337646484375,S002、S005、S007、S009
666,645,109.21208333333334,23.039583333333333,629.0747375488281,S002、S005、S007、S009、S013
666,651,109.21375,23.039583333333333,587.1229248046875,S002、S005、S007、S009、S013
666,657,109.21541666666667,23.039583333333333,591.6764831542969,S002、S005、S007、S009、S013
666,663,109.21708333333333,23.039583333333333,509.8028106689453,S005、S009、S013
666,669,109.21875,23.039583333333333,572.8167114257812,S002、S005、S007、S009、S013
666,675,109.22041666666667,23.039583333333333,572.4089965820312,S002、S005、S007、S009、S013
666,681,109.22208333333333,23.039583333333333,561.6009826660156,S002、S005、S009、S013
666,687,109.22375,23.039583333333333,567.1203002929688,S002、S005、S009、S013
666,693,109.22541666666666,23.039583333333333,559.7290344238281,S002、S005、S009、S013
666,699,109.22708333333334,23.039583333333333,578.4108276367188,S002、S005、S009、S013
666,705,109.22875,23.039583333333333,550.3188934326172,S002、S005、S009、S013
666,711,109.23041666666667,23.039583333333333,531.5326385498047,S002、S005、S009、S013
666,717,109.23208333333334,23.039583333333333,519.4017333984375,S005、S009、S013
666,723,109.23375,23.039583333333333,474.2611846923828,S005、S009、S013
666,729,109.23541666666667,23.039583333333333,488.5901794433594,S005、S009、S013
666,735,109.23708333333333,23.039583333333333,458.9634552001953,S005、S009、S013
666,741,109.23875,23.039583333333333,449.3375549316406,S005、S009、S013
666,747,109.24041666666666,23.039583333333333,502.5334167480469,S005、S009、S013
666,753,109.24208333333334,23.039583333333333,490.0911102294922,S005、S009、S013
666,759,109.24375,23.039583333333333,472.08404541015625,S005、S009、S013
666,765,109.24541666666667,23.039583333333333,518.4427185058594,S005、S009、S013
666,771,109.24708333333334,23.039583333333333,488.86376953125,S005、S009、S013
666,777,109.24875,23.039583333333333,473.9529724121094,S009、S013
666,783,109.25041666666667,23.039583333333333,533.5846710205078,S009、S013
666,789,109.25208333333333,23.039583333333333,514.9782409667969,S009、S013
666,795,109.25375,23.039583333333333,510.3465881347656,S009、S013
666,801,109.25541666666666,23.039583333333333,477.59930419921875,S009、S013
666,807,109.25708333333333,23.039583333333333,480.6040344238281,S009、S013
666,813,109.25875,23.039583333333333,498.16905212402344,S009、S013
666,819,109.26041666666667,23.039583333333333,504.08201599121094,S009、S013
666,825,109.26208333333334,23.039583333333333,523.6739501953125,S009、S013
666,831,109.26375,23.039583333333333,563.9280395507812,S009、S013
666,837,109.26541666666667,23.039583333333333,584.8250427246094,S009、S013
666,843,109.26708333333333,23.039583333333333,605.15087890625,S009、S013
666,849,109.26875,23.039583333333333,576.5722351074219,S009、S013
666,855,109.27041666666666,23.039583333333333,635.5559387207031,S002、S009、S012、S013
666,861,109.27208333333333,23.039583333333333,601.5123901367188,S002、S009、S012、S013
666,867,109.27375,23.039583333333333,661.2526550292969,S002、S009、S012、S013
666,873,109.27541666666667,23.039583333333333,636.8059387207031,S002、S009、S010、S012、S013
666,879,109.27708333333334,23.039583333333333,706.1865844726562,S002、S009、S010、S012、S013
666,885,109.27875,23.039583333333333,674.3216552734375,S012、S013
666,891,109.28041666666667,23.039583333333333,650.7175903320312,S012、S013
666,897,109.28208333333333,23.039583333333333,609.8412780761719,S012、S013
672,531,109.18041666666667,23.037916666666668,743.3698120117188,S003、S007、S015
672,537,109.18208333333334,23.037916666666668,713.7411193847656,S003、S007、S015
672,543,109.18375,23.037916666666668,695.5024108886719,S003、S007、S015
672,549,109.18541666666667,23.037916666666668,677.7847595214844,S003、S007、S015
672,555,109.18708333333333,23.037916666666668,725.9790344238281,S003、S007、S015
672,561,109.18875,23.037916666666668,795.9024353027344,S003、S005、S007、S015
672,567,109.19041666666666,23.037916666666668,730.8001098632812,S003、S007、S015
672,573,109.19208333333333,23.037916666666668,676.4403991699219,S003、S007、S015
672,579,109.19375,23.037916666666668,676.3306274414062,S003、S007、S015
672,585,109.19541666666667,23.037916666666668,683.2083129882812,S003、S005、S007、S015
672,591,109.19708333333334,23.037916666666668,692.8116760253906,S003、S005、S007、S009、S015
672,597,109.19875,23.037916666666668,716.2244262695312,S003、S005、S007、S008、S009、S015
672,603,109.20041666666667,23.037916666666668,758.6475219726562,S003、S005、S007、S008、S009、S015
672,609,109.20208333333333,23.037916666666668,775.7860717773438,S003、S005、S007、S008、S009、S015
672,615,109.20375,23.037916666666668,774.7407531738281,S003、S005、S007、S008、S009、S015
672,621,109.20541666666666,23.037916666666668,664.1883544921875,S005、S007、S009、S015
672,627,109.20708333333333,23.037916666666668,658.0152282714844,S005、S007、S009、S015
672,633,109.20875,23.037916666666668,655.5136108398438,S002、S005、S007、S009、S015
672,639,109.21041666666667,23.037916666666668,634.0304260253906,S002、S005、S007、S009、S015
672,645,109.21208333333334,23.037916666666668,611.1063842773438,S002、S005、S007、S009、S013
672,651,109.21375,23.037916666666668,609.9172668457031,S002、S005、S007、S009、S013
672,657,109.21541666666667,23.037916666666668,537.1372680664062,S005、S007、S009、S013
672,663,109.21708333333333,23.037916666666668,503.40850830078125,S002、S005、S009、S013
672,669,109.21875,23.037916666666668,571.4109191894531,S002、S005、S007、S009、S013
672,675,109.22041666666667,23.037916666666668,577.2268676757812,S002、S005、S007、S009、S013
672,681,109.22208333333333,23.037916666666668,544.3345336914062,S002、S005、S009、S013
672,687,109.22375,23.037916666666668,556.4256591796875,S002、S005、S009、S013
672,693,109.22541666666666,23.037916666666668,510.1697082519531,S002、S005、S009、S013
672,699,109.22708333333334,23.037916666666668,534.8965606689453,S002、S005、S009、S013
672,705,109.22875,23.037916666666668,545.75634765625,S002、S005、S009、S013
672,711,109.23041666666667,23.037916666666668,540.9581146240234,S005、S009、S013
672,717,109.23208333333334,23.037916666666668,479.0285339355469,S005、S009、S013
672,723,109.23375,23.037916666666668,464.8009796142578,S005、S009、S013
672,729,109.23541666666667,23.037916666666668,445.5,S005、S009、S013
672,735,109.23708333333333,23.037916666666668,472.0777282714844,S005、S009、S013
672,741,109.23875,23.037916666666668,454.1920623779297,S005、S009、S013
672,747,109.24041666666666,23.037916666666668,447.3546600341797,S005、S009、S013
672,753,109.24208333333334,23.037916666666668,451.2330627441406,S005、S009、S013
672,759,109.24375,23.037916666666668,452.8930206298828,S005、S009、S013
672,765,109.24541666666667,23.037916666666668,458.11595153808594,S005、S009、S013
672,771,109.24708333333334,23.037916666666668,505.8204803466797,S005、S009、S013
672,777,109.24875,23.037916666666668,477.15643310546875,S009、S013
672,783,109.25041666666667,23.037916666666668,515.04931640625,S009、S013
672,789,109.25208333333333,23.037916666666668,476.5908508300781,S009、S013
672,795,109.25375,23.037916666666668,514.6243743896484,S009、S013
672,801,109.25541666666666,23.037916666666668,542.3736267089844,S009、S013
672,807,109.25708333333333,23.037916666666668,548.6863708496094,S009、S013
672,813,109.25875,23.037916666666668,555.4007568359375,S009、S013
672,819,109.26041666666667,23.037916666666668,563.3006896972656,S009、S013
672,825,109.26208333333334,23.037916666666668,546.4230194091797,S009、S013
672,831,109.26375,23.037916666666668,543.1997528076172,S009、S013
672,837,109.26541666666667,23.037916666666668,524.1379699707031,S009、S013
672,843,109.26708333333333,23.037916666666668,537.0040130615234,S009、S013
672,849,109.26875,23.037916666666668,592.2306518554688,S009、S013
672,855,109.27041666666666,23.037916666666668,583.8926391601562,S009、S013
672,861,109.27208333333333,23.037916666666668,573.7313537597656,S002、S009、S013
672,867,109.27375,23.037916666666668,609.7420043945312,S002、S009、S012、S013
672,873,109.27541666666667,23.037916666666668,602.3696594238281,S002、S009、S010、S012、S013
672,879,109.27708333333334,23.037916666666668,654.5789794921875,S002、S009、S010、S012、S013
672,885,109.27875,23.037916666666668,647.9270629882812,S012、S013
672,891,109.28041666666667,23.037916666666668,611.674072265625,S012、S013
672,897,109.28208333333333,23.037916666666668,600.3454895019531,S012、S013
678,525,109.17875000000001,23.03625,671.5207214355469,S003、S007、S015
678,531,109.18041666666667,23.03625,655.2264404296875,S003、S007、S015
678,537,109.18208333333334,23.03625,647.160400390625,S003、S007、S015
678,543,109.18375,23.03625,653.2452087402344,S003、S007、S015
678,549,109.18541666666667,23.03625,720.6795654296875,S003、S007、S015
678,555,109.18708333333333,23.03625,715.424560546875,S003、S007、S015
678,561,109.18875,23.03625,732.1863403320312,S003、S007、S015
678,567,109.19041666666666,23.03625,694.1445007324219,S003、S007、S015
678,573,109.19208333333333,23.03625,665.9570007324219,S003、S007、S015
678,579,109.19375,23.03625,683.0618896484375,S003、S007、S015
678,585,109.19541666666667,23.03625,690.3672180175781,S003、S005、S007、S015
678,591,109.19708333333334,23.03625,707.9156494140625,S003、S005、S007、S009、S015
678,597,109.19875,23.03625,738.2771606445312,S003、S005、S007、S009、S015
678,603,109.20041666666667,23.03625,717.9066467285156,S003、S005、S007、S009、S015
678,609,109.20208333333333,23.03625,739.1643371582031,S003、S005、S007、S008、S009、S015
678,615,109.20375,23.03625,700.8697204589844,S005、S007、S008、S009、S015
678,621,109.20541666666666,23.03625,674.7220458984375,S005、S007、S009、S015
678,627,109.20708333333333,23.03625,634.9500732421875,S005、S007、S009、S015
678,633,109.20875,23.03625,612.2413024902344,S005、S007、S009、S015
678,639,109.21041666666667,23.03625,561.9620971679688,S005、S007、S009
678,645,109.21208333333334,23.03625,552.1522521972656,S005、S007、S009、S013
678,651,109.21375,23.03625,536.9290008544922,S005、S007、S009、S013
678,657,109.21541666666667,23.03625,519.3831024169922,S002、S005、S009、S013
678,663,109.21708333333333,23.03625,493.90228271484375,S002、S005、S009、S013
678,669,109.21875,23.03625,531.4686889648438,S002、S005、S009、S013
678,675,109.22041666666667,23.03625,516.9056091308594,S002、S005、S009、S013
678,681,109.22208333333333,23.03625,524.42041015625,S002、S005、S009、S013
678,687,109.22375,23.03625,521.6925354003906,S002、S005、S009、S013
678,693,109.22541666666666,23.03625,520.0465240478516,S002、S005、S007、S009、S013
678,699,109.22708333333334,23.03625,517.1731262207031,S005、S007、S009、S013
678,705,109.22875,23.03625,497.9794464111328,S005、S007、S009、S013
678,711,109.23041666666667,23.03625,497.7104034423828,S005、S009、S013
678,717,109.23208333333334,23.03625,505.3608703613281,S005、S009、S013
678,723,109.23375,23.03625,457.064697265625,S005、S009、S013
678,729,109.23541666666667,23.03625,499.5531768798828,S005、S009、S013
678,735,109.23708333333333,23.03625,464.2593994140625,S005、S009、S013
678,741,109.23875,23.03625,513.7434387207031,S005、S009、S013
678,747,109.24041666666666,23.03625,483.0859680175781,S005、S009、S013
678,753,109.24208333333334,23.03625,473.0556640625,S005、S009、S013
678,759,109.24375,23.03625,455.48822021484375,S005、S009、S013
678,765,109.24541666666667,23.03625,476.0810241699219,S005、S009、S013
678,771,109.24708333333334,23.03625,460.8047637939453,S009、S013
678,777,109.24875,23.03625,496.75018310546875,S005、S009、S013
678,783,109.25041666666667,23.03625,490.7280731201172,S009、S013
678,789,109.25208333333333,23.03625,463.0586853027344,S009、S013
678,795,109.25375,23.03625,482.6366882324219,S009、S013
678,801,109.25541666666666,23.03625,529.4478454589844,S009、S013
678,807,109.25708333333333,23.03625,541.2053985595703,S009、S013
678,813,109.25875,23.03625,529.7751007080078,S009、S013
678,819,109.26041666666667,23.03625,528.4458923339844,S009、S013
678,825,109.26208333333334,23.03625,524.7503204345703,S009、S013
678,831,109.26375,23.03625,505.2793273925781,S009、S013
678,837,109.26541666666667,23.03625,577.8843688964844,S009、S013
678,843,109.26708333333333,23.03625,546.43212890625,S009、S013
678,849,109.26875,23.03625,570.2588806152344,S009、S013
678,855,109.27041666666666,23.03625,580.2396850585938,S009、S010、S013
678,861,109.27208333333333,23.03625,558.8682861328125,S009、S010、S012、S013
678,867,109.27375,23.03625,600.6240234375,S002、S009、S010、S012、S013
678,873,109.27541666666667,23.03625,614.0849914550781,S002、S009、S010、S012、S013
678,879,109.27708333333334,23.03625,681.2608642578125,S002、S009、S010、S012、S013
678,885,109.27875,23.03625,687.5643920898438,S002、S009、S010、S012、S013
678,891,109.28041666666667,23.03625,653.8966674804688,S009、S010、S012、S013
678,897,109.28208333333333,23.03625,640.359130859375,S012、S013
678,903,109.28375,23.03625,595.4112548828125,S012、S013
684,519,109.17708333333333,23.034583333333334,590.4258117675781,S003、S007、S015
684,525,109.17875000000001,23.034583333333334,635.7967224121094,S003、S007、S015
684,531,109.18041666666667,23.034583333333334,648.5281982421875,S003、S007、S015
684,537,109.18208333333334,23.034583333333334,631.2395935058594,S003、S007、S015
684,543,109.18375,23.034583333333334,678.5323181152344,S003、S007、S015
684,549,109.18541666666667,23.034583333333334,657.1819458007812,S003、S007、S015
684,555,109.18708333333333,23.034583333333334,695.188232421875,S003、S007、S015
684,561,109.18875,23.034583333333334,690.4296264648438,S003、S007、S015
684,567,109.19041666666666,23.034583333333334,671.3047180175781,S003、S007、S015
684,573,109.19208333333333,23.034583333333334,646.131103515625,S003、S007、S015
684,579,109.19375,23.034583333333334,645.7572021484375,S003、S007、S015
684,585,109.19541666666667,23.034583333333334,678.7767639160156,S003、S007、S015
684,591,109.19708333333334,23.034583333333334,714.6724243164062,S003、S005、S007、S015
684,597,109.19875,23.034583333333334,684.0817260742188,S003、S005、S007、S009、S015
684,603,109.20041666666667,23.034583333333334,685.1820678710938,S003、S005、S007、S009、S015
684,609,109.20208333333333,23.034583333333334,709.6645202636719,S003、S005、S007、S008、S009、S015
684,615,109.20375,23.034583333333334,682.2518920898438,S005、S007、S009、S015
684,621,109.20541666666666,23.034583333333334,710.3302612304688,S005、S007、S009、S015
684,627,109.20708333333333,23.034583333333334,694.1622619628906,S005、S007、S009、S015
684,633,109.20875,23.034583333333334,633.4474487304688,S005、S007、S009、S015
684,639,109.21041666666667,23.034583333333334,633.4487609863281,S005、S007、S009、S013、S015
684,645,109.21208333333334,23.034583333333334,599.2575073242188,S002、S005、S007、S009、S013、S015
684,651,109.21375,23.034583333333334,539.302490234375,S002、S005、S007、S009、S013
684,657,109.21541666666667,23.034583333333334,537.5135040283203,S002、S005、S007、S009、S013
684,663,109.21708333333333,23.034583333333334,483.0119323730469,S002、S007、S009、S013
684,669,109.21875,23.034583333333334,487.2406311035156,S002、S007、S009、S013
684,675,109.22041666666667,23.034583333333334,537.274658203125,S002、S005、S007、S009、S013
684,681,109.22208333333333,23.034583333333334,505.43492126464844,S002、S005、S009、S013
684,687,109.22375,23.034583333333334,529.08544921875,S002、S005、S009、S013
684,693,109.22541666666666,23.034583333333334,489.7633056640625,S005、S009、S013
684,699,109.22708333333334,23.034583333333334,522.397216796875,S005、S009、S013
684,705,109.22875,23.034583333333334,530.1602630615234,S005、S009、S013
684,711,109.23041666666667,23.034583333333334,491.9726257324219,S005、S009、S013
684,717,109.23208333333334,23.034583333333334,482.67010498046875,S005、S009、S013
684,723,109.23375,23.034583333333334,456.2194366455078,S005、S009、S013
684,729,109.23541666666667,23.034583333333334,474.70579528808594,S005、S009、S013
684,735,109.23708333333333,23.034583333333334,491.85438537597656,S005、S009、S013
684,741,109.23875,23.034583333333334,525.5377044677734,S005、S009、S013
684,747,109.24041666666666,23.034583333333334,506.7514953613281,S005、S009、S013
684,753,109.24208333333334,23.034583333333334,467.09722900390625,S005、S009、S013
684,759,109.24375,23.034583333333334,452.0728302001953,S005、S009、S013
684,765,109.24541666666667,23.034583333333334,452.73248291015625,S005、S009、S013
684,771,109.24708333333334,23.034583333333334,492.1049346923828,S005、S009、S013
684,777,109.24875,23.034583333333334,475.4208984375,S009、S013
684,783,109.25041666666667,23.034583333333334,477.0436248779297,S009、S013
684,789,109.25208333333333,23.034583333333334,536.5014495849609,S009、S013
684,795,109.25375,23.034583333333334,496.1342010498047,S009、S013
684,801,109.25541666666666,23.034583333333334,485.34271240234375,S009、S013
684,807,109.25708333333333,23.034583333333334,482.7783660888672,S009、S013
684,813,109.25875,23.034583333333334,492.93898010253906,S009、S013
684,819,109.26041666666667,23.034583333333334,525.5186462402344,S009、S013
684,825,109.26208333333334,23.034583333333334,508.85243225097656,S009、S013
684,831,109.26375,23.034583333333334,515.8646850585938,S009、S013
684,837,109.26541666666667,23.034583333333334,556.0263671875,S009、S013
684,843,109.26708333333333,23.034583333333334,529.2790679931641,S009、S010、S013
684,849,109.26875,23.034583333333334,604.1070556640625,S009、S010、S013
684,855,109.27041666666666,23.034583333333334,619.3266906738281,S009、S010、S013
684,861,109.27208333333333,23.034583333333334,591.9775390625,S009、S010、S012、S013
684,867,109.27375,23.034583333333334,656.5304870605469,S002、S009、S010、S012、S013
684,873,109.27541666666667,23.034583333333334,674.6883544921875,S002、S009、S010、S012、S013
684,879,109.27708333333334,23.034583333333334,671.7182922363281,S002、S009、S010、S012、S013
684,885,109.27875,23.034583333333334,676.7624816894531,S002、S009、S010、S012、S013
684,891,109.28041666666667,23.034583333333334,687.5763854980469,S009、S010、S012、S013
684,897,109.28208333333333,23.034583333333334,639.3329772949219,S010、S012、S013
684,903,109.28375,23.034583333333334,618.6364440917969,S010、S012、S013
690,519,109.17708333333333,23.03291666666667,598.6729431152344,S003、S007、S015
690,525,109.17875000000001,23.03291666666667,629.8923645019531,S003、S007、S015
690,531,109.18041666666667,23.03291666666667,604.19189453125,S003、S007、S015
690,537,109.18208333333334,23.03291666666667,594.3146057128906,S003、S007、S015
690,543,109.18375,23.03291666666667,613.8096313476562,S003、S007、S015
690,549,109.18541666666667,23.03291666666667,641.9459228515625,S003、S007、S015
690,555,109.18708333333333,23.03291666666667,665.1160278320312,S003、S007、S015
690,561,109.18875,23.03291666666667,669.5843811035156,S003、S007、S015
690,567,109.19041666666666,23.03291666666667,652.4783020019531,S003、S007、S015
690,573,109.19208333333333,23.03291666666667,631.7647094726562,S003、S007、S015
690,579,109.19375,23.03291666666667,638.8022766113281,S003、S007、S015
690,585,109.19541666666667,23.03291666666667,675.5991821289062,S003、S007、S015
690,591,109.19708333333334,23.03291666666667,671.6560363769531,S003、S007、S015
690,597,109.19875,23.03291666666667,669.4671630859375,S003、S005、S007、S009、S015
690,603,109.20041666666667,23.03291666666667,666.3443298339844,S003、S005、S007、S009、S015
690,609,109.20208333333333,23.03291666666667,685.1933898925781,S003、S005、S007、S009、S015
690,615,109.20375,23.03291666666667,683.7567138671875,S005、S007、S009、S015
690,621,109.20541666666666,23.03291666666667,697.9779663085938,S005、S007、S009、S015
690,627,109.20708333333333,23.03291666666667,687.1990966796875,S005、S007、S009、S015
690,633,109.20875,23.03291666666667,642.8237915039062,S005、S007、S009、S015
690,639,109.21041666666667,23.03291666666667,623.8325805664062,S005、S007、S009、S013、S015
690,645,109.21208333333334,23.03291666666667,586.5710754394531,S005、S007、S009、S013
690,651,109.21375,23.03291666666667,576.9785461425781,S002、S005、S007、S009、S013
690,657,109.21541666666667,23.03291666666667,529.3087768554688,S002、S007、S009、S013
690,663,109.21708333333333,23.03291666666667,501.4127960205078,S002、S009、S013
690,669,109.21875,23.03291666666667,503.8511962890625,S002、S009、S013
690,675,109.22041666666667,23.03291666666667,504.6275329589844,S005、S009、S013
690,681,109.22208333333333,23.03291666666667,506.05482482910156,S005、S009、S013
690,687,109.22375,23.03291666666667,526.9485931396484,S005、S009、S013
690,693,109.22541666666666,23.03291666666667,496.5794372558594,S005、S009、S013
690,699,109.22708333333334,23.03291666666667,503.08433532714844,S005、S009、S013
690,705,109.22875,23.03291666666667,482.8353576660156,S005、S009、S013
690,711,109.23041666666667,23.03291666666667,489.8428955078125,S005、S009、S013
690,717,109.23208333333334,23.03291666666667,444.3499755859375,S005、S009、S013
690,723,109.23375,23.03291666666667,458.7584228515625,S005、S009、S013
690,729,109.23541666666667,23.03291666666667,521.2127532958984,S005、S009、S013
690,735,109.23708333333333,23.03291666666667,469.33892822265625,S005、S009、S013
690,741,109.23875,23.03291666666667,498.5694122314453,S005、S009、S013
690,747,109.24041666666666,23.03291666666667,467.50880432128906,S005、S009、S013
690,753,109.24208333333334,23.03291666666667,455.1537628173828,S005、S009、S013
690,759,109.24375,23.03291666666667,453.6902770996094,S005、S009、S013
690,765,109.24541666666667,23.03291666666667,480.06529235839844,S005、S009、S013
690,771,109.24708333333334,23.03291666666667,450.8137969970703,S009、S013
690,777,109.24875,23.03291666666667,456.68959045410156,S009、S013
690,783,109.25041666666667,23.03291666666667,492.5034942626953,S009、S013
690,789,109.25208333333333,23.03291666666667,535.7558288574219,S009、S013
690,795,109.25375,23.03291666666667,501.48912048339844,S009、S013
690,801,109.25541666666666,23.03291666666667,495.94232177734375,S009、S013
690,807,109.25708333333333,23.03291666666667,567.1130981445312,S009、S013
690,813,109.25875,23.03291666666667,513.7355804443359,S009、S013
690,819,109.26041666666667,23.03291666666667,508.2978973388672,S009、S013
690,825,109.26208333333334,23.03291666666667,542.2880249023438,S009、S013
690,831,109.26375,23.03291666666667,526.3909149169922,S009、S010、S013
690,837,109.26541666666667,23.03291666666667,509.7424011230469,S009、S010、S013
690,843,109.26708333333333,23.03291666666667,516.0818634033203,S009、S010、S013
690,849,109.26875,23.03291666666667,561.7989196777344,S009、S010、S013
690,855,109.27041666666666,23.03291666666667,567.7735900878906,S009、S010、S012、S013
690,861,109.27208333333333,23.03291666666667,624.7899475097656,S009、S010、S012、S013
690,867,109.27375,23.03291666666667,636.7102966308594,S002、S009、S010、S012、S013
690,873,109.27541666666667,23.03291666666667,629.4729919433594,S002、S009、S010、S012、S013
690,879,109.27708333333334,23.03291666666667,670.1275634765625,S002、S009、S010、S012、S013
690,885,109.27875,23.03291666666667,685.8395080566406,S002、S009、S010、S012、S013
690,891,109.28041666666667,23.03291666666667,686.7384338378906,S002、S009、S010、S012、S013
690,897,109.28208333333333,23.03291666666667,658.6377258300781,S010、S012、S013
690,903,109.28375,23.03291666666667,641.3855895996094,S010、S012、S013
690,909,109.28541666666666,23.03291666666667,621.6625366210938,S010、S012、S013、S014
696,513,109.17541666666666,23.03125,627.5188598632812,S003、S007、S015
696,519,109.17708333333333,23.03125,614.3665161132812,S003、S007、S015
696,525,109.17875000000001,23.03125,594.507080078125,S003、S007、S015
696,531,109.18041666666667,23.03125,594.6822509765625,S003、S007、S015
696,537,109.18208333333334,23.03125,620.49853515625,S003、S007、S015
696,543,109.18375,23.03125,621.0325012207031,S003、S007、S015
696,549,109.18541666666667,23.03125,607.9656677246094,S003、S007
696,555,109.18708333333333,23.03125,610.1481018066406,S003、S007
696,561,109.18875,23.03125,619.9058837890625,S003、S007、S015
696,567,109.19041666666666,23.03125,633.6260375976562,S003、S007、S015
696,573,109.19208333333333,23.03125,630.8039855957031,S003、S007、S015
696,579,109.19375,23.03125,677.9879455566406,S003、S007、S015
696,585,109.19541666666667,23.03125,668.5521240234375,S003、S007、S015
696,591,109.19708333333334,23.03125,671.1841125488281,S003、S007、S015
696,597,109.19875,23.03125,684.7240295410156,S003、S005、S007、S015
696,603,109.20041666666667,23.03125,656.7048645019531,S003、S007、S009、S015
696,609,109.20208333333333,23.03125,644.9756164550781,S003、S007、S009、S015
696,615,109.20375,23.03125,687.6412353515625,S003、S005、S007、S009、S015
696,621,109.20541666666666,23.03125,655.0827026367188,S005、S007、S009、S015
696,627,109.20708333333333,23.03125,665.8677673339844,S005、S007、S009、S015
696,633,109.20875,23.03125,641.4297180175781,S005、S007、S009、S015
696,639,109.21041666666667,23.03125,618.8964233398438,S005、S007、S009、S013、S015
696,645,109.21208333333334,23.03125,603.0688171386719,S005、S007、S009、S013
696,651,109.21375,23.03125,528.3753356933594,S007、S009、S013
696,657,109.21541666666667,23.03125,529.4117126464844,S002、S007、S009、S013
696,663,109.21708333333333,23.03125,506.5680694580078,S009、S013
696,669,109.21875,23.03125,499.9212188720703,S009、S013
696,675,109.22041666666667,23.03125,462.3248596191406,S009、S013
696,681,109.22208333333333,23.03125,474.43357849121094,S005、S009、S013
696,687,109.22375,23.03125,505.9184875488281,S005、S009、S013
696,693,109.22541666666666,23.03125,490.02491760253906,S005、S009、S013
696,699,109.22708333333334,23.03125,500.0166320800781,S005、S009、S013
696,705,109.22875,23.03125,507.4509582519531,S005、S009、S013
696,711,109.23041666666667,23.03125,479.0086975097656,S005、S009、S013
696,717,109.23208333333334,23.03125,442.0,S005、S009、S013
696,723,109.23375,23.03125,518.6599273681641,S005、S009、S013
696,729,109.23541666666667,23.03125,528.2943267822266,S005、S009、S013
696,735,109.23708333333333,23.03125,462.7805938720703,S005、S009、S013
696,741,109.23875,23.03125,457.85894775390625,S005、S009、S013
696,747,109.24041666666666,23.03125,446.99652099609375,S005、S009、S013
696,753,109.24208333333334,23.03125,457.3914337158203,S005、S009、S013
696,759,109.24375,23.03125,449.2205047607422,S005、S009、S013
696,765,109.24541666666667,23.03125,451.9795227050781,S005、S009、S013
696,771,109.24708333333334,23.03125,493.15589904785156,S005、S009、S013
696,777,109.24875,23.03125,506.4292297363281,S005、S009、S013
696,783,109.25041666666667,23.03125,476.1138153076172,S009、S013
696,789,109.25208333333333,23.03125,551.5368957519531,S005、S009、S013
696,795,109.25375,23.03125,557.1466979980469,S009、S013
696,801,109.25541666666666,23.03125,482.2187042236328,S009、S013
696,807,109.25708333333333,23.03125,520.2696380615234,S009、S013
696,813,109.25875,23.03125,534.0200347900391,S009、S013
696,819,109.26041666666667,23.03125,548.5397338867188,S009、S013
696,825,109.26208333333334,23.03125,554.423095703125,S009、S010、S013
696,831,109.26375,23.03125,577.6426391601562,S009、S010、S013
696,837,109.26541666666667,23.03125,540.6808776855469,S009、S010、S013
696,843,109.26708333333333,23.03125,580.9280700683594,S009、S010、S013
696,849,109.26875,23.03125,585.4945068359375,S009、S010、S012、S013
696,855,109.27041666666666,23.03125,594.9689025878906,S009、S010、S012、S013
696,861,109.27208333333333,23.03125,625.5716857910156,S009、S010、S012、S013
696,867,109.27375,23.03125,625.9333190917969,S009、S010、S012、S013
696,873,109.27541666666667,23.03125,671.9139099121094,S002、S009、S010、S012、S013
696,879,109.27708333333334,23.03125,665.072021484375,S002、S009、S010、S012、S013
696,885,109.27875,23.03125,712.5110778808594,S002、S009、S010、S012、S013
696,891,109.28041666666667,23.03125,740.9991760253906,S002、S009、S010、S012、S013
696,897,109.28208333333333,23.03125,707.3212280273438,S002、S009、S010、S012、S013
696,903,109.28375,23.03125,685.3788757324219,S010、S012、S013
696,909,109.28541666666666,23.03125,696.9579772949219,S010、S012、S013、S014
702,513,109.17541666666666,23.029583333333335,651.4627075195312,S003、S007、S015
702,519,109.17708333333333,23.029583333333335,667.9485778808594,S003、S007、S015
702,525,109.17875000000001,23.029583333333335,648.9246826171875,S003、S007、S015
702,531,109.18041666666667,23.029583333333335,637.3283081054688,S003、S007、S015
702,537,109.18208333333334,23.029583333333335,655.3030090332031,S003、S007、S015
702,543,109.18375,23.029583333333335,652.2748413085938,S003、S007、S015
702,549,109.18541666666667,23.029583333333335,634.8729858398438,S003、S007
702,555,109.18708333333333,23.029583333333335,637.4613952636719,S003、S007、S015
702,561,109.18875,23.029583333333335,636.3441772460938,S003、S007、S015
702,567,109.19041666666666,23.029583333333335,633.2182006835938,S003、S007、S015
702,573,109.19208333333333,23.029583333333335,623.6187133789062,S003、S007、S015
702,579,109.19375,23.029583333333335,631.2544555664062,S003、S007、S015
702,585,109.19541666666667,23.029583333333335,655.3897399902344,S003、S007、S015
702,591,109.19708333333334,23.029583333333335,653.031494140625,S003、S007、S015
702,597,109.19875,23.029583333333335,651.3510131835938,S003、S007、S015
702,603,109.20041666666667,23.029583333333335,652.9129943847656,S003、S007、S009、S015
702,609,109.20208333333333,23.029583333333335,638.6209106445312,S003、S007、S009、S015
702,615,109.20375,23.029583333333335,671.4075012207031,S003、S005、S007、S009、S015
702,621,109.20541666666666,23.029583333333335,678.5824584960938,S003、S007、S009、S015
702,627,109.20708333333333,23.029583333333335,661.9237976074219,S007、S009、S015
702,633,109.20875,23.029583333333335,666.1916198730469,S005、S007、S009、S015
702,639,109.21041666666667,23.029583333333335,627.8504028320312,S005、S007、S009、S013、S015
702,645,109.21208333333334,23.029583333333335,570.8018493652344,S007、S009、S013
702,651,109.21375,23.029583333333335,564.3418884277344,S007、S009、S013
702,657,109.21541666666667,23.029583333333335,577.7510070800781,S005、S007、S009、S013
702,663,109.21708333333333,23.029583333333335,542.4283142089844,S002、S009、S013
702,669,109.21875,23.029583333333335,526.7952575683594,S009、S013
702,675,109.22041666666667,23.029583333333335,493.82928466796875,S005、S009、S013
702,681,109.22208333333333,23.029583333333335,457.56166076660156,S005、S009、S013
702,687,109.22375,23.029583333333335,461.07774353027344,S009、S013
702,693,109.22541666666666,23.029583333333335,507.6565246582031,S005、S009、S013
702,699,109.22708333333334,23.029583333333335,479.018798828125,S005、S009、S013
702,705,109.22875,23.029583333333335,480.89024353027344,S005、S009、S013
702,711,109.23041666666667,23.029583333333335,480.7239227294922,S005、S009、S013
702,717,109.23208333333334,23.029583333333335,446.0438232421875,S005、S009、S013
702,723,109.23375,23.029583333333335,504.7553253173828,S005、S009、S013
702,729,109.23541666666667,23.029583333333335,459.1396484375,S005、S009、S013
702,735,109.23708333333333,23.029583333333335,473.95318603515625,S005、S009、S013
702,741,109.23875,23.029583333333335,453.13987731933594,S005、S009、S013
702,747,109.24041666666666,23.029583333333335,490.6454315185547,S005、S009、S013
702,753,109.24208333333334,23.029583333333335,472.47377014160156,S005、S009、S013
702,759,109.24375,23.029583333333335,472.6046905517578,S005、S009、S013
702,765,109.24541666666667,23.029583333333335,469.82684326171875,S005、S009、S013
702,771,109.24708333333334,23.029583333333335,465.55982971191406,S005、S009、S013
702,777,109.24875,23.029583333333335,474.16575622558594,S005、S009、S013
702,783,109.25041666666667,23.029583333333335,479.8904724121094,S009、S013
702,789,109.25208333333333,23.029583333333335,477.1108703613281,S009、S013
702,795,109.25375,23.029583333333335,522.2091064453125,S009、S013
702,801,109.25541666666666,23.029583333333335,487.5663146972656,S009、S013
702,807,109.25708333333333,23.029583333333335,484.1688232421875,S009、S013
702,813,109.25875,23.029583333333335,520.1770629882812,S009、S013
702,819,109.26041666666667,23.029583333333335,552.1465148925781,S009、S010、S013
702,825,109.26208333333334,23.029583333333335,548.8092956542969,S009、S010、S013
702,831,109.26375,23.029583333333335,588.47900390625,S009、S010、S013
702,837,109.26541666666667,23.029583333333335,555.3849487304688,S009、S010、S013
702,843,109.26708333333333,23.029583333333335,562.2154541015625,S009、S010、S013
702,849,109.26875,23.029583333333335,625.6995849609375,S009、S010、S012、S013
702,855,109.27041666666666,23.029583333333335,622.0074157714844,S009、S010、S012、S013
702,861,109.27208333333333,23.029583333333335,641.70703125,S009、S010、S012、S013
702,867,109.27375,23.029583333333335,634.6691589355469,S009、S010、S012、S013
702,873,109.27541666666667,23.029583333333335,635.93212890625,S009、S010、S012、S013
702,879,109.27708333333334,23.029583333333335,661.9249267578125,S002、S009、S010、S012、S013
702,885,109.27875,23.029583333333335,687.6641235351562,S002、S009、S010、S012、S013
702,891,109.28041666666667,23.029583333333335,716.7454528808594,S002、S009、S010、S012、S013
702,897,109.28208333333333,23.029583333333335,689.0901184082031,S002、S009、S010、S012、S013
702,903,109.28375,23.029583333333335,720.5125732421875,S009、S010、S012、S013、S014
702,909,109.28541666666666,23.029583333333335,689.6516418457031,S010、S012、S013、S014
702,915,109.28708333333333,23.029583333333335,677.6248779296875,S010、S012、S013、S014
708,507,109.17375,23.027916666666666,674.0640563964844,S003、S007、S015
708,513,109.17541666666666,23.027916666666666,687.2858276367188,S003、S007、S015
708,519,109.17708333333333,23.027916666666666,700.2759399414062,S003、S007、S015
708,525,109.17875000000001,23.027916666666666,682.9411926269531,S003、S007、S015
708,531,109.18041666666667,23.027916666666666,685.0170288085938,S003、S007、S015
708,537,109.18208333333334,23.027916666666666,646.7373657226562,S003、S007、S015
708,543,109.18375,23.027916666666666,673.7759094238281,S003、S007、S015
708,549,109.18541666666667,23.027916666666666,675.6776428222656,S003、S007、S015
708,555,109.18708333333333,23.027916666666666,647.4550476074219,S003、S007、S015
708,561,109.18875,23.027916666666666,658.67041015625,S003、S007、S015
708,567,109.19041666666666,23.027916666666666,650.5789489746094,S003、S007、S015
708,573,109.19208333333333,23.027916666666666,659.069091796875,S003、S007、S015
708,579,109.19375,23.027916666666666,668.9254455566406,S003、S007、S015
708,585,109.19541666666667,23.027916666666666,661.6812744140625,S003、S007、S015
708,591,109.19708333333334,23.027916666666666,658.0231628417969,S003、S007、S015
708,597,109.19875,23.027916666666666,666.6785888671875,S003、S007、S015
708,603,109.20041666666667,23.027916666666666,683.5254211425781,S003、S007、S015
708,609,109.20208333333333,23.027916666666666,680.1111755371094,S003、S007、S009、S015
708,615,109.20375,23.027916666666666,657.1602783203125,S003、S007、S009、S015
708,621,109.20541666666666,23.027916666666666,671.06787109375,S003、S007、S009、S015
708,627,109.20708333333333,23.027916666666666,656.4146423339844,S007、S009、S015
708,633,109.20875,23.027916666666666,677.958251953125,S005、S007、S009、S015
708,639,109.21041666666667,23.027916666666666,660.0757446289062,S005、S007、S009、S013、S015
708,645,109.21208333333334,23.027916666666666,617.7896423339844,S005、S007、S009、S013、S015
708,651,109.21375,23.027916666666666,597.4987487792969,S007、S009、S013
708,657,109.21541666666667,23.027916666666666,627.7028503417969,S005、S007、S009、S013、S015
708,663,109.21708333333333,23.027916666666666,568.3193054199219,S009、S013
708,669,109.21875,23.027916666666666,567.2515563964844,S005、S009、S013
708,675,109.22041666666667,23.027916666666666,522.1302642822266,S005、S009、S013
708,681,109.22208333333333,23.027916666666666,503.0076599121094,S005、S009、S013
708,687,109.22375,23.027916666666666,483.4812927246094,S009、S013
708,693,109.22541666666666,23.027916666666666,460.0579528808594,S009、S013
708,699,109.22708333333334,23.027916666666666,468.7725067138672,S005、S009、S013
708,705,109.22875,23.027916666666666,454.97862243652344,S005、S009、S013
708,711,109.23041666666667,23.027916666666666,487.78277587890625,S005、S009、S013
708,717,109.23208333333334,23.027916666666666,440.5,S009、S013
708,723,109.23375,23.027916666666666,445.6005401611328,S005、S009、S013
708,729,109.23541666666667,23.027916666666666,480.0274963378906,S005、S009、S013
708,735,109.23708333333333,23.027916666666666,445.0257263183594,S005、S009、S013
708,741,109.23875,23.027916666666666,456.71282958984375,S005、S009、S013
708,747,109.24041666666666,23.027916666666666,485.05621337890625,S005、S009、S013
708,753,109.24208333333334,23.027916666666666,552.2451782226562,S005、S009、S013
708,759,109.24375,23.027916666666666,513.7449493408203,S005、S009、S013
708,765,109.24541666666667,23.027916666666666,528.072021484375,S005、S009、S013
708,771,109.24708333333334,23.027916666666666,512.2247161865234,S005、S009、S013
708,777,109.24875,23.027916666666666,521.3613433837891,S005、S009、S013
708,783,109.25041666666667,23.027916666666666,493.2117614746094,S009、S013
708,789,109.25208333333333,23.027916666666666,527.8137817382812,S009、S013
708,795,109.25375,23.027916666666666,489.60472106933594,S009、S013
708,801,109.25541666666666,23.027916666666666,543.5938873291016,S009、S013
708,807,109.25708333333333,23.027916666666666,512.0158081054688,S009、S013
708,813,109.25875,23.027916666666666,507.5105285644531,S009、S013
708,819,109.26041666666667,23.027916666666666,493.81898498535156,S009、S010、S013
708,825,109.26208333333334,23.027916666666666,536.3096008300781,S009、S010、S013
708,831,109.26375,23.027916666666666,535.5505523681641,S009、S010、S013
708,837,109.26541666666667,23.027916666666666,606.8065490722656,S009、S010、S013
708,843,109.26708333333333,23.027916666666666,633.4143371582031,S009、S010、S012、S013
708,849,109.26875,23.027916666666666,652.874755859375,S009、S010、S012、S013
708,855,109.27041666666666,23.027916666666666,617.5831604003906,S009、S010、S012、S013
708,861,109.27208333333333,23.027916666666666,654.7583618164062,S009、S010、S012、S013
708,867,109.27375,23.027916666666666,629.7683715820312,S009、S010、S012、S013
708,873,109.27541666666667,23.027916666666666,637.8395080566406,S009、S010、S012、S013
708,879,109.27708333333334,23.027916666666666,652.1204833984375,S002、S009、S010、S012、S013
708,885,109.27875,23.027916666666666,661.9333190917969,S002、S009、S010、S012、S013
708,891,109.28041666666667,23.027916666666666,666.4743041992188,S002、S009、S010、S012、S013
708,897,109.28208333333333,23.027916666666666,663.2420043945312,S002、S010、S012、S013
708,903,109.28375,23.027916666666666,667.9308776855469,S002、S010、S012、S013
708,909,109.28541666666666,23.027916666666666,701.3626403808594,S009、S010、S012、S013、S014
708,915,109.28708333333333,23.027916666666666,731.253662109375,S010、S012、S013、S014
714,507,109.17375,23.02625,716.3305358886719,S003、S007、S015
714,513,109.17541666666666,23.02625,716.8588562011719,S003、S007、S015
714,519,109.17708333333333,23.02625,747.6339416503906,S003、S007、S015
714,525,109.17875000000001,23.02625,746.4013671875,S003、S007、S015
714,531,109.18041666666667,23.02625,699.4957580566406,S003、S007、S015
714,537,109.18208333333334,23.02625,680.8429870605469,S003、S007、S015
714,543,109.18375,23.02625,689.8890075683594,S003、S007、S015
714,549,109.18541666666667,23.02625,697.5269470214844,S003、S007、S015
714,555,109.18708333333333,23.02625,662.8958740234375,S003、S007、S015
714,561,109.18875,23.02625,672.37744140625,S003、S007、S015
714,567,109.19041666666666,23.02625,650.9871520996094,S003、S007、S015
714,573,109.19208333333333,23.02625,677.2546997070312,S003、S007、S015
714,579,109.19375,23.02625,685.4689331054688,S003、S007、S015
714,585,109.19541666666667,23.02625,717.5767517089844,S003、S007、S015
714,591,109.19708333333334,23.02625,703.3373107910156,S003、S007、S015
714,597,109.19875,23.02625,694.4211730957031,S003、S007、S015
714,603,109.20041666666667,23.02625,690.2821044921875,S003、S007、S015
714,609,109.20208333333333,23.02625,669.6180419921875,S003、S007、S009、S015
714,615,109.20375,23.02625,674.5525512695312,S003、S007、S009、S015
714,621,109.20541666666666,23.02625,691.9165954589844,S003、S007、S009、S015
714,627,109.20708333333333,23.02625,648.6163330078125,S003、S007、S009、S015
714,633,109.20875,23.02625,640.9215393066406,S005、S007、S009、S015
714,639,109.21041666666667,23.02625,597.8143920898438,S007、S009、S015
714,645,109.21208333333334,23.02625,594.1488342285156,S007、S009、S013、S015
714,651,109.21375,23.02625,571.2335510253906,S007、S009、S013
714,657,109.21541666666667,23.02625,546.1643981933594,S007、S009、S013
714,663,109.21708333333333,23.02625,552.6796112060547,S007、S009、S013
714,669,109.21875,23.02625,572.5723876953125,S005、S007、S009、S013
714,675,109.22041666666667,23.02625,535.8403930664062,S005、S009、S013
714,681,109.22208333333333,23.02625,524.7313537597656,S005、S009、S013
714,687,109.22375,23.02625,523.8718719482422,S005、S009、S013
714,693,109.22541666666666,23.02625,517.0091705322266,S005、S009、S013
714,699,109.22708333333334,23.02625,499.1924743652344,S005、S009、S013
714,705,109.22875,23.02625,461.4084167480469,S005、S009、S013
714,711,109.23041666666667,23.02625,439.5,S009、S013
714,717,109.23208333333334,23.02625,480.10398864746094,S005、S009、S013
714,723,109.23375,23.02625,525.9443511962891,S005、S009、S013
714,729,109.23541666666667,23.02625,526.5451354980469,S005、S009、S013
714,735,109.23708333333333,23.02625,472.71905517578125,S005、S009、S013
714,741,109.23875,23.02625,475.2276306152344,S005、S009、S013
714,747,109.24041666666666,23.02625,502.7969970703125,S005、S009、S013
714,753,109.24208333333334,23.02625,553.6773529052734,S005、S009、S013
714,759,109.24375,23.02625,574.5778198242188,S005、S009、S013
714,765,109.24541666666667,23.02625,537.6645355224609,S005、S009、S013
714,771,109.24708333333334,23.02625,562.0154418945312,S005、S009、S013
714,777,109.24875,23.02625,537.2371520996094,S005、S009、S013
714,783,109.25041666666667,23.02625,553.5087127685547,S005、S009、S013
714,789,109.25208333333333,23.02625,534.74951171875,S005、S009、S013
714,795,109.25375,23.02625,481.74098205566406,S009、S013
714,801,109.25541666666666,23.02625,588.8151550292969,S005、S009、S010、S013
714,807,109.25708333333333,23.02625,534.8881683349609,S009、S013
714,813,109.25875,23.02625,589.5213012695312,S009、S010、S013
714,819,109.26041666666667,23.02625,537.6973419189453,S009、S010、S013
714,825,109.26208333333334,23.02625,555.3254852294922,S009、S010、S013
714,831,109.26375,23.02625,592.3325805664062,S009、S010、S013
714,837,109.26541666666667,23.02625,629.7845764160156,S009、S010、S012、S013
714,843,109.26708333333333,23.02625,599.6076354980469,S009、S010、S013
714,849,109.26875,23.02625,601.4224853515625,S009、S010、S012、S013
714,855,109.27041666666666,23.02625,629.1516418457031,S009、S010、S012、S013
714,861,109.27208333333333,23.02625,635.4865417480469,S009、S010、S012、S013
714,867,109.27375,23.02625,654.5926818847656,S009、S010、S012、S013
714,873,109.27541666666667,23.02625,648.7221069335938,S009、S010、S012、S013
714,879,109.27708333333334,23.02625,679.3417663574219,S009、S010、S012、S013
714,885,109.27875,23.02625,651.0748596191406,S009、S010、S012、S013
714,891,109.28041666666667,23.02625,654.4268798828125,S009、S010、S012、S013
714,897,109.28208333333333,23.02625,666.8704833984375,S010、S012、S013、S014
714,903,109.28375,23.02625,705.3377685546875,S002、S009、S010、S012、S013、S014
714,909,109.28541666666666,23.02625,770.4505615234375,S009、S010、S012、S013、S014
714,915,109.28708333333333,23.02625,793.9632568359375,S009、S010、S012、S013、S014
720,507,109.17375,23.024583333333332,783.1466674804688,S003、S007、S015
720,513,109.17541666666666,23.024583333333332,843.9625854492188,S003、S007、S015
720,519,109.17708333333333,23.024583333333332,803.0444946289062,S003、S007、S015
720,525,109.17875000000001,23.024583333333332,792.4851989746094,S003、S007、S015
720,531,109.18041666666667,23.024583333333332,770.2022094726562,S003、S007、S015
720,537,109.18208333333334,23.024583333333332,758.3624267578125,S003、S007、S015
720,543,109.18375,23.024583333333332,741.7337951660156,S003、S007、S015
720,549,109.18541666666667,23.024583333333332,720.4237060546875,S003、S007、S015
720,555,109.18708333333333,23.024583333333332,707.0729064941406,S003、S007、S015
720,561,109.18875,23.024583333333332,721.8022155761719,S003、S007、S015
720,567,109.19041666666666,23.024583333333332,654.3720092773438,S003、S007、S015
720,573,109.19208333333333,23.024583333333332,737.4413452148438,S003、S007、S015
720,579,109.19375,23.024583333333332,731.2159729003906,S003、S007、S015
720,585,109.19541666666667,23.024583333333332,771.3847351074219,S003、S005、S007、S015
720,591,109.19708333333334,23.024583333333332,769.2841491699219,S003、S005、S007、S015
720,597,109.19875,23.024583333333332,750.8712768554688,S003、S005、S007、S015
720,603,109.20041666666667,23.024583333333332,729.84619140625,S003、S007、S015
720,609,109.20208333333333,23.024583333333332,737.1764526367188,S003、S007、S015
720,615,109.20375,23.024583333333332,717.8300170898438,S003、S007、S009、S015
720,621,109.20541666666666,23.024583333333332,683.3151550292969,S003、S007、S009、S015
720,627,109.20708333333333,23.024583333333332,617.8597717285156,S003、S007、S009、S015
720,633,109.20875,23.024583333333332,582.4442749023438,S003、S007、S009、S015
720,639,109.21041666666667,23.024583333333332,577.2196044921875,S007、S009、S015
720,645,109.21208333333334,23.024583333333332,558.5911865234375,S007、S009、S013、S015
720,651,109.21375,23.024583333333332,557.1864318847656,S007、S009、S013
720,657,109.21541666666667,23.024583333333332,551.2533264160156,S007、S009、S013
720,663,109.21708333333333,23.024583333333332,514.2265167236328,S009、S013
720,669,109.21875,23.024583333333332,527.3092193603516,S009、S013
720,675,109.22041666666667,23.024583333333332,537.2150726318359,S009、S013
720,681,109.22208333333333,23.024583333333332,507.3704833984375,S009、S013
720,687,109.22375,23.024583333333332,523.8261413574219,S005、S009、S013
720,693,109.22541666666666,23.024583333333332,503.5574493408203,S009、S013
720,699,109.22708333333334,23.024583333333332,492.7793731689453,S005、S009、S013
720,705,109.22875,23.024583333333332,438.9994812011719,S005、S009、S013
720,711,109.23041666666667,23.024583333333332,462.62696838378906,S009、S013
720,717,109.23208333333334,23.024583333333332,506.4877471923828,S005、S009、S013
720,723,109.23375,23.024583333333332,506.5006103515625,S005、S009、S013
720,729,109.23541666666667,23.024583333333332,500.0157012939453,S005、S009、S013
720,735,109.23708333333333,23.024583333333332,477.943115234375,S005、S009、S013
720,741,109.23875,23.024583333333332,513.8477783203125,S005、S009、S013
720,747,109.24041666666666,23.024583333333332,531.21044921875,S005、S009、S013
720,753,109.24208333333334,23.024583333333332,494.7414245605469,S005、S009、S013
720,759,109.24375,23.024583333333332,499.7493133544922,S005、S009、S013
720,765,109.24541666666667,23.024583333333332,539.1215209960938,S005、S009、S013
720,771,109.24708333333334,23.024583333333332,580.2094421386719,S005、S009、S013
720,777,109.24875,23.024583333333332,564.293212890625,S005、S009、S013
720,783,109.25041666666667,23.024583333333332,562.3469543457031,S005、S009、S013
720,789,109.25208333333333,23.024583333333332,530.0081634521484,S005、S009、S013
720,795,109.25375,23.024583333333332,485.72962951660156,S009、S013
720,801,109.25541666666666,23.024583333333332,496.69725036621094,S009、S013
720,807,109.25708333333333,23.024583333333332,562.7109375,S009、S010、S013
720,813,109.25875,23.024583333333332,570.300537109375,S009、S010、S013
720,819,109.26041666666667,23.024583333333332,542.2003173828125,S009、S010、S013
720,825,109.26208333333334,23.024583333333332,587.8333129882812,S009、S010、S013
720,831,109.26375,23.024583333333332,618.5797729492188,S009、S010、S013
720,837,109.26541666666667,23.024583333333332,600.0641784667969,S009、S010、S013
720,843,109.26708333333333,23.024583333333332,678.8059997558594,S009、S010、S012、S013
720,849,109.26875,23.024583333333332,662.387451171875,S009、S010、S012、S013
720,855,109.27041666666666,23.024583333333332,674.5469055175781,S009、S010、S012、S013
720,861,109.27208333333333,23.024583333333332,634.3371276855469,S009、S010、S012、S013
720,867,109.27375,23.024583333333332,690.6686096191406,S009、S010、S012、S013
720,873,109.27541666666667,23.024583333333332,697.5302124023438,S009、S010、S012、S013
720,879,109.27708333333334,23.024583333333332,720.4463806152344,S002、S009、S010、S012、S013
720,885,109.27875,23.024583333333332,670.8169860839844,S009、S010、S012、S013
720,891,109.28041666666667,23.024583333333332,677.1380920410156,S009、S010、S012、S013
720,897,109.28208333333333,23.024583333333332,690.7881774902344,S002、S009、S010、S012、S013、S014
720,903,109.28375,23.024583333333332,698.135498046875,S002、S010、S012、S013、S014
720,909,109.28541666666666,23.024583333333332,694.5459594726562,S010、S012、S013、S014
720,915,109.28708333333333,23.024583333333332,736.2076721191406,S009、S010、S012、S013、S014
720,921,109.28875,23.024583333333332,771.4290466308594,S009、S010、S012、S013、S014
726,501,109.17208333333333,23.022916666666667,715.3438415527344,S003、S007、S015
726,507,109.17375,23.022916666666667,793.4362487792969,S003、S007、S015
726,513,109.17541666666666,23.022916666666667,780.262451171875,S003、S007、S015
726,519,109.17708333333333,23.022916666666667,803.6328430175781,S003、S007、S015
726,525,109.17875000000001,23.022916666666667,818.7734985351562,S003、S007、S015
726,531,109.18041666666667,23.022916666666667,811.7215270996094,S003、S007、S015
726,537,109.18208333333334,23.022916666666667,811.9852294921875,S003、S007、S015
726,543,109.18375,23.022916666666667,816.5264282226562,S003、S007、S015
726,549,109.18541666666667,23.022916666666667,763.5633850097656,S003、S007、S015
726,555,109.18708333333333,23.022916666666667,748.3191223144531,S003、S007、S015
726,561,109.18875,23.022916666666667,784.726318359375,S003、S007、S015
726,567,109.19041666666666,23.022916666666667,741.6432495117188,S003、S007、S015
726,573,109.19208333333333,23.022916666666667,678.4292602539062,S003、S007、S015
726,579,109.19375,23.022916666666667,774.4284973144531,S003、S007、S015
726,585,109.19541666666667,23.022916666666667,863.2267456054688,S003、S005、S007、S015
726,591,109.19708333333334,23.022916666666667,886.4820556640625,S003、S005、S007、S015
726,597,109.19875,23.022916666666667,825.1536254882812,S003、S005、S007、S015
726,603,109.20041666666667,23.022916666666667,783.7290954589844,S003、S007、S015
726,609,109.20208333333333,23.022916666666667,815.4917602539062,S003、S005、S007、S015
726,615,109.20375,23.022916666666667,738.5448303222656,S003、S007、S015
726,621,109.20541666666666,23.022916666666667,670.7169494628906,S003、S007、S009、S015
726,627,109.20708333333333,23.022916666666667,654.1597900390625,S003、S007、S009、S015
726,633,109.20875,23.022916666666667,631.4538879394531,S003、S007、S009、S015
726,639,109.21041666666667,23.022916666666667,566.9691162109375,S003、S007、S009、S015
726,645,109.21208333333334,23.022916666666667,567.33349609375,S003、S009、S013、S015
726,651,109.21375,23.022916666666667,527.2287139892578,S009、S013
726,657,109.21541666666667,23.022916666666667,543.8206176757812,S009、S013
726,663,109.21708333333333,23.022916666666667,497.3487548828125,S009、S013
726,669,109.21875,23.022916666666667,508.417724609375,S009、S013
726,675,109.22041666666667,23.022916666666667,520.6451721191406,S009、S013
726,681,109.22208333333333,23.022916666666667,492.83848571777344,S009、S013
726,687,109.22375,23.022916666666667,512.0775909423828,S009、S013
726,693,109.22541666666666,23.022916666666667,476.20643615722656,S009、S013
726,699,109.22708333333334,23.022916666666667,438.03179931640625,S009、S013
726,705,109.22875,23.022916666666667,440.02020263671875,S009、S013
726,711,109.23041666666667,23.022916666666667,482.8611297607422,S009、S013
726,717,109.23208333333334,23.022916666666667,469.77976989746094,S009、S013
726,723,109.23375,23.022916666666667,473.11798095703125,S005、S009、S013
726,729,109.23541666666667,23.022916666666667,488.4920654296875,S005、S009、S013
726,735,109.23708333333333,23.022916666666667,488.27728271484375,S005、S009、S013
726,741,109.23875,23.022916666666667,520.0200042724609,S005、S009、S013
726,747,109.24041666666666,23.022916666666667,516.584716796875,S005、S009、S013
726,753,109.24208333333334,23.022916666666667,495.0806884765625,S005、S009、S013
726,759,109.24375,23.022916666666667,555.9334411621094,S005、S009、S013
726,765,109.24541666666667,23.022916666666667,584.40478515625,S005、S009、S013
726,771,109.24708333333334,23.022916666666667,614.9838256835938,S005、S009、S010、S013
726,777,109.24875,23.022916666666667,580.6995239257812,S005、S009、S013
726,783,109.25041666666667,23.022916666666667,541.7510833740234,S005、S009、S013
726,789,109.25208333333333,23.022916666666667,495.29344177246094,S005、S009、S013
726,795,109.25375,23.022916666666667,543.9617614746094,S005、S009、S013
726,801,109.25541666666666,23.022916666666667,491.0441589355469,S009、S013
726,807,109.25708333333333,23.022916666666667,519.2047271728516,S009、S010、S013
726,813,109.25875,23.022916666666667,590.6077575683594,S009、S010、S013
726,819,109.26041666666667,23.022916666666667,535.4622497558594,S009、S010、S013
726,825,109.26208333333334,23.022916666666667,598.0042419433594,S009、S010、S013
726,831,109.26375,23.022916666666667,578.2333374023438,S009、S010、S013
726,837,109.26541666666667,23.022916666666667,619.4825744628906,S009、S010、S013
726,843,109.26708333333333,23.022916666666667,630.9121704101562,S009、S010、S012、S013
726,849,109.26875,23.022916666666667,616.0398864746094,S009、S010、S012、S013
726,855,109.27041666666666,23.022916666666667,675.40625,S009、S010、S012、S013
726,861,109.27208333333333,23.022916666666667,719.0903015136719,S009、S010、S012、S013
726,867,109.27375,23.022916666666667,724.83203125,S009、S010、S012、S013
726,873,109.27541666666667,23.022916666666667,696.2478332519531,S009、S010、S012、S013
726,879,109.27708333333334,23.022916666666667,685.1644592285156,S009、S010、S012、S013
726,885,109.27875,23.022916666666667,642.7320251464844,S010、S012、S013
726,891,109.28041666666667,23.022916666666667,663.7743530273438,S010、S012、S013
726,897,109.28208333333333,23.022916666666667,682.7794494628906,S010、S012、S013、S014
726,903,109.28375,23.022916666666667,709.6497192382812,S002、S010、S012、S013、S014
726,909,109.28541666666666,23.022916666666667,714.0150451660156,S002、S010、S012、S013、S014
726,915,109.28708333333333,23.022916666666667,750.35302734375,S002、S009、S010、S012、S013、S014
726,921,109.28875,23.022916666666667,748.1885986328125,S010、S012、S013、S014
732,501,109.17208333333333,23.021250000000002,732.4720153808594,S003、S007、S015
732,507,109.17375,23.021250000000002,743.7894592285156,S003、S007、S015
732,513,109.17541666666666,23.021250000000002,705.9074401855469,S003、S007、S015
732,519,109.17708333333333,23.021250000000002,719.988037109375,S003、S007、S015
732,525,109.17875000000001,23.021250000000002,768.3143310546875,S003、S007、S015
732,531,109.18041666666667,23.021250000000002,768.9302978515625,S003、S007、S015
732,537,109.18208333333334,23.021250000000002,750.8289489746094,S003、S007、S015
732,543,109.18375,23.021250000000002,799.1387023925781,S003、S007、S015
732,549,109.18541666666667,23.021250000000002,852.2341918945312,S003、S007、S015
732,555,109.18708333333333,23.021250000000002,844.33154296875,S003、S007、S015
732,561,109.18875,23.021250000000002,812.7066650390625,S003、S007、S015
732,567,109.19041666666666,23.021250000000002,762.010009765625,S003、S007、S015
732,573,109.19208333333333,23.021250000000002,719.1894836425781,S003、S007、S015
732,579,109.19375,23.021250000000002,747.2787170410156,S003、S007、S015
732,585,109.19541666666667,23.021250000000002,786.6686096191406,S003、S007、S015
732,591,109.19708333333334,23.021250000000002,829.282470703125,S003、S005、S007、S015
732,597,109.19875,23.021250000000002,791.7068176269531,S003、S007、S015
732,603,109.20041666666667,23.021250000000002,786.8421936035156,S003、S007、S015
732,609,109.20208333333333,23.021250000000002,791.8326110839844,S003、S005、S007、S015
732,615,109.20375,23.021250000000002,677.0355529785156,S003、S007、S015
732,621,109.20541666666666,23.021250000000002,631.7841796875,S003、S007、S015
732,627,109.20708333333333,23.021250000000002,606.1304931640625,S003、S007、S009、S015
732,633,109.20875,23.021250000000002,614.0739135742188,S003、S007、S009、S015
732,639,109.21041666666667,23.021250000000002,583.8629150390625,S003、S007、S009、S015
732,645,109.21208333333334,23.021250000000002,568.7660522460938,S003、S009、S013、S015
732,651,109.21375,23.021250000000002,538.5837554931641,S003、S009、S013
732,657,109.21541666666667,23.021250000000002,523.6935882568359,S009、S013
732,663,109.21708333333333,23.021250000000002,524.5901794433594,S009、S013
732,669,109.21875,23.021250000000002,520.2201843261719,S009、S013
732,675,109.22041666666667,23.021250000000002,482.60218811035156,S009、S013
732,681,109.22208333333333,23.021250000000002,473.66094970703125,S009、S013
732,687,109.22375,23.021250000000002,505.4329376220703,S009、S013
732,693,109.22541666666666,23.021250000000002,519.0417022705078,S009、S013
732,699,109.22708333333334,23.021250000000002,479.11207580566406,S005、S009、S013
732,705,109.22875,23.021250000000002,448.0716552734375,S009、S013
732,711,109.23041666666667,23.021250000000002,439.74610900878906,S009、S013
732,717,109.23208333333334,23.021250000000002,466.4775848388672,S009、S013
732,723,109.23375,23.021250000000002,444.89772033691406,S009、S013
732,729,109.23541666666667,23.021250000000002,451.60255432128906,S005、S009、S013
732,735,109.23708333333333,23.021250000000002,456.38356018066406,S005、S009、S013
732,741,109.23875,23.021250000000002,456.95533752441406,S005、S009、S013
732,747,109.24041666666666,23.021250000000002,476.5802001953125,S005、S009、S013
732,753,109.24208333333334,23.021250000000002,471.15618896484375,S005、S009、S013
732,759,109.24375,23.021250000000002,504.1826934814453,S005、S009、S013
732,765,109.24541666666667,23.021250000000002,513.4192047119141,S005、S009、S013
732,771,109.24708333333334,23.021250000000002,554.6859130859375,S005、S009、S013
732,777,109.24875,23.021250000000002,552.9508972167969,S005、S009、S013
732,783,109.25041666666667,23.021250000000002,512.2261962890625,S005、S009、S013
732,789,109.25208333333333,23.021250000000002,496.4010467529297,S005、S009、S013
732,795,109.25375,23.021250000000002,542.4090728759766,S005、S009、S013
732,801,109.25541666666666,23.021250000000002,562.1281127929688,S005、S009、S010、S013
732,807,109.25708333333333,23.021250000000002,511.16326904296875,S009、S010、S013
732,813,109.25875,23.021250000000002,563.1958312988281,S009、S010、S013
732,819,109.26041666666667,23.021250000000002,571.5797729492188,S009、S010、S013
732,825,109.26208333333334,23.021250000000002,571.3196105957031,S009、S010、S013
732,831,109.26375,23.021250000000002,578.5174865722656,S009、S010、S013
732,837,109.26541666666667,23.021250000000002,599.1541748046875,S009、S010、S013
732,843,109.26708333333333,23.021250000000002,604.9261474609375,S009、S010、S012、S013
732,849,109.26875,23.021250000000002,611.0603332519531,S009、S010、S012、S013
732,855,109.27041666666666,23.021250000000002,632.1519775390625,S009、S010、S012、S013
732,861,109.27208333333333,23.021250000000002,675.6467590332031,S009、S010、S012、S013
732,867,109.27375,23.021250000000002,693.4445495605469,S009、S010、S012、S013
732,873,109.27541666666667,23.021250000000002,660.2046203613281,S009、S010、S012、S013
732,879,109.27708333333334,23.021250000000002,656.2047119140625,S009、S010、S012、S013、S014
732,885,109.27875,23.021250000000002,663.182373046875,S009、S010、S012、S013、S014
732,891,109.28041666666667,23.021250000000002,662.783203125,S010、S012、S013、S014
732,897,109.28208333333333,23.021250000000002,716.3394775390625,S002、S009、S010、S012、S013、S014
732,903,109.28375,23.021250000000002,772.5068054199219,S002、S009、S010、S012、S013、S014
732,909,109.28541666666666,23.021250000000002,763.5370178222656,S002、S009、S010、S012、S013、S014
732,915,109.28708333333333,23.021250000000002,798.2155456542969,S002、S009、S010、S012、S013、S014
732,921,109.28875,23.021250000000002,826.7543334960938,S009、S010、S012、S013、S014
738,501,109.17208333333333,23.019583333333333,705.7380065917969,S003、S007、S015
738,507,109.17375,23.019583333333333,684.8296508789062,S003、S007、S015
738,513,109.17541666666666,23.019583333333333,668.0048522949219,S003、S015
738,519,109.17708333333333,23.019583333333333,681.6324157714844,S003、S007、S015
738,525,109.17875000000001,23.019583333333333,727.9109497070312,S003、S007、S015
738,531,109.18041666666667,23.019583333333333,689.8074340820312,S003、S007
738,537,109.18208333333334,23.019583333333333,683.2538452148438,S003、S007
738,543,109.18375,23.019583333333333,727.7261047363281,S003、S007、S015
738,549,109.18541666666667,23.019583333333333,820.7569580078125,S003、S007、S015
738,555,109.18708333333333,23.019583333333333,927.3923950195312,S003、S005、S007、S015
738,561,109.18875,23.019583333333333,828.7702026367188,S003、S007、S015
738,567,109.19041666666666,23.019583333333333,759.0955505371094,S003、S007、S015
738,573,109.19208333333333,23.019583333333333,707.7847595214844,S003、S007、S015
738,579,109.19375,23.019583333333333,707.9983520507812,S003、S007、S015
738,585,109.19541666666667,23.019583333333333,728.4710083007812,S003、S007、S015
738,591,109.19708333333334,23.019583333333333,773.1917114257812,S003、S007、S015
738,597,109.19875,23.019583333333333,720.9371643066406,S003、S007、S015
738,603,109.20041666666667,23.019583333333333,713.0084533691406,S003、S007、S015
738,609,109.20208333333333,23.019583333333333,730.6588134765625,S003、S007、S015
738,615,109.20375,23.019583333333333,659.409423828125,S003、S007、S015
738,621,109.20541666666666,23.019583333333333,634.411865234375,S003、S007、S015
738,627,109.20708333333333,23.019583333333333,628.7455749511719,S003、S007、S009、S015
738,633,109.20875,23.019583333333333,615.4228820800781,S003、S007、S009、S015
738,639,109.21041666666667,23.019583333333333,568.11962890625,S003、S009、S015
738,645,109.21208333333334,23.019583333333333,564.3629455566406,S003、S009、S013、S015
738,651,109.21375,23.019583333333333,588.8109130859375,S003、S009、S013、S015
738,657,109.21541666666667,23.019583333333333,526.7791595458984,S003、S009、S013
738,663,109.21708333333333,23.019583333333333,517.6604919433594,S009、S013
738,669,109.21875,23.019583333333333,486.4825744628906,S009、S013
738,675,109.22041666666667,23.019583333333333,478.0630187988281,S009、S013
738,681,109.22208333333333,23.019583333333333,481.39793395996094,S009、S013
738,687,109.22375,23.019583333333333,485.4124450683594,S009、S013
738,693,109.22541666666666,23.019583333333333,458.17140197753906,S009、S013
738,699,109.22708333333334,23.019583333333333,477.8351135253906,S005、S009、S013
738,705,109.22875,23.019583333333333,465.55482482910156,S009、S013
738,711,109.23041666666667,23.019583333333333,432.181640625,S009、S013
738,717,109.23208333333334,23.019583333333333,444.8016357421875,S009、S013
738,723,109.23375,23.019583333333333,488.8832702636719,S009、S013
738,729,109.23541666666667,23.019583333333333,477.95379638671875,S005、S009、S013
738,735,109.23708333333333,23.019583333333333,484.2052001953125,S005、S009、S013
738,741,109.23875,23.019583333333333,495.3269958496094,S005、S009、S013
738,747,109.24041666666666,23.019583333333333,482.5997009277344,S005、S009、S013
738,753,109.24208333333334,23.019583333333333,480.8110046386719,S005、S009、S013
738,759,109.24375,23.019583333333333,466.96018981933594,S005、S009、S013
738,765,109.24541666666667,23.019583333333333,478.5904083251953,S005、S009、S013
738,771,109.24708333333334,23.019583333333333,527.2687072753906,S005、S009、S013
738,777,109.24875,23.019583333333333,547.5084838867188,S005、S009、S013
738,783,109.25041666666667,23.019583333333333,537.8766021728516,S005、S009、S013
738,789,109.25208333333333,23.019583333333333,518.2181091308594,S005、S009、S013
738,795,109.25375,23.019583333333333,527.1042785644531,S005、S009、S013
738,801,109.25541666666666,23.019583333333333,589.2474670410156,S005、S009、S013
738,807,109.25708333333333,23.019583333333333,522.6802520751953,S009、S010、S013
738,813,109.25875,23.019583333333333,556.197509765625,S009、S010、S013
738,819,109.26041666666667,23.019583333333333,591.0439758300781,S009、S010、S013
738,825,109.26208333333334,23.019583333333333,582.1877746582031,S009、S010、S013
738,831,109.26375,23.019583333333333,628.6737670898438,S009、S010、S013
738,837,109.26541666666667,23.019583333333333,619.0033569335938,S009、S010、S012、S013
738,843,109.26708333333333,23.019583333333333,630.6625671386719,S009、S010、S012、S013
738,849,109.26875,23.019583333333333,635.5517578125,S009、S010、S012、S013
738,855,109.27041666666666,23.019583333333333,674.7673034667969,S009、S010、S012、S013
738,861,109.27208333333333,23.019583333333333,673.4358825683594,S009、S010、S012、S013
738,867,109.27375,23.019583333333333,639.6229248046875,S010、S012、S013、S014
738,873,109.27541666666667,23.019583333333333,643.9429626464844,S010、S012、S013、S014
738,879,109.27708333333334,23.019583333333333,625.1220703125,S010、S012、S013、S014
738,885,109.27875,23.019583333333333,643.8588562011719,S010、S012、S013、S014
738,891,109.28041666666667,23.019583333333333,674.2572937011719,S009、S010、S012、S013、S014
738,897,109.28208333333333,23.019583333333333,701.1762084960938,S010、S012、S013、S014
738,903,109.28375,23.019583333333333,740.283203125,S002、S009、S010、S012、S013、S014
738,909,109.28541666666666,23.019583333333333,765.91455078125,S009、S010、S012、S013、S014
738,915,109.28708333333333,23.019583333333333,795.8583984375,S009、S010、S012、S013、S014
738,921,109.28875,23.019583333333333,799.3545532226562,S009、S010、S012、S013、S014
738,927,109.29041666666667,23.019583333333333,820.2921752929688,S009、S010、S012、S013、S014
744,501,109.17208333333333,23.017916666666668,724.8545227050781,S003、S015
744,507,109.17375,23.017916666666668,689.3239135742188,S003、S015
744,513,109.17541666666666,23.017916666666668,635.9934692382812,S003、S015
744,519,109.17708333333333,23.017916666666668,648.745361328125,S003
744,525,109.17875000000001,23.017916666666668,687.8082275390625,S003、S007
744,531,109.18041666666667,23.017916666666668,650.1124267578125,S003、S007
744,537,109.18208333333334,23.017916666666668,686.2740173339844,S003、S007
744,543,109.18375,23.017916666666668,742.3151245117188,S003、S007、S015
744,549,109.18541666666667,23.017916666666668,799.2374572753906,S003、S007、S015
744,555,109.18708333333333,23.017916666666668,881.2772827148438,S003、S007、S015
744,561,109.18875,23.017916666666668,795.1865234375,S003、S007、S015
744,567,109.19041666666666,23.017916666666668,767.2759094238281,S003、S007、S015
744,573,109.19208333333333,23.017916666666668,725.1523742675781,S003、S007、S015
744,579,109.19375,23.017916666666668,677.3203125,S003、S007、S015
744,585,109.19541666666667,23.017916666666668,675.3890380859375,S003、S007、S015
744,591,109.19708333333334,23.017916666666668,695.6150512695312,S003、S007、S015
744,597,109.19875,23.017916666666668,662.1907958984375,S003、S007、S015
744,603,109.20041666666667,23.017916666666668,718.1846313476562,S003、S007、S015
744,609,109.20208333333333,23.017916666666668,805.2331237792969,S003、S005、S007、S015
744,615,109.20375,23.017916666666668,686.0244140625,S003、S007、S015
744,621,109.20541666666666,23.017916666666668,660.0741882324219,S007、S015
744,627,109.20708333333333,23.017916666666668,585.2330017089844,S007、S015
744,633,109.20875,23.017916666666668,601.7110290527344,S009、S015
744,639,109.21041666666667,23.017916666666668,549.3519897460938,S009、S015
744,645,109.21208333333334,23.017916666666668,568.2682189941406,S009、S013、S015
744,651,109.21375,23.017916666666668,540.7780456542969,S003、S009、S013、S015
744,657,109.21541666666667,23.017916666666668,563.194580078125,S003、S009、S013、S015
744,663,109.21708333333333,23.017916666666668,517.7778472900391,S003、S009、S013
744,669,109.21875,23.017916666666668,560.920166015625,S003、S009、S013
744,675,109.22041666666667,23.017916666666668,531.4603881835938,S009、S013
744,681,109.22208333333333,23.017916666666668,510.73516845703125,S009、S013
744,687,109.22375,23.017916666666668,472.58111572265625,S009、S013
744,693,109.22541666666666,23.017916666666668,471.5950927734375,S009、S013
744,699,109.22708333333334,23.017916666666668,447.11436462402344,S009、S013
744,705,109.22875,23.017916666666668,488.44989013671875,S005、S009、S013
744,711,109.23041666666667,23.017916666666668,433.4369659423828,S009、S013
744,717,109.23208333333334,23.017916666666668,436.9499969482422,S009、S013
744,723,109.23375,23.017916666666668,438.0405578613281,S009、S013
744,729,109.23541666666667,23.017916666666668,489.0953369140625,S009、S013
744,735,109.23708333333333,23.017916666666668,469.9401397705078,S005、S009、S013
744,741,109.23875,23.017916666666668,446.8740234375,S005、S009、S013
744,747,109.24041666666666,23.017916666666668,472.3539733886719,S005、S009、S013
744,753,109.24208333333334,23.017916666666668,449.67222595214844,S005、S009、S013
744,759,109.24375,23.017916666666668,517.8483123779297,S005、S009、S013
744,765,109.24541666666667,23.017916666666668,497.19407653808594,S005、S009、S013
744,771,109.24708333333334,23.017916666666668,539.9943542480469,S005、S009、S013
744,777,109.24875,23.017916666666668,507.17926025390625,S005、S009、S013
744,783,109.25041666666667,23.017916666666668,570.3782653808594,S005、S009、S013
744,789,109.25208333333333,23.017916666666668,543.7190093994141,S005、S009、S013
744,795,109.25375,23.017916666666668,572.6533203125,S005、S009、S013
744,801,109.25541666666666,23.017916666666668,608.4136047363281,S005、S009、S010、S013
744,807,109.25708333333333,23.017916666666668,602.1463928222656,S005、S009、S010、S013
744,813,109.25875,23.017916666666668,579.7501220703125,S009、S010、S013
744,819,109.26041666666667,23.017916666666668,609.6122741699219,S009、S010、S013
744,825,109.26208333333334,23.017916666666668,637.9907531738281,S009、S010、S013
744,831,109.26375,23.017916666666668,617.6337280273438,S009、S010、S013
744,837,109.26541666666667,23.017916666666668,613.1793518066406,S009、S010、S013
744,843,109.26708333333333,23.017916666666668,637.7417907714844,S009、S010、S012、S013
744,849,109.26875,23.017916666666668,669.435791015625,S009、S010、S012、S013
744,855,109.27041666666666,23.017916666666668,640.3582458496094,S009、S010、S012、S013、S014
744,861,109.27208333333333,23.017916666666668,653.7667846679688,S009、S010、S012、S013、S014
744,867,109.27375,23.017916666666668,620.5715026855469,S009、S010、S012、S013、S014
744,873,109.27541666666667,23.017916666666668,623.6261901855469,S010、S012、S013、S014
744,879,109.27708333333334,23.017916666666668,645.1487426757812,S010、S012、S013、S014
744,885,109.27875,23.017916666666668,675.5064697265625,S010、S012、S013、S014
744,891,109.28041666666667,23.017916666666668,673.7761535644531,S009、S010、S012、S013、S014
744,897,109.28208333333333,23.017916666666668,674.5290832519531,S010、S012、S013、S014
744,903,109.28375,23.017916666666668,745.1023559570312,S009、S010、S012、S013、S014
744,909,109.28541666666666,23.017916666666668,783.1634826660156,S009、S010、S012、S013、S014
744,915,109.28708333333333,23.017916666666668,794.9633178710938,S009、S010、S012、S013、S014
744,921,109.28875,23.017916666666668,750.550048828125,S010、S012、S013、S014
744,927,109.29041666666667,23.017916666666668,800.2135009765625,S010、S012、S013、S014
750,501,109.17208333333333,23.01625,676.5980834960938,S003、S015
750,507,109.17375,23.01625,671.0647583007812,S003、S015
750,513,109.17541666666666,23.01625,667.6084594726562,S003、S015
750,519,109.17708333333333,23.01625,672.707275390625,S003
750,531,109.18041666666667,23.01625,629.1166687011719,S007
750,537,109.18208333333334,23.01625,711.0108032226562,S003、S007
750,543,109.18375,23.01625,797.2129821777344,S003、S007、S015
750,549,109.18541666666667,23.01625,805.02197265625,S003、S007、S015
750,555,109.18708333333333,23.01625,891.8403930664062,S003、S007、S015
750,561,109.18875,23.01625,899.7645263671875,S003、S007、S015
750,567,109.19041666666666,23.01625,831.9873046875,S003、S007、S015
750,573,109.19208333333333,23.01625,776.4214477539062,S003、S007、S015
750,579,109.19375,23.01625,692.1580200195312,S003、S007、S015
750,585,109.19541666666667,23.01625,640.9853210449219,S003、S007、S015
750,591,109.19708333333334,23.01625,656.7205810546875,S003、S007、S015
750,597,109.19875,23.01625,673.9984741210938,S003、S007、S015
750,603,109.20041666666667,23.01625,762.1499633789062,S003、S007、S015
750,609,109.20208333333333,23.01625,797.7541198730469,S003、S007、S015
750,615,109.20375,23.01625,692.34765625,S003、S007、S015
750,621,109.20541666666666,23.01625,640.73291015625,S007、S015
750,627,109.20708333333333,23.01625,596.9296569824219,S015
750,633,109.20875,23.01625,557.7679443359375,S015
750,639,109.21041666666667,23.01625,562.1728210449219,S009、S015
750,645,109.21208333333334,23.01625,564.8074340820312,S009、S015
750,651,109.21375,23.01625,538.5378265380859,S009、S013、S015
750,657,109.21541666666667,23.01625,529.9815368652344,S009、S013、S015
750,663,109.21708333333333,23.01625,537.9631652832031,S009、S013
750,669,109.21875,23.01625,517.3550415039062,S003、S009、S013
750,675,109.22041666666667,23.01625,559.9774475097656,S003、S009、S013
750,681,109.22208333333333,23.01625,564.5758361816406,S003、S009、S013
750,687,109.22375,23.01625,516.6481170654297,S009、S013
750,693,109.22541666666666,23.01625,468.0696563720703,S009、S013
750,699,109.22708333333334,23.01625,464.64625549316406,S009、S013
750,705,109.22875,23.01625,458.7846221923828,S009、S013
750,711,109.23041666666667,23.01625,474.7286071777344,S009、S013
750,717,109.23208333333334,23.01625,472.53733825683594,S009、S013
750,723,109.23375,23.01625,436.37408447265625,S009、S013
750,729,109.23541666666667,23.01625,440.80230712890625,S009、S013
750,735,109.23708333333333,23.01625,440.4270935058594,S005、S009、S013
750,741,109.23875,23.01625,492.60986328125,S005、S009、S013
750,747,109.24041666666666,23.01625,468.3683166503906,S005、S009、S013
750,753,109.24208333333334,23.01625,499.20721435546875,S005、S009、S013
750,759,109.24375,23.01625,462.43601989746094,S005、S009、S013
750,765,109.24541666666667,23.01625,487.6526184082031,S005、S009、S013
750,771,109.24708333333334,23.01625,507.3801727294922,S005、S009、S013
750,777,109.24875,23.01625,548.4181518554688,S005、S009、S013
750,783,109.25041666666667,23.01625,524.0497131347656,S005、S009、S013
750,789,109.25208333333333,23.01625,565.1667785644531,S005、S009、S010、S013
750,795,109.25375,23.01625,601.3008728027344,S005、S009、S010、S013
750,801,109.25541666666666,23.01625,609.4869079589844,S005、S009、S010、S013
750,807,109.25708333333333,23.01625,639.015380859375,S005、S009、S010、S013
750,813,109.25875,23.01625,597.1857604980469,S005、S009、S010、S013
750,819,109.26041666666667,23.01625,615.8770751953125,S009、S010、S013
750,825,109.26208333333334,23.01625,646.7756958007812,S009、S010、S013
750,831,109.26375,23.01625,656.9182434082031,S009、S010、S012、S013
750,837,109.26541666666667,23.01625,673.1195373535156,S009、S010、S012、S013
750,843,109.26708333333333,23.01625,670.7185974121094,S009、S010、S012、S013
750,849,109.26875,23.01625,677.2525939941406,S009、S010、S012、S013、S014
750,855,109.27041666666666,23.01625,654.3049926757812,S009、S010、S012、S013、S014
750,861,109.27208333333333,23.01625,620.7209777832031,S010、S012、S013、S014
750,867,109.27375,23.01625,613.7891845703125,S010、S012、S013、S014
750,873,109.27541666666667,23.01625,659.7530822753906,S010、S012、S013、S014
750,879,109.27708333333334,23.01625,648.5419616699219,S010、S012、S013、S014
750,885,109.27875,23.01625,679.0690002441406,S010、S012、S013、S014
750,891,109.28041666666667,23.01625,654.4147338867188,S010、S012、S013、S014
750,897,109.28208333333333,23.01625,692.8081970214844,S009、S010、S012、S013、S014
750,903,109.28375,23.01625,711.0683898925781,S010、S012、S013、S014
750,909,109.28541666666666,23.01625,715.4642333984375,S010、S012、S013、S014
750,915,109.28708333333333,23.01625,728.3596496582031,S010、S012、S013、S014
750,921,109.28875,23.01625,724.3228454589844,S010、S012、S013、S014
750,927,109.29041666666667,23.01625,786.9933166503906,S010、S012、S013、S014
756,495,109.17041666666667,23.014583333333334,718.2547607421875,S003、S015
756,501,109.17208333333333,23.014583333333334,707.7036437988281,S003、S015
756,507,109.17375,23.014583333333334,645.8929748535156,S003、S015
756,513,109.17541666666666,23.014583333333334,618.2379455566406,S003
756,519,109.17708333333333,23.014583333333334,652.6657409667969,S003
756,537,109.18208333333334,23.014583333333334,685.1024169921875,S003
756,543,109.18375,23.014583333333334,743.1871337890625,S003、S007、S015
756,549,109.18541666666667,23.014583333333334,771.9678344726562,S003、S007、S015
756,555,109.18708333333333,23.014583333333334,779.4496765136719,S003、S007、S015
756,561,109.18875,23.014583333333334,849.6635131835938,S003、S007、S015
756,567,109.19041666666666,23.014583333333334,838.6217651367188,S003、S007、S015
756,573,109.19208333333333,23.014583333333334,854.1109008789062,S003、S007、S015
756,579,109.19375,23.014583333333334,770.9889221191406,S003、S007、S015
756,585,109.19541666666667,23.014583333333334,655.4652099609375,S003、S007、S015
756,591,109.19708333333334,23.014583333333334,611.2822570800781,S003、S007
756,597,109.19875,23.014583333333334,669.66162109375,S003、S007、S015
756,603,109.20041666666667,23.014583333333334,710.8424377441406,S003、S007、S015
756,609,109.20208333333333,23.014583333333334,716.4139709472656,S003、S007、S015
756,615,109.20375,23.014583333333334,658.7925415039062,S003、S015
756,621,109.20541666666666,23.014583333333334,590.0467224121094,S003、S015
756,627,109.20708333333333,23.014583333333334,551.6180877685547,S015
756,633,109.20875,23.014583333333334,534.2533874511719,S015
756,639,109.21041666666667,23.014583333333334,518.1484069824219,S015
756,645,109.21208333333334,23.014583333333334,525.4332733154297,S009、S015
756,651,109.21375,23.014583333333334,541.0679016113281,S009、S013、S015
756,657,109.21541666666667,23.014583333333334,511.5462341308594,S009、S013、S015
756,663,109.21708333333333,23.014583333333334,524.8283843994141,S009、S013、S015
756,669,109.21875,23.014583333333334,546.2784576416016,S009、S013
756,675,109.22041666666667,23.014583333333334,521.9698944091797,S009、S013
756,681,109.22208333333333,23.014583333333334,545.7079162597656,S003、S009、S013
756,687,109.22375,23.014583333333334,502.5910186767578,S009、S013
756,693,109.22541666666666,23.014583333333334,509.6297302246094,S009、S013
756,699,109.22708333333334,23.014583333333334,442.8414001464844,S009、S013
756,705,109.22875,23.014583333333334,435.27227783203125,S009、S013
756,711,109.23041666666667,23.014583333333334,448.28440856933594,S009、S013
756,717,109.23208333333334,23.014583333333334,440.4722900390625,S009、S013
756,723,109.23375,23.014583333333334,498.7725524902344,S009、S013
756,729,109.23541666666667,23.014583333333334,463.6394958496094,S009、S013
756,735,109.23708333333333,23.014583333333334,447.7914733886719,S005、S009、S013
756,741,109.23875,23.014583333333334,458.5536804199219,S005、S009、S013
756,747,109.24041666666666,23.014583333333334,488.1760711669922,S005、S009、S013
756,753,109.24208333333334,23.014583333333334,499.0640563964844,S005、S009、S013
756,759,109.24375,23.014583333333334,506.0238494873047,S005、S009、S013
756,765,109.24541666666667,23.014583333333334,531.6133880615234,S005、S009、S013
756,771,109.24708333333334,23.014583333333334,541.1170654296875,S005、S009、S013
756,777,109.24875,23.014583333333334,595.8625183105469,S005、S009、S010、S013
756,783,109.25041666666667,23.014583333333334,547.9331207275391,S005、S009、S013
756,789,109.25208333333333,23.014583333333334,591.4651794433594,S005、S009、S010、S013
756,795,109.25375,23.014583333333334,640.8544616699219,S005、S009、S010、S013
756,801,109.25541666666666,23.014583333333334,618.7645568847656,S005、S009、S010、S013
756,807,109.25708333333333,23.014583333333334,583.4730834960938,S005、S009、S010、S013
756,813,109.25875,23.014583333333334,603.8892211914062,S005、S009、S010、S013
756,819,109.26041666666667,23.014583333333334,606.5863342285156,S005、S009、S010、S013
756,825,109.26208333333334,23.014583333333334,630.5486755371094,S009、S010、S013
756,831,109.26375,23.014583333333334,626.7457275390625,S009、S010、S013
756,837,109.26541666666667,23.014583333333334,658.4298706054688,S009、S010、S012、S013
756,843,109.26708333333333,23.014583333333334,685.7103881835938,S009、S010、S012、S013
756,849,109.26875,23.014583333333334,652.3143005371094,S009、S010、S012、S013、S014
756,855,109.27041666666666,23.014583333333334,610.9548950195312,S009、S010、S013、S014
756,861,109.27208333333333,23.014583333333334,623.1495361328125,S009、S010、S012、S013、S014
756,867,109.27375,23.014583333333334,659.3517761230469,S009、S010、S012、S013、S014
756,873,109.27541666666667,23.014583333333334,658.7571716308594,S009、S010、S012、S013、S014
756,879,109.27708333333334,23.014583333333334,732.458984375,S009、S010、S012、S013、S014
756,885,109.27875,23.014583333333334,733.5088806152344,S009、S010、S012、S013、S014
756,891,109.28041666666667,23.014583333333334,690.5823364257812,S010、S012、S013、S014
756,897,109.28208333333333,23.014583333333334,735.7986450195312,S009、S010、S012、S013、S014
756,903,109.28375,23.014583333333334,684.699462890625,S010、S012、S013、S014
756,909,109.28541666666666,23.014583333333334,680.4474182128906,S010、S012、S013、S014
756,915,109.28708333333333,23.014583333333334,703.8455505371094,S010、S012、S013、S014
756,921,109.28875,23.014583333333334,721.5422668457031,S010、S012、S013、S014
756,927,109.29041666666667,23.014583333333334,743.3522033691406,S010、S012、S013、S014
762,495,109.17041666666667,23.012916666666666,663.5440979003906,S003、S015
762,501,109.17208333333333,23.012916666666666,683.2144165039062,S003、S015
762,507,109.17375,23.012916666666666,605.9179382324219,S003
762,513,109.17541666666666,23.012916666666666,658.9107971191406,S003
762,519,109.17708333333333,23.012916666666666,682.1549072265625,S003
762,537,109.18208333333334,23.012916666666666,689.1028442382812,S003
762,543,109.18375,23.012916666666666,690.3251342773438,S003、S015
762,549,109.18541666666667,23.012916666666666,719.4399719238281,S003、S015
762,555,109.18708333333333,23.012916666666666,720.9903869628906,S003、S007、S015
762,561,109.18875,23.012916666666666,807.858154296875,S003、S007、S015
762,567,109.19041666666666,23.012916666666666,806.6008911132812,S003、S007、S015
762,573,109.19208333333333,23.012916666666666,821.2786865234375,S003、S007、S015
762,579,109.19375,23.012916666666666,748.5809326171875,S003、S007、S015
762,585,109.19541666666667,23.012916666666666,678.8870849609375,S007、S015
762,591,109.19708333333334,23.012916666666666,626.6214599609375,S007
762,597,109.19875,23.012916666666666,639.4861145019531,S003、S007
762,603,109.20041666666667,23.012916666666666,668.853759765625,S003、S015
762,609,109.20208333333333,23.012916666666666,685.531005859375,S003、S015
762,615,109.20375,23.012916666666666,623.0166625976562,S003、S015
762,621,109.20541666666666,23.012916666666666,573.2176513671875,S003、S015
762,627,109.20708333333333,23.012916666666666,541.1534729003906,S015
762,633,109.20875,23.012916666666666,519.7228088378906,S015
762,639,109.21041666666667,23.012916666666666,509.6518859863281,S015
762,645,109.21208333333334,23.012916666666666,490.92308044433594,S015
762,651,109.21375,23.012916666666666,533.9992065429688,S009、S013、S015
762,657,109.21541666666667,23.012916666666666,503.39044189453125,S009、S013、S015
762,663,109.21708333333333,23.012916666666666,531.0565795898438,S009、S013、S015
762,669,109.21875,23.012916666666666,491.1232452392578,S009、S013
762,675,109.22041666666667,23.012916666666666,498.9024658203125,S009、S013
762,681,109.22208333333333,23.012916666666666,467.2234344482422,S009、S013
762,687,109.22375,23.012916666666666,462.8152770996094,S009、S013
762,693,109.22541666666666,23.012916666666666,455.36181640625,S009、S013
762,699,109.22708333333334,23.012916666666666,454.0468292236328,S009、S013
762,705,109.22875,23.012916666666666,445.885986328125,S009、S013
762,711,109.23041666666667,23.012916666666666,451.8184051513672,S009、S013
762,717,109.23208333333334,23.012916666666666,456.7545623779297,S009、S013
762,723,109.23375,23.012916666666666,461.1148681640625,S009、S013
762,729,109.23541666666667,23.012916666666666,483.1973419189453,S009、S013
762,735,109.23708333333333,23.012916666666666,492.2509765625,S005、S009、S013
762,741,109.23875,23.012916666666666,481.97886657714844,S005、S009、S013
762,747,109.24041666666666,23.012916666666666,487.3037414550781,S005、S009、S013
762,753,109.24208333333334,23.012916666666666,551.1456298828125,S005、S009、S013
762,759,109.24375,23.012916666666666,488.29554748535156,S005、S009、S013
762,765,109.24541666666667,23.012916666666666,549.1282196044922,S005、S009、S013
762,771,109.24708333333334,23.012916666666666,625.3946533203125,S005、S009、S010、S013
762,777,109.24875,23.012916666666666,643.3841857910156,S005、S009、S010、S013
762,783,109.25041666666667,23.012916666666666,603.7901306152344,S005、S009、S010、S013
762,789,109.25208333333333,23.012916666666666,618.7344360351562,S005、S009、S010、S013
762,795,109.25375,23.012916666666666,622.5820007324219,S005、S009、S010、S013
762,801,109.25541666666666,23.012916666666666,585.1476440429688,S005、S009、S010、S013
762,807,109.25708333333333,23.012916666666666,580.1077575683594,S005、S009、S010、S013
762,813,109.25875,23.012916666666666,610.7738037109375,S005、S009、S010、S013
762,819,109.26041666666667,23.012916666666666,647.6239318847656,S005、S009、S010、S013
762,825,109.26208333333334,23.012916666666666,624.5420837402344,S009、S010、S013
762,831,109.26375,23.012916666666666,582.320556640625,S009、S010、S013
762,837,109.26541666666667,23.012916666666666,614.1366271972656,S009、S010、S013
762,843,109.26708333333333,23.012916666666666,686.1420593261719,S009、S010、S012、S013、S014
762,849,109.26875,23.012916666666666,662.3471984863281,S009、S010、S012、S013、S014
762,855,109.27041666666666,23.012916666666666,603.7118835449219,S009、S010、S013、S014
762,861,109.27208333333333,23.012916666666666,600.7892456054688,S009、S010、S013、S014
762,867,109.27375,23.012916666666666,660.7499084472656,S010、S012、S013、S014
762,873,109.27541666666667,23.012916666666666,684.54833984375,S009、S010、S012、S013、S014
762,879,109.27708333333334,23.012916666666666,737.9565734863281,S009、S010、S012、S013、S014
762,885,109.27875,23.012916666666666,761.4599609375,S009、S010、S012、S013、S014
762,891,109.28041666666667,23.012916666666666,742.3997497558594,S009、S010、S012、S013、S014
762,897,109.28208333333333,23.012916666666666,720.2751770019531,S010、S012、S013、S014
762,903,109.28375,23.012916666666666,674.4313049316406,S010、S012、S013、S014
762,909,109.28541666666666,23.012916666666666,653.2569580078125,S010、S012、S013、S014
762,915,109.28708333333333,23.012916666666666,686.4249572753906,S010、S012、S013、S014
762,921,109.28875,23.012916666666666,710.1441040039062,S010、S012、S013、S014
762,927,109.29041666666667,23.012916666666666,697.82568359375,S010、S012、S013、S014
768,495,109.17041666666667,23.01125,615.6897888183594,S003
768,501,109.17208333333333,23.01125,640.6535034179688,S003
768,507,109.17375,23.01125,578.8395690917969,S003
768,513,109.17541666666666,23.01125,646.7126159667969,S003
768,519,109.17708333333333,23.01125,678.0599975585938,S003
768,543,109.18375,23.01125,641.4380798339844,S015
768,555,109.18708333333333,23.01125,720.5790100097656,S007、S015
768,561,109.18875,23.01125,752.6097412109375,S003、S007、S015
768,567,109.19041666666666,23.01125,777.8816223144531,S003、S007、S015
768,573,109.19208333333333,23.01125,817.24755859375,S003、S007、S015
768,579,109.19375,23.01125,784.4024658203125,S003、S015
768,585,109.19541666666667,23.01125,702.8662109375,S015
768,591,109.19708333333334,23.01125,655.17822265625,S015
768,603,109.20041666666667,23.01125,609.2490234375,S003
768,609,109.20208333333333,23.01125,606.4006042480469,S003、S015
768,615,109.20375,23.01125,629.9079284667969,S003、S015
768,621,109.20541666666666,23.01125,571.5417785644531,S003
768,627,109.20708333333333,23.01125,571.1013488769531,S003、S015
768,633,109.20875,23.01125,561.6908874511719,S015
768,639,109.21041666666667,23.01125,530.7925262451172,S015
768,645,109.21208333333334,23.01125,538.4366149902344,S015
768,651,109.21375,23.01125,522.4083557128906,S015
768,657,109.21541666666667,23.01125,502.36451721191406,S013、S015
768,663,109.21708333333333,23.01125,489.5857696533203,S009、S013、S015
768,669,109.21875,23.01125,489.7263641357422,S009、S013
768,675,109.22041666666667,23.01125,496.5620422363281,S009、S013
768,681,109.22208333333333,23.01125,505.4773712158203,S009、S013
768,687,109.22375,23.01125,491.2657775878906,S009、S013
768,693,109.22541666666666,23.01125,496.6957550048828,S009、S013
768,699,109.22708333333334,23.01125,450.7050323486328,S009、S013
768,705,109.22875,23.01125,490.4253234863281,S009、S013
768,711,109.23041666666667,23.01125,427.0422134399414,S009、S013
768,717,109.23208333333334,23.01125,448.668212890625,S009、S013
768,723,109.23375,23.01125,458.0355682373047,S009、S013
768,729,109.23541666666667,23.01125,470.32061767578125,S009、S013
768,735,109.23708333333333,23.01125,483.48313903808594,S005、S009、S013
768,741,109.23875,23.01125,478.6570129394531,S005、S009、S013
768,747,109.24041666666666,23.01125,503.4505920410156,S005、S009、S013
768,753,109.24208333333334,23.01125,556.6224670410156,S005、S009、S013
768,759,109.24375,23.01125,516.5942535400391,S005、S009、S013
768,765,109.24541666666667,23.01125,522.6449890136719,S005、S009、S013
768,771,109.24708333333334,23.01125,583.2349243164062,S005、S009、S010、S013
768,777,109.24875,23.01125,608.2911987304688,S005、S009、S010、S013
768,783,109.25041666666667,23.01125,587.2779846191406,S005、S009、S010、S013
768,789,109.25208333333333,23.01125,611.2565002441406,S005、S009、S010、S013
768,795,109.25375,23.01125,650.7002563476562,S005、S009、S010、S013
768,801,109.25541666666666,23.01125,585.71533203125,S005、S009、S010、S013
768,807,109.25708333333333,23.01125,604.3753967285156,S005、S009、S010、S013
768,813,109.25875,23.01125,633.9024353027344,S005、S009、S010、S013
768,819,109.26041666666667,23.01125,641.940673828125,S005、S009、S010、S013
768,825,109.26208333333334,23.01125,660.0801086425781,S005、S009、S010、S013
768,831,109.26375,23.01125,587.1968994140625,S009、S010、S013
768,837,109.26541666666667,23.01125,627.0115051269531,S009、S010、S013
768,843,109.26708333333333,23.01125,638.58740234375,S009、S010、S013、S014
768,849,109.26875,23.01125,589.1203918457031,S009、S010、S013、S014
768,855,109.27041666666666,23.01125,603.9863586425781,S009、S010、S013、S014
768,861,109.27208333333333,23.01125,630.9717712402344,S009、S010、S012、S013、S014
768,867,109.27375,23.01125,653.4698181152344,S009、S010、S012、S013、S014
768,873,109.27541666666667,23.01125,671.1755676269531,S010、S012、S013、S014
768,879,109.27708333333334,23.01125,760.2606811523438,S009、S010、S012、S013、S014
768,885,109.27875,23.01125,818.4447631835938,S009、S010、S012、S013、S014
768,891,109.28041666666667,23.01125,744.9450988769531,S010、S012、S013、S014
768,897,109.28208333333333,23.01125,686.9228515625,S010、S012、S013、S014
768,903,109.28375,23.01125,681.7559509277344,S010、S012、S013、S014
768,909,109.28541666666666,23.01125,646.7287902832031,S010、S012、S013、S014
768,915,109.28708333333333,23.01125,652.6126098632812,S010、S012、S013、S014
768,921,109.28875,23.01125,711.9786682128906,S010、S012、S013、S014
768,927,109.29041666666667,23.01125,658.9881591796875,S010、S012、S013、S014
774,501,109.17208333333333,23.009583333333335,591.3877868652344,S003
774,507,109.17375,23.009583333333335,594.7930297851562,S003
774,513,109.17541666666666,23.009583333333335,590.9125366210938,S003
774,519,109.17708333333333,23.009583333333335,666.2280883789062,S003
774,555,109.18708333333333,23.009583333333335,790.7420654296875,S003、S007、S015
774,561,109.18875,23.009583333333335,690.3627319335938,S015
774,567,109.19041666666666,23.009583333333335,731.4852294921875,S003、S015
774,573,109.19208333333333,23.009583333333335,762.636962890625,S003、S007、S015
774,579,109.19375,23.009583333333335,798.3572692871094,S003、S015
774,585,109.19541666666667,23.009583333333335,692.4777526855469,S015
774,609,109.20208333333333,23.009583333333335,584.3753967285156,S015
774,615,109.20375,23.009583333333335,640.5974731445312,S003、S015
774,621,109.20541666666666,23.009583333333335,623.2202758789062,S003、S015
774,627,109.20708333333333,23.009583333333335,577.3917541503906,S003、S015
774,633,109.20875,23.009583333333335,555.00341796875,S003、S015
774,639,109.21041666666667,23.009583333333335,541.8833160400391,S015
774,645,109.21208333333334,23.009583333333335,511.5895690917969,S015
774,651,109.21375,23.009583333333335,469.94805908203125,S015
774,657,109.21541666666667,23.009583333333335,485.62742614746094,S013、S015
774,663,109.21708333333333,23.009583333333335,510.4877014160156,S013、S015
774,669,109.21875,23.009583333333335,500.4951934814453,S009、S013、S015
774,675,109.22041666666667,23.009583333333335,510.93479919433594,S009、S013、S015
774,681,109.22208333333333,23.009583333333335,492.05206298828125,S009、S013
774,687,109.22375,23.009583333333335,492.8545379638672,S009、S013
774,693,109.22541666666666,23.009583333333335,464.1643829345703,S009、S013
774,699,109.22708333333334,23.009583333333335,474.83819580078125,S009、S013
774,705,109.22875,23.009583333333335,461.32106018066406,S009、S013
774,711,109.23041666666667,23.009583333333335,433.52427673339844,S009、S013
774,717,109.23208333333334,23.009583333333335,441.21533203125,S009、S013
774,723,109.23375,23.009583333333335,464.3394012451172,S009、S013
774,729,109.23541666666667,23.009583333333335,514.1964263916016,S009、S013
774,735,109.23708333333333,23.009583333333335,544.0255279541016,S009、S013
774,741,109.23875,23.009583333333335,550.2161254882812,S005、S009、S013
774,747,109.24041666666666,23.009583333333335,516.7401885986328,S005、S009、S013
774,753,109.24208333333334,23.009583333333335,538.0590972900391,S005、S009、S013
774,759,109.24375,23.009583333333335,576.9760437011719,S005、S009、S013
774,765,109.24541666666667,23.009583333333335,573.4972229003906,S005、S009、S010、S013
774,771,109.24708333333334,23.009583333333335,624.5795593261719,S005、S009、S010、S013
774,777,109.24875,23.009583333333335,633.2281188964844,S005、S009、S010、S013
774,783,109.25041666666667,23.009583333333335,613.4663696289062,S005、S009、S010、S013
774,789,109.25208333333333,23.009583333333335,597.9130249023438,S005、S009、S010、S013
774,795,109.25375,23.009583333333335,636.7695007324219,S005、S009、S010、S013
774,801,109.25541666666666,23.009583333333335,610.5899047851562,S005、S009、S010、S013
774,807,109.25708333333333,23.009583333333335,602.2955932617188,S005、S009、S010、S013
774,813,109.25875,23.009583333333335,633.0661315917969,S005、S009、S010、S013
774,819,109.26041666666667,23.009583333333335,665.8626403808594,S005、S009、S010、S013
774,825,109.26208333333334,23.009583333333335,678.9261474609375,S005、S009、S010、S013
774,831,109.26375,23.009583333333335,619.6581726074219,S009、S010、S013
774,837,109.26541666666667,23.009583333333335,585.4563598632812,S009、S010、S013、S014
774,843,109.26708333333333,23.009583333333335,563.2185363769531,S009、S010、S013、S014
774,849,109.26875,23.009583333333335,576.3537292480469,S009、S010、S013、S014
774,855,109.27041666666666,23.009583333333335,605.4263610839844,S009、S010、S013、S014
774,861,109.27208333333333,23.009583333333335,644.208984375,S009、S010、S012、S013、S014
774,867,109.27375,23.009583333333335,689.7113647460938,S009、S010、S012、S013、S014
774,873,109.27541666666667,23.009583333333335,732.3093566894531,S009、S010、S012、S013、S014
774,879,109.27708333333334,23.009583333333335,774.1552429199219,S009、S010、S012、S013、S014
774,885,109.27875,23.009583333333335,848.1599731445312,S009、S010、S012、S013、S014
774,891,109.28041666666667,23.009583333333335,762.4429321289062,S010、S012、S013、S014
774,897,109.28208333333333,23.009583333333335,703.3435974121094,S010、S012、S013、S014
774,903,109.28375,23.009583333333335,652.7560424804688,S010、S012、S013、S014
774,909,109.28541666666666,23.009583333333335,619.3221130371094,S010、S012、S013、S014
774,915,109.28708333333333,23.009583333333335,644.4803161621094,S010、S012、S013、S014
774,921,109.28875,23.009583333333335,693.0275268554688,S010、S012、S013、S014
774,927,109.29041666666667,23.009583333333335,655.9244384765625,S010、S013、S014
780,507,109.17375,23.007916666666667,605.2782592773438,S003
780,519,109.17708333333333,23.007916666666667,615.8308715820312,S003
780,549,109.18541666666667,23.007916666666667,708.1101379394531,S015
780,555,109.18708333333333,23.007916666666667,722.3343811035156,S015
780,561,109.18875,23.007916666666667,665.6669921875,S015
780,567,109.19041666666666,23.007916666666667,654.5810241699219,S015
780,573,109.19208333333333,23.007916666666667,689.8356323242188,S015
780,579,109.19375,23.007916666666667,686.7835998535156,S015
780,585,109.19541666666667,23.007916666666667,633.559326171875,S015
780,591,109.19708333333334,23.007916666666667,633.2318115234375,S015
780,609,109.20208333333333,23.007916666666667,614.8588562011719,S015
780,615,109.20375,23.007916666666667,615.2335205078125,S015
780,621,109.20541666666666,23.007916666666667,573.5977783203125,S015
780,633,109.20875,23.007916666666667,567.3359680175781,S003、S015
780,639,109.21041666666667,23.007916666666667,539.3287200927734,S015
780,645,109.21208333333334,23.007916666666667,519.1218566894531,S015
780,651,109.21375,23.007916666666667,529.8873901367188,S015
780,657,109.21541666666667,23.007916666666667,467.96922302246094,S015
780,663,109.21708333333333,23.007916666666667,494.0924072265625,S013、S015
780,669,109.21875,23.007916666666667,474.56101989746094,S013、S015
780,675,109.22041666666667,23.007916666666667,499.52748107910156,S013、S015
780,681,109.22208333333333,23.007916666666667,479.80712890625,S009、S013
780,687,109.22375,23.007916666666667,490.91908264160156,S009、S013
780,693,109.22541666666666,23.007916666666667,484.2374572753906,S009、S013
780,699,109.22708333333334,23.007916666666667,509.06370544433594,S009、S013
780,705,109.22875,23.007916666666667,448.50140380859375,S009、S013
780,711,109.23041666666667,23.007916666666667,432.8155517578125,S009、S013
780,717,109.23208333333334,23.007916666666667,450.5666046142578,S009、S013
780,723,109.23375,23.007916666666667,476.95201110839844,S009、S013
780,729,109.23541666666667,23.007916666666667,496.48524475097656,S009、S013
780,735,109.23708333333333,23.007916666666667,527.4667510986328,S009、S013
780,741,109.23875,23.007916666666667,498.00140380859375,S005、S009、S013
780,747,109.24041666666666,23.007916666666667,503.8065490722656,S005、S009、S013
780,753,109.24208333333334,23.007916666666667,550.2362670898438,S005、S009、S013
780,759,109.24375,23.007916666666667,605.5502319335938,S005、S009、S010、S013
780,765,109.24541666666667,23.007916666666667,622.8052673339844,S005、S009、S010、S013
780,771,109.24708333333334,23.007916666666667,598.8469543457031,S005、S009、S010、S013
780,777,109.24875,23.007916666666667,579.4412231445312,S005、S009、S010、S013
780,783,109.25041666666667,23.007916666666667,577.5791015625,S005、S009、S010、S013
780,789,109.25208333333333,23.007916666666667,585.9591979980469,S005、S009、S010、S013
780,795,109.25375,23.007916666666667,622.7370910644531,S005、S009、S010、S013
780,801,109.25541666666666,23.007916666666667,576.1701049804688,S005、S009、S010、S013
780,807,109.25708333333333,23.007916666666667,610.974365234375,S005、S009、S010、S013
780,813,109.25875,23.007916666666667,641.7918701171875,S005、S009、S010、S013
780,819,109.26041666666667,23.007916666666667,689.2591247558594,S009、S010、S013
780,825,109.26208333333334,23.007916666666667,667.92724609375,S009、S010、S013
780,831,109.26375,23.007916666666667,596.4853210449219,S009、S010、S013
780,837,109.26541666666667,23.007916666666667,559.3257751464844,S010、S013、S014
780,843,109.26708333333333,23.007916666666667,561.9439086914062,S009、S010、S013、S014
780,849,109.26875,23.007916666666667,617.7033996582031,S009、S010、S013、S014
780,855,109.27041666666666,23.007916666666667,628.69091796875,S009、S010、S013、S014
780,861,109.27208333333333,23.007916666666667,684.4101257324219,S009、S010、S012、S013、S014
780,867,109.27375,23.007916666666667,710.8812255859375,S009、S010、S012、S013、S014
780,873,109.27541666666667,23.007916666666667,756.0945129394531,S009、S010、S012、S013、S014
780,879,109.27708333333334,23.007916666666667,838.9404907226562,S009、S010、S012、S013、S014
780,885,109.27875,23.007916666666667,805.6153564453125,S009、S010、S012、S013、S014
780,891,109.28041666666667,23.007916666666667,747.2234802246094,S010、S012、S013、S014
780,897,109.28208333333333,23.007916666666667,679.5688781738281,S010、S012、S013、S014
780,903,109.28375,23.007916666666667,643.2817993164062,S010、S012、S013、S014
780,909,109.28541666666666,23.007916666666667,627.5028381347656,S010、S012、S013、S014
780,915,109.28708333333333,23.007916666666667,632.66455078125,S010、S012、S013、S014
780,921,109.28875,23.007916666666667,634.6215515136719,S010、S013、S014
780,927,109.29041666666667,23.007916666666667,629.9399108886719,S010、S013、S014
786,507,109.17375,23.00625,562.7928771972656,S003
786,519,109.17708333333333,23.00625,636.3543701171875,S003
786,549,109.18541666666667,23.00625,745.4765014648438,S015
786,555,109.18708333333333,23.00625,704.97265625,S015
786,561,109.18875,23.00625,622.0420227050781,S015
786,567,109.19041666666666,23.00625,601.9480590820312,S015
786,573,109.19208333333333,23.00625,670.8787231445312,S015
786,579,109.19375,23.00625,661.0548095703125,S015
786,585,109.19541666666667,23.00625,611.8307495117188,S015
786,615,109.20375,23.00625,574.4001770019531,S015
786,639,109.21041666666667,23.00625,507.4761962890625,S015
786,645,109.21208333333334,23.00625,482.9062194824219,S015
786,651,109.21375,23.00625,499.16075134277344,S015
786,657,109.21541666666667,23.00625,517.4206695556641,S015
786,663,109.21708333333333,23.00625,462.180419921875,S013、S015
786,669,109.21875,23.00625,525.3580017089844,S013、S015
786,675,109.22041666666667,23.00625,529.4859771728516,S013、S015
786,681,109.22208333333333,23.00625,497.5288848876953,S013
786,687,109.22375,23.00625,472.48077392578125,S009、S013
786,693,109.22541666666666,23.00625,478.8706817626953,S009、S013
786,699,109.22708333333334,23.00625,489.0483093261719,S009、S013
786,705,109.22875,23.00625,459.6553955078125,S009、S013
786,711,109.23041666666667,23.00625,447.423095703125,S009、S013
786,717,109.23208333333334,23.00625,441.85223388671875,S009、S013
786,723,109.23375,23.00625,445.2764587402344,S009、S013
786,729,109.23541666666667,23.00625,463.3663024902344,S009、S013
786,735,109.23708333333333,23.00625,473.97999572753906,S009、S013
786,741,109.23875,23.00625,484.14990234375,S005、S009、S013
786,747,109.24041666666666,23.00625,519.0137329101562,S005、S009、S013
786,753,109.24208333333334,23.00625,512.3144378662109,S005、S009、S013
786,759,109.24375,23.00625,544.4857330322266,S005、S009、S013
786,765,109.24541666666667,23.00625,631.0975952148438,S005、S009、S010、S013
786,771,109.24708333333334,23.00625,675.9535522460938,S005、S009、S010、S013
786,777,109.24875,23.00625,617.44140625,S005、S009、S010、S013
786,783,109.25041666666667,23.00625,626.5814208984375,S005、S009、S010、S013
786,789,109.25208333333333,23.00625,570.680908203125,S005、S009、S010、S013
786,795,109.25375,23.00625,563.0517272949219,S005、S009、S010、S013
786,801,109.25541666666666,23.00625,582.7581176757812,S005、S009、S010、S013
786,807,109.25708333333333,23.00625,614.1759948730469,S009、S010、S013
786,813,109.25875,23.00625,702.7734069824219,S009、S010、S013
786,819,109.26041666666667,23.00625,637.9990844726562,S009、S010、S013
786,825,109.26208333333334,23.00625,683.1393432617188,S009、S010、S013
786,831,109.26375,23.00625,645.2498168945312,S009、S010、S013
786,837,109.26541666666667,23.00625,553.1189270019531,S010、S013、S014
786,843,109.26708333333333,23.00625,583.5062561035156,S009、S010、S013、S014
786,849,109.26875,23.00625,602.6331787109375,S009、S010、S013、S014
786,855,109.27041666666666,23.00625,658.0788879394531,S009、S010、S012、S013、S014
786,861,109.27208333333333,23.00625,678.7190551757812,S009、S010、S012、S013、S014
786,867,109.27375,23.00625,715.1186828613281,S009、S010、S012、S013、S014
786,873,109.27541666666667,23.00625,770.1760559082031,S009、S010、S012、S013、S014
786,879,109.27708333333334,23.00625,813.9678344726562,S009、S010、S012、S013、S014
786,885,109.27875,23.00625,762.1261291503906,S009、S010、S012、S013、S014
786,891,109.28041666666667,23.00625,727.1570434570312,S010、S012、S013、S014
786,897,109.28208333333333,23.00625,685.1148986816406,S010、S012、S014
786,903,109.28375,23.00625,646.6522827148438,S010、S012、S013、S014
786,909,109.28541666666666,23.00625,635.7905578613281,S010、S012、S013、S014
786,915,109.28708333333333,23.00625,600.063232421875,S010、S014
786,921,109.28875,23.00625,587.825439453125,S010、S014
786,927,109.29041666666667,23.00625,643.1730346679688,S010、S013、S014
792,495,109.17041666666667,23.004583333333333,657.5819091796875,S003
792,573,109.19208333333333,23.004583333333333,596.6267395019531,S015
792,579,109.19375,23.004583333333333,596.1837158203125,S015
792,585,109.19541666666667,23.004583333333333,586.4652709960938,S015
792,591,109.19708333333334,23.004583333333333,594.7265930175781,S015
792,645,109.21208333333334,23.004583333333333,509.79412841796875,S015
792,651,109.21375,23.004583333333333,455.2935028076172,S015
792,657,109.21541666666667,23.004583333333333,514.7984771728516,S015
792,663,109.21708333333333,23.004583333333333,454.7682800292969,S015
792,669,109.21875,23.004583333333333,510.5022888183594,S013、S015
792,675,109.22041666666667,23.004583333333333,469.413330078125,S013、S015
792,681,109.22208333333333,23.004583333333333,492.4826202392578,S013、S015
792,687,109.22375,23.004583333333333,461.23448181152344,S013
792,693,109.22541666666666,23.004583333333333,471.69850158691406,S013
792,699,109.22708333333334,23.004583333333333,452.01087951660156,S009、S013
792,705,109.22875,23.004583333333333,448.446044921875,S009、S013
792,711,109.23041666666667,23.004583333333333,424.8132095336914,S009、S013
792,717,109.23208333333334,23.004583333333333,482.39862060546875,S009、S013
792,723,109.23375,23.004583333333333,520.6166381835938,S009、S013
792,729,109.23541666666667,23.004583333333333,462.0468444824219,S009、S013
792,735,109.23708333333333,23.004583333333333,556.5375061035156,S009、S013
792,741,109.23875,23.004583333333333,582.5167541503906,S005、S009、S010、S013
792,747,109.24041666666666,23.004583333333333,543.6910095214844,S005、S009、S013
792,753,109.24208333333334,23.004583333333333,562.94482421875,S005、S009、S010、S013
792,759,109.24375,23.004583333333333,540.5211181640625,S005、S009、S010、S013
792,765,109.24541666666667,23.004583333333333,607.466552734375,S005、S009、S010、S013
792,771,109.24708333333334,23.004583333333333,680.3553161621094,S005、S009、S010、S013
792,777,109.24875,23.004583333333333,675.800537109375,S005、S009、S010、S013
792,783,109.25041666666667,23.004583333333333,674.8118896484375,S005、S009、S010、S013
792,789,109.25208333333333,23.004583333333333,624.8228759765625,S005、S009、S010、S013
792,795,109.25375,23.004583333333333,579.4976501464844,S009、S010、S013
792,801,109.25541666666666,23.004583333333333,547.8591918945312,S009、S010、S013
792,807,109.25708333333333,23.004583333333333,616.3718566894531,S009、S010、S013
792,813,109.25875,23.004583333333333,619.8763732910156,S009、S010、S013
792,819,109.26041666666667,23.004583333333333,610.0146179199219,S009、S010、S013
792,825,109.26208333333334,23.004583333333333,633.8833923339844,S009、S010、S013
792,831,109.26375,23.004583333333333,560.6417541503906,S010、S013
792,837,109.26541666666667,23.004583333333333,625.5987243652344,S009、S010、S013、S014
792,843,109.26708333333333,23.004583333333333,659.9300842285156,S009、S010、S013、S014
792,849,109.26875,23.004583333333333,645.0094604492188,S009、S010、S013、S014
792,855,109.27041666666666,23.004583333333333,666.2560424804688,S009、S010、S013、S014
792,861,109.27208333333333,23.004583333333333,697.2998352050781,S009、S010、S012、S013、S014
792,867,109.27375,23.004583333333333,763.8681640625,S009、S010、S012、S013、S014
792,873,109.27541666666667,23.004583333333333,818.8447265625,S009、S010、S012、S013、S014
792,879,109.27708333333334,23.004583333333333,846.0780639648438,S009、S010、S012、S013、S014
792,885,109.27875,23.004583333333333,751.3051147460938,S009、S010、S012、S013、S014
792,891,109.28041666666667,23.004583333333333,699.724853515625,S010、S012、S013、S014
792,897,109.28208333333333,23.004583333333333,661.02734375,S010、S012、S014
792,903,109.28375,23.004583333333333,616.4938659667969,S010、S012、S014
792,909,109.28541666666666,23.004583333333333,577.0331726074219,S010、S014
792,915,109.28708333333333,23.004583333333333,644.4885559082031,S010、S012、S013、S014
792,921,109.28875,23.004583333333333,672.0619506835938,S010、S012、S013、S014
792,927,109.29041666666667,23.004583333333333,699.4944763183594,S010、S013、S014
798,579,109.19375,23.002916666666668,552.2718658447266,S015
798,585,109.19541666666667,23.002916666666668,576.6780090332031,S015
798,645,109.21208333333334,23.002916666666668,470.5002899169922,S015
798,651,109.21375,23.002916666666668,477.5149383544922,S015
798,657,109.21541666666667,23.002916666666668,476.51353454589844,S015
798,663,109.21708333333333,23.002916666666668,468.8874816894531,S015
798,669,109.21875,23.002916666666668,480.6955871582031,S013、S015
798,675,109.22041666666667,23.002916666666668,442.8219451904297,S013
798,681,109.22208333333333,23.002916666666668,465.52960205078125,S013、S015
798,687,109.22375,23.002916666666668,466.3168029785156,S013
798,693,109.22541666666666,23.002916666666668,435.3901672363281,S013
798,699,109.22708333333334,23.002916666666668,427.6717300415039,S013
798,705,109.22875,23.002916666666668,424.6033935546875,S013
798,711,109.23041666666667,23.002916666666668,435.5323944091797,S013
798,717,109.23208333333334,23.002916666666668,486.33314514160156,S009、S013
798,723,109.23375,23.002916666666668,479.24778747558594,S009、S013
798,729,109.23541666666667,23.002916666666668,483.76161193847656,S009、S013
798,735,109.23708333333333,23.002916666666668,525.4146423339844,S009、S013
798,741,109.23875,23.002916666666668,551.3815307617188,S005、S009、S010、S013
798,747,109.24041666666666,23.002916666666668,579.3640441894531,S005、S009、S010、S013
798,753,109.24208333333334,23.002916666666668,536.0949401855469,S005、S009、S013
798,759,109.24375,23.002916666666668,579.0565490722656,S005、S009、S010、S013
798,765,109.24541666666667,23.002916666666668,640.3858947753906,S005、S009、S010、S013
798,771,109.24708333333334,23.002916666666668,663.1525573730469,S005、S009、S010、S013
798,777,109.24875,23.002916666666668,607.130126953125,S005、S009、S010、S013
798,783,109.25041666666667,23.002916666666668,630.3450927734375,S009、S010、S013
798,789,109.25208333333333,23.002916666666668,603.0982360839844,S009、S010、S013
798,795,109.25375,23.002916666666668,602.3489074707031,S009、S010、S013
798,801,109.25541666666666,23.002916666666668,546.1060333251953,S009、S010、S013
798,807,109.25708333333333,23.002916666666668,591.858154296875,S009、S010、S013
798,813,109.25875,23.002916666666668,584.0326538085938,S009、S010、S013
798,819,109.26041666666667,23.002916666666668,562.3553161621094,S009、S010、S013
798,825,109.26208333333334,23.002916666666668,550.8589935302734,S010、S013
798,831,109.26375,23.002916666666668,562.3559875488281,S010、S013
798,837,109.26541666666667,23.002916666666668,608.6925659179688,S009、S010、S013、S014
798,843,109.26708333333333,23.002916666666668,623.3735656738281,S009、S010、S013、S014
798,849,109.26875,23.002916666666668,673.6186828613281,S009、S010、S013、S014
798,855,109.27041666666666,23.002916666666668,726.0071105957031,S009、S010、S012、S013、S014
798,861,109.27208333333333,23.002916666666668,786.1748962402344,S009、S010、S012、S013、S014
798,867,109.27375,23.002916666666668,752.7505798339844,S009、S010、S012、S013、S014
798,873,109.27541666666667,23.002916666666668,749.483642578125,S009、S010、S012、S013、S014
798,879,109.27708333333334,23.002916666666668,809.7920227050781,S010、S012、S013、S014
798,885,109.27875,23.002916666666668,777.0883178710938,S010、S012、S013、S014
798,891,109.28041666666667,23.002916666666668,706.7765502929688,S010、S012、S013、S014
798,897,109.28208333333333,23.002916666666668,628.4419555664062,S010、S012、S014
798,903,109.28375,23.002916666666668,558.4709167480469,S014
798,909,109.28541666666666,23.002916666666668,610.9809265136719,S012、S014
798,915,109.28708333333333,23.002916666666668,707.8163146972656,S010、S012、S013、S014
798,921,109.28875,23.002916666666668,773.7161865234375,S010、S012、S013、S014
798,927,109.29041666666667,23.002916666666668,768.3988342285156,S010、S012、S013、S014
804,585,109.19541666666667,23.00125,554.0355529785156,S015
804,651,109.21375,23.00125,480.16131591796875,S015
804,657,109.21541666666667,23.00125,439.74945068359375,S015
804,663,109.21708333333333,23.00125,490.3081970214844,S015
804,669,109.21875,23.00125,480.52635192871094,S015
804,675,109.22041666666667,23.00125,455.28900146484375,S013、S015
804,681,109.22208333333333,23.00125,463.9658508300781,S013、S015
804,687,109.22375,23.00125,429.1798553466797,S013
804,693,109.22541666666666,23.00125,423.1052932739258,S013
804,699,109.22708333333334,23.00125,434.39068603515625,S013
804,705,109.22875,23.00125,475.6658020019531,S013
804,711,109.23041666666667,23.00125,475.83094787597656,S013
804,717,109.23208333333334,23.00125,470.2918243408203,S013
804,723,109.23375,23.00125,510.9425048828125,S013
804,729,109.23541666666667,23.00125,527.4541625976562,S013
804,735,109.23708333333333,23.00125,538.9626159667969,S009、S013
804,741,109.23875,23.00125,577.8926086425781,S009、S010、S013
804,747,109.24041666666666,23.00125,565.8444213867188,S005、S009、S010、S013
804,753,109.24208333333334,23.00125,565.7665100097656,S005、S009、S010
804,759,109.24375,23.00125,563.4925842285156,S009、S010、S013
804,765,109.24541666666667,23.00125,618.4043273925781,S009、S010、S013
804,771,109.24708333333334,23.00125,628.0352478027344,S009、S010、S013
804,777,109.24875,23.00125,604.2686157226562,S009、S010、S013
804,783,109.25041666666667,23.00125,578.5745849609375,S009、S010、S013
804,789,109.25208333333333,23.00125,584.6163330078125,S009、S010、S013
804,795,109.25375,23.00125,580.3566589355469,S009、S010、S013
804,801,109.25541666666666,23.00125,573.376708984375,S009、S010、S013
804,807,109.25708333333333,23.00125,585.4397888183594,S009、S010、S013
804,813,109.25875,23.00125,605.8572998046875,S009、S010、S013
804,819,109.26041666666667,23.00125,538.1881256103516,S009、S010、S013
804,825,109.26208333333334,23.00125,597.367431640625,S009、S010、S013
804,831,109.26375,23.00125,645.9628295898438,S009、S010、S013
804,837,109.26541666666667,23.00125,675.6817321777344,S009、S010、S013、S014
804,843,109.26708333333333,23.00125,710.8367614746094,S009、S010、S013、S014
804,849,109.26875,23.00125,732.8620910644531,S009、S010、S013、S014
804,855,109.27041666666666,23.00125,814.6207275390625,S009、S010、S012、S013、S014
804,861,109.27208333333333,23.00125,737.8829956054688,S010、S012、S013、S014
804,867,109.27375,23.00125,692.7912902832031,S010、S012、S013、S014
804,873,109.27541666666667,23.00125,684.0348815917969,S010、S012、S013、S014
804,879,109.27708333333334,23.00125,720.5921936035156,S010、S012、S013、S014
804,885,109.27875,23.00125,733.03955078125,S010、S012、S013、S014
804,891,109.28041666666667,23.00125,682.1496276855469,S012、S013、S014
804,897,109.28208333333333,23.00125,595.0724792480469,S012、S014
804,903,109.28375,23.00125,577.8608703613281,S014
804,909,109.28541666666666,23.00125,583.8815612792969,S014
804,915,109.28708333333333,23.00125,625.394287109375,S014
804,921,109.28875,23.00125,699.7056274414062,S010、S012、S013、S014
804,927,109.29041666666667,23.00125,803.6875610351562,S010、S012、S013、S014
810,591,109.19708333333334,22.999583333333334,567.9561767578125,S015
810,651,109.21375,22.999583333333334,490.84315490722656,S015
810,657,109.21541666666667,22.999583333333334,442.7135467529297,S015
810,663,109.21708333333333,22.999583333333334,479.6720886230469,S015
810,669,109.21875,22.999583333333334,450.2986145019531,S015
810,675,109.22041666666667,22.999583333333334,453.2884979248047,S015
810,681,109.22208333333333,22.999583333333334,431.64927673339844,S013
810,687,109.22375,22.999583333333334,419.0,S013
810,693,109.22541666666666,22.999583333333334,480.58062744140625,S013
810,699,109.22708333333334,22.999583333333334,513.7397918701172,S013
810,705,109.22875,22.999583333333334,506.3236389160156,S013
810,711,109.23041666666667,22.999583333333334,495.97076416015625,S013
810,723,109.23375,22.999583333333334,528.0655364990234,S013
810,729,109.23541666666667,22.999583333333334,560.7738037109375,S013
810,735,109.23708333333333,22.999583333333334,582.8755187988281,S010、S013
810,741,109.23875,22.999583333333334,584.5312194824219,S010、S013
810,747,109.24041666666666,22.999583333333334,605.1809692382812,S010、S013
810,753,109.24208333333334,22.999583333333334,601.2200927734375,S010、S013
810,759,109.24375,22.999583333333334,593.312255859375,S010、S013
810,765,109.24541666666667,22.999583333333334,645.9217224121094,S009、S010、S013
810,771,109.24708333333334,22.999583333333334,625.4897155761719,S009、S010、S013
810,777,109.24875,22.999583333333334,613.6157836914062,S009、S010、S013
810,783,109.25041666666667,22.999583333333334,618.4725341796875,S009、S010、S013
810,789,109.25208333333333,22.999583333333334,607.8666381835938,S009、S010、S013
810,795,109.25375,22.999583333333334,558.3260803222656,S009、S010、S013
810,801,109.25541666666666,22.999583333333334,563.6678466796875,S009、S010、S013
810,807,109.25708333333333,22.999583333333334,529.42138671875,S009、S010、S013
810,813,109.25875,22.999583333333334,527.2421417236328,S009、S010、S013
810,819,109.26041666666667,22.999583333333334,552.1986236572266,S009、S010、S013
810,825,109.26208333333334,22.999583333333334,606.7451477050781,S009、S010、S013
810,831,109.26375,22.999583333333334,629.2838745117188,S009、S010、S013
810,837,109.26541666666667,22.999583333333334,659.8905639648438,S010、S013
810,843,109.26708333333333,22.999583333333334,666.0928344726562,S010、S013、S014
810,849,109.26875,22.999583333333334,741.3447875976562,S010、S013、S014
810,855,109.27041666666666,22.999583333333334,745.1992797851562,S010、S012、S013、S014
810,861,109.27208333333333,22.999583333333334,717.98779296875,S010、S012、S013、S014
810,867,109.27375,22.999583333333334,672.0325317382812,S010、S012、S013、S014
810,873,109.27541666666667,22.999583333333334,629.2633361816406,S010、S012、S013、S014
810,879,109.27708333333334,22.999583333333334,640.8036804199219,S013、S014
810,885,109.27875,22.999583333333334,655.6417846679688,S012、S013、S014
810,891,109.28041666666667,22.999583333333334,675.995849609375,S012、S014
810,897,109.28208333333333,22.999583333333334,667.4114685058594,S012、S014
810,903,109.28375,22.999583333333334,589.9230041503906,S014
810,909,109.28541666666666,22.999583333333334,523.0220031738281,S014
810,915,109.28708333333333,22.999583333333334,595.3923950195312,S014
810,921,109.28875,22.999583333333334,697.9633483886719,S012、S013、S014
810,927,109.29041666666667,22.999583333333334,706.9672546386719,S010、S013、S014
816,579,109.19375,22.99791666666667,574.9057922363281,S015
816,585,109.19541666666667,22.99791666666667,587.4356079101562,S015
816,651,109.21375,22.99791666666667,464.82513427734375,S015
816,657,109.21541666666667,22.99791666666667,435.3320007324219,S015
816,663,109.21708333333333,22.99791666666667,470.8857421875,S015
816,681,109.22208333333333,22.99791666666667,426.82432556152344,S013
816,687,109.22375,22.99791666666667,443.5428009033203,S013
816,693,109.22541666666666,22.99791666666667,488.1040954589844,S013
816,699,109.22708333333334,22.99791666666667,512.6705474853516,S013
816,705,109.22875,22.99791666666667,499.7644500732422,S013
816,711,109.23041666666667,22.99791666666667,545.4667358398438,S013
816,717,109.23208333333334,22.99791666666667,569.9082946777344,S013
816,723,109.23375,22.99791666666667,591.0272216796875,S010、S013
816,729,109.23541666666667,22.99791666666667,646.0455932617188,S010、S013
816,735,109.23708333333333,22.99791666666667,644.8479919433594,S010、S013
816,741,109.23875,22.99791666666667,647.672119140625,S010、S013
816,747,109.24041666666666,22.99791666666667,686.6879272460938,S010、S013
816,753,109.24208333333334,22.99791666666667,673.8533935546875,S010、S013
816,759,109.24375,22.99791666666667,685.7456359863281,S010、S013
816,765,109.24541666666667,22.99791666666667,683.2014465332031,S010、S013
816,771,109.24708333333334,22.99791666666667,694.2914428710938,S010、S013
816,777,109.24875,22.99791666666667,682.1698608398438,S010、S013
816,783,109.25041666666667,22.99791666666667,661.9634704589844,S010、S013
816,789,109.25208333333333,22.99791666666667,661.5191345214844,S010、S013
816,795,109.25375,22.99791666666667,601.8766784667969,S010、S013
816,801,109.25541666666666,22.99791666666667,606.7206726074219,S010、S013
816,807,109.25708333333333,22.99791666666667,586.6583557128906,S010、S013
816,813,109.25875,22.99791666666667,543.7306823730469,S010、S013
816,819,109.26041666666667,22.99791666666667,537.5270080566406,S010、S013
816,825,109.26208333333334,22.99791666666667,549.5691528320312,S010、S013
816,831,109.26375,22.99791666666667,566.6630554199219,S010、S013
816,837,109.26541666666667,22.99791666666667,574.952392578125,S010、S013
816,843,109.26708333333333,22.99791666666667,618.0093383789062,S010、S013、S014
816,849,109.26875,22.99791666666667,635.85009765625,S010、S013、S014
816,855,109.27041666666666,22.99791666666667,702.4354858398438,S010、S013、S014
816,861,109.27208333333333,22.99791666666667,775.3200378417969,S010、S013、S014
816,867,109.27375,22.99791666666667,723.6680908203125,S010、S013、S014
816,873,109.27541666666667,22.99791666666667,676.789794921875,S010、S013、S014
816,879,109.27708333333334,22.99791666666667,616.2783813476562,S014
816,885,109.27875,22.99791666666667,575.245361328125,S014
816,891,109.28041666666667,22.99791666666667,594.1431274414062,S014
816,897,109.28208333333333,22.99791666666667,659.7439880371094,S014
816,903,109.28375,22.99791666666667,609.4530334472656,S014
816,909,109.28541666666666,22.99791666666667,513.2772979736328,S014
816,915,109.28708333333333,22.99791666666667,594.6495666503906,S014
816,921,109.28875,22.99791666666667,641.7951354980469,S014
816,927,109.29041666666667,22.99791666666667,606.1908874511719,S014
822,579,109.19375,22.99625,579.5834350585938,S015
822,585,109.19541666666667,22.99625,583.1924133300781,S015
822,591,109.19708333333334,22.99625,594.2160339355469,S015
822,687,109.22375,22.99625,443.46417236328125,S013
822,693,109.22541666666666,22.99625,470.09446716308594,S013
822,699,109.22708333333334,22.99625,475.6868591308594,S013
822,711,109.23041666666667,22.99625,513.4079742431641,S013
822,717,109.23208333333334,22.99625,513.8507080078125,S013
822,723,109.23375,22.99625,551.9522857666016,S010、S013
822,729,109.23541666666667,22.99625,602.3153991699219,S010、S013
822,735,109.23708333333333,22.99625,693.7999877929688,S010、S013
822,741,109.23875,22.99625,740.4590148925781,S010、S013
822,747,109.24041666666666,22.99625,707.103515625,S010、S013
822,753,109.24208333333334,22.99625,748.6211547851562,S010、S013
822,759,109.24375,22.99625,713.13427734375,S010、S013
822,765,109.24541666666667,22.99625,673.5018005371094,S010、S013
822,771,109.24708333333334,22.99625,743.5787963867188,S010、S013
822,777,109.24875,22.99625,755.1007690429688,S010、S013
822,783,109.25041666666667,22.99625,713.4147644042969,S010、S013
822,789,109.25208333333333,22.99625,707.2906494140625,S010、S013
822,795,109.25375,22.99625,643.2093505859375,S010、S013
822,801,109.25541666666666,22.99625,627.5189208984375,S010、S013
822,807,109.25708333333333,22.99625,614.4690551757812,S010、S013
822,813,109.25875,22.99625,596.3505249023438,S010、S013
822,819,109.26041666666667,22.99625,572.9568786621094,S010、S013
822,825,109.26208333333334,22.99625,525.7863311767578,S010、S013
822,831,109.26375,22.99625,525.5098114013672,S010、S013
822,837,109.26541666666667,22.99625,534.6987762451172,S010
822,843,109.26708333333333,22.99625,544.2294158935547,S010、S014
822,849,109.26875,22.99625,623.9615478515625,S010、S013、S014
822,855,109.27041666666666,22.99625,701.1574096679688,S010、S013、S014
822,861,109.27208333333333,22.99625,774.8306884765625,S010、S013、S014
822,867,109.27375,22.99625,764.9507446289062,S010、S013、S014
822,873,109.27541666666667,22.99625,712.3466186523438,S010、S013、S014
822,879,109.27708333333334,22.99625,669.5736389160156,S013、S014
822,885,109.27875,22.99625,623.0438537597656,S014
822,891,109.28041666666667,22.99625,575.977783203125,S014
822,897,109.28208333333333,22.99625,561.2096862792969,S014
822,903,109.28375,22.99625,604.9620971679688,S014
822,909,109.28541666666666,22.99625,514.588134765625,S014
822,915,109.28708333333333,22.99625,565.921630859375,S014
822,921,109.28875,22.99625,579.6685180664062,S014
822,927,109.29041666666667,22.99625,559.1551208496094,S014
828,579,109.19375,22.994583333333335,589.1743469238281,S015
828,585,109.19541666666667,22.994583333333335,592.7304077148438,S015
828,591,109.19708333333334,22.994583333333335,622.3799743652344,S015
828,699,109.22708333333334,22.994583333333335,524.9914245605469,S013
828,705,109.22875,22.994583333333335,522.2014007568359,S013
828,711,109.23041666666667,22.994583333333335,520.9038391113281,S013
828,717,109.23208333333334,22.994583333333335,533.4071655273438,S013
828,723,109.23375,22.994583333333335,562.7996215820312,S010、S013
828,729,109.23541666666667,22.994583333333335,565.2284545898438,S010
828,735,109.23708333333333,22.994583333333335,627.8112487792969,S010、S013
828,741,109.23875,22.994583333333335,652.1807250976562,S010、S013
828,747,109.24041666666666,22.994583333333335,654.5106506347656,S010、S013
828,753,109.24208333333334,22.994583333333335,659.2180786132812,S010、S013
828,759,109.24375,22.994583333333335,650.6798400878906,S010、S013
828,765,109.24541666666667,22.994583333333335,695.0758056640625,S010、S013
828,771,109.24708333333334,22.994583333333335,793.8921813964844,S010、S013
828,777,109.24875,22.994583333333335,806.5053100585938,S010、S013
828,783,109.25041666666667,22.994583333333335,820.1448364257812,S010、S013
828,789,109.25208333333333,22.994583333333335,759.4203796386719,S010、S013
828,795,109.25375,22.994583333333335,731.8754272460938,S010、S013
828,801,109.25541666666666,22.994583333333335,698.1065368652344,S010、S013
828,807,109.25708333333333,22.994583333333335,679.7500915527344,S010、S013
828,813,109.25875,22.994583333333335,608.9452209472656,S010、S013
828,819,109.26041666666667,22.994583333333335,613.3071594238281,S010、S013
828,825,109.26208333333334,22.994583333333335,545.9630889892578,S010、S013
828,831,109.26375,22.994583333333335,509.6578369140625,S010
828,849,109.26875,22.994583333333335,595.9179077148438,S010、S014
828,855,109.27041666666666,22.994583333333335,671.8630981445312,S010、S013、S014
828,861,109.27208333333333,22.994583333333335,700.4229736328125,S010、S013、S014
828,867,109.27375,22.994583333333335,840.291259765625,S010、S013、S014
828,873,109.27541666666667,22.994583333333335,810.8211975097656,S010、S013、S014
828,879,109.27708333333334,22.994583333333335,716.8716125488281,S013、S014
828,885,109.27875,22.994583333333335,702.172119140625,S013、S014
828,891,109.28041666666667,22.994583333333335,633.7669067382812,S014
828,897,109.28208333333333,22.994583333333335,551.2124328613281,S014
828,903,109.28375,22.994583333333335,517.1005706787109,S014
828,909,109.28541666666666,22.994583333333335,515.5188293457031,S014
828,915,109.28708333333333,22.994583333333335,519.8864440917969,S014
828,921,109.28875,22.994583333333335,535.6369171142578,S014
834,573,109.19208333333333,22.992916666666666,618.2388000488281,S015
834,579,109.19375,22.992916666666666,638.0436401367188,S015
834,699,109.22708333333334,22.992916666666666,564.68994140625,S013
834,705,109.22875,22.992916666666666,569.0313110351562,S013
834,711,109.23041666666667,22.992916666666666,621.4878540039062,S010、S013
834,717,109.23208333333334,22.992916666666666,632.1318969726562,S010、S013
834,723,109.23375,22.992916666666666,657.2278442382812,S010、S013
834,729,109.23541666666667,22.992916666666666,661.4017944335938,S010、S013
834,735,109.23708333333333,22.992916666666666,636.1077880859375,S010、S013
834,741,109.23875,22.992916666666666,574.33642578125,S010
834,747,109.24041666666666,22.992916666666666,574.9599914550781,S010
834,753,109.24208333333334,22.992916666666666,576.2975158691406,S010、S013
834,759,109.24375,22.992916666666666,586.1467590332031,S010、S013
834,765,109.24541666666667,22.992916666666666,669.1498413085938,S010、S013
834,771,109.24708333333334,22.992916666666666,715.3552856445312,S010、S013
834,777,109.24875,22.992916666666666,742.8726501464844,S010、S013
834,783,109.25041666666667,22.992916666666666,748.001953125,S010、S013
834,789,109.25208333333333,22.992916666666666,762.4664916992188,S010、S013
834,795,109.25375,22.992916666666666,788.4871520996094,S010、S013
834,801,109.25541666666666,22.992916666666666,807.7646179199219,S010、S013
834,807,109.25708333333333,22.992916666666666,742.8682861328125,S010、S013
834,813,109.25875,22.992916666666666,697.0549621582031,S010、S013
834,819,109.26041666666667,22.992916666666666,669.3384704589844,S010、S013
834,825,109.26208333333334,22.992916666666666,605.1209716796875,S010、S013
834,831,109.26375,22.992916666666666,573.0928039550781,S010、S013
834,837,109.26541666666667,22.992916666666666,536.4300384521484,S010
834,855,109.27041666666666,22.992916666666666,607.7669982910156,S010、S014
834,861,109.27208333333333,22.992916666666666,664.2498779296875,S010、S014
834,867,109.27375,22.992916666666666,786.5731811523438,S010、S013、S014
834,873,109.27541666666667,22.992916666666666,791.1881103515625,S010、S013、S014
834,879,109.27708333333334,22.992916666666666,767.4526062011719,S010、S013、S014
834,885,109.27875,22.992916666666666,657.3443603515625,S014
834,891,109.28041666666667,22.992916666666666,609.4365539550781,S014
834,897,109.28208333333333,22.992916666666666,605.1490173339844,S014
834,903,109.28375,22.992916666666666,538.7658843994141,S014
834,909,109.28541666666666,22.992916666666666,491.71070861816406,S014
834,915,109.28708333333333,22.992916666666666,512.2350311279297,S014
834,921,109.28875,22.992916666666666,565.9679565429688,S014
840,723,109.23375,22.99125,556.7154541015625,S010
840,729,109.23541666666667,22.99125,562.3681030273438,S010
840,735,109.23708333333333,22.99125,555.4855651855469,S010
840,741,109.23875,22.99125,519.7295684814453,S010
840,747,109.24041666666666,22.99125,537.1469573974609,S010、S013
840,753,109.24208333333334,22.99125,552.9605865478516,S010、S013
840,759,109.24375,22.99125,627.5486450195312,S010、S013
840,765,109.24541666666667,22.99125,678.1771850585938,S010、S013
840,771,109.24708333333334,22.99125,674.0077819824219,S010、S013
840,777,109.24875,22.99125,708.0188903808594,S010、S013
840,783,109.25041666666667,22.99125,725.8772888183594,S010、S013
840,789,109.25208333333333,22.99125,734.3885498046875,S010、S013
840,795,109.25375,22.99125,745.5184326171875,S010、S013
840,801,109.25541666666666,22.99125,763.272216796875,S010、S013
840,807,109.25708333333333,22.99125,768.3388061523438,S010、S013
840,813,109.25875,22.99125,770.442138671875,S010、S013
840,819,109.26041666666667,22.99125,759.9742431640625,S010、S013
840,825,109.26208333333334,22.99125,731.4581298828125,S010、S013
840,831,109.26375,22.99125,633.4302062988281,S010、S013
840,837,109.26541666666667,22.99125,592.8231506347656,S010
840,861,109.27208333333333,22.99125,640.0774536132812,S014
840,867,109.27375,22.99125,723.5697631835938,S010、S013、S014
840,873,109.27541666666667,22.99125,749.9661865234375,S010、S013、S014
840,879,109.27708333333334,22.99125,743.5760803222656,S013、S014
840,885,109.27875,22.99125,734.8320922851562,S013、S014
840,891,109.28041666666667,22.99125,595.3152770996094,S014
840,897,109.28208333333333,22.99125,538.7703552246094,S014
840,903,109.28375,22.99125,515.9808654785156,S014
840,909,109.28541666666666,22.99125,479.02978515625,S014
840,915,109.28708333333333,22.99125,527.2503356933594,S014
840,921,109.28875,22.99125,512.12939453125,S014
846,747,109.24041666666666,22.989583333333332,559.3681945800781,S010、S013
846,753,109.24208333333334,22.989583333333332,597.8387145996094,S010、S013
846,759,109.24375,22.989583333333332,648.0698852539062,S010、S013
846,765,109.24541666666667,22.989583333333332,679.0213623046875,S010、S013
846,771,109.24708333333334,22.989583333333332,730.5592651367188,S010、S013
846,777,109.24875,22.989583333333332,715.4521789550781,S010、S013
846,783,109.25041666666667,22.989583333333332,728.4285278320312,S010、S013
846,789,109.25208333333333,22.989583333333332,707.754150390625,S010、S013
846,795,109.25375,22.989583333333332,688.8880310058594,S010、S013
846,801,109.25541666666666,22.989583333333332,696.7689819335938,S010、S013
846,807,109.25708333333333,22.989583333333332,739.0278015136719,S010、S013
846,813,109.25875,22.989583333333332,731.2831420898438,S010、S013
846,819,109.26041666666667,22.989583333333332,711.5711059570312,S010、S013
846,825,109.26208333333334,22.989583333333332,721.5170593261719,S010、S013
846,831,109.26375,22.989583333333332,666.2277526855469,S010、S013
846,861,109.27208333333333,22.989583333333332,638.1043701171875,S014
846,867,109.27375,22.989583333333332,659.5575866699219,S014
846,873,109.27541666666667,22.989583333333332,677.8109741210938,S014
846,879,109.27708333333334,22.989583333333332,729.6077270507812,S013、S014
846,885,109.27875,22.989583333333332,627.8211975097656,S014
846,891,109.28041666666667,22.989583333333332,555.796142578125,S014
846,897,109.28208333333333,22.989583333333332,517.2609710693359,S014
846,903,109.28375,22.989583333333332,474.6416778564453,S014
846,909,109.28541666666666,22.989583333333332,523.5938262939453,S014
846,915,109.28708333333333,22.989583333333332,520.1487274169922,S014
852,735,109.23708333333333,22.987916666666667,538.9077911376953,S010、S013
852,741,109.23875,22.987916666666667,549.5391998291016,S010、S013
852,747,109.24041666666666,22.987916666666667,594.6063232421875,S010、S013
852,753,109.24208333333334,22.987916666666667,625.3314819335938,S010、S013
852,759,109.24375,22.987916666666667,667.0711364746094,S010、S013
852,765,109.24541666666667,22.987916666666667,689.2887268066406,S010、S013
852,771,109.24708333333334,22.987916666666667,755.4137878417969,S010、S013
852,777,109.24875,22.987916666666667,721.2566833496094,S010、S013
852,783,109.25041666666667,22.987916666666667,693.8626708984375,S010、S013
852,789,109.25208333333333,22.987916666666667,625.5026550292969,S010、S013
852,795,109.25375,22.987916666666667,628.2722473144531,S010、S013
852,801,109.25541666666666,22.987916666666667,602.0372924804688,S010、S013
852,807,109.25708333333333,22.987916666666667,656.9718933105469,S010、S013
852,813,109.25875,22.987916666666667,613.5726928710938,S010、S013
852,819,109.26041666666667,22.987916666666667,652.1581420898438,S010、S013
852,825,109.26208333333334,22.987916666666667,660.38916015625,S010、S013
852,831,109.26375,22.987916666666667,674.1849060058594,S010、S013
852,867,109.27375,22.987916666666667,571.5719909667969,S014
852,873,109.27541666666667,22.987916666666667,619.725341796875,S014
852,879,109.27708333333334,22.987916666666667,620.1390686035156,S014
852,885,109.27875,22.987916666666667,591.720703125,S014
852,891,109.28041666666667,22.987916666666667,492.3043975830078,S014
852,897,109.28208333333333,22.987916666666667,470.2326202392578,S014
852,903,109.28375,22.987916666666667,482.62046813964844,S014
852,909,109.28541666666666,22.987916666666667,480.8092346191406,S014
852,915,109.28708333333333,22.987916666666667,506.88829040527344,S014
858,717,109.23208333333334,22.986250000000002,542.5541534423828,S010
858,723,109.23375,22.986250000000002,560.4457702636719,S010
858,729,109.23541666666667,22.986250000000002,580.1773986816406,S010
858,735,109.23708333333333,22.986250000000002,618.3013305664062,S010、S013
858,741,109.23875,22.986250000000002,624.0373840332031,S010、S013
858,747,109.24041666666666,22.986250000000002,646.4842529296875,S010、S013
858,753,109.24208333333334,22.986250000000002,666.0555725097656,S010、S013
858,759,109.24375,22.986250000000002,726.0985717773438,S010、S013
858,765,109.24541666666667,22.986250000000002,706.2855224609375,S010、S013
858,771,109.24708333333334,22.986250000000002,717.6128540039062,S010、S013
858,777,109.24875,22.986250000000002,714.0950317382812,S010、S013
858,783,109.25041666666667,22.986250000000002,681.76318359375,S010、S013
858,789,109.25208333333333,22.986250000000002,659.02978515625,S010、S013
858,795,109.25375,22.986250000000002,618.2873840332031,S010、S013
858,801,109.25541666666666,22.986250000000002,578.5381469726562,S010、S013
858,807,109.25708333333333,22.986250000000002,562.7916564941406,S010、S013
858,813,109.25875,22.986250000000002,550.4712066650391,S010、S013
858,819,109.26041666666667,22.986250000000002,545.8283843994141,S010、S013
858,825,109.26208333333334,22.986250000000002,576.5845031738281,S010、S013
858,831,109.26375,22.986250000000002,623.8181457519531,S010、S013
858,879,109.27708333333334,22.986250000000002,615.4953308105469,S014
858,897,109.28208333333333,22.986250000000002,554.1930236816406,S014
858,903,109.28375,22.986250000000002,588.9561767578125,S014
858,909,109.28541666666666,22.986250000000002,540.0212860107422,S014
864,717,109.23208333333334,22.984583333333333,597.7410278320312,S010
864,723,109.23375,22.984583333333333,697.3370361328125,S010
864,729,109.23541666666667,22.984583333333333,711.6699523925781,S010
864,735,109.23708333333333,22.984583333333333,773.5912475585938,S010、S013
864,741,109.23875,22.984583333333333,744.1980895996094,S010、S013
864,747,109.24041666666666,22.984583333333333,784.4942932128906,S010、S013
864,753,109.24208333333334,22.984583333333333,804.9302368164062,S010、S013
864,759,109.24375,22.984583333333333,809.418212890625,S010、S013
864,765,109.24541666666667,22.984583333333333,805.5571899414062,S010、S013
864,771,109.24708333333334,22.984583333333333,787.2430725097656,S010、S013
864,777,109.24875,22.984583333333333,758.21240234375,S010、S013
864,783,109.25041666666667,22.984583333333333,691.9673156738281,S010、S013
864,789,109.25208333333333,22.984583333333333,652.4968566894531,S010、S013
864,795,109.25375,22.984583333333333,631.0452880859375,S010、S013
864,801,109.25541666666666,22.984583333333333,641.3907470703125,S010、S013
864,807,109.25708333333333,22.984583333333333,630.6318969726562,S010、S013
864,813,109.25875,22.984583333333333,626.20556640625,S010、S013
864,819,109.26041666666667,22.984583333333333,581.4902038574219,S010、S013
864,897,109.28208333333333,22.984583333333333,538.1886291503906,S014
864,903,109.28375,22.984583333333333,611.7849731445312,S014
864,909,109.28541666666666,22.984583333333333,614.3534851074219,S014
870,717,109.23208333333334,22.982916666666668,597.6104125976562,S010
870,723,109.23375,22.982916666666668,673.0982055664062,S010
870,729,109.23541666666667,22.982916666666668,669.1865844726562,S010
870,735,109.23708333333333,22.982916666666668,728.2462463378906,S010
870,741,109.23875,22.982916666666668,714.5968322753906,S010
870,747,109.24041666666666,22.982916666666668,726.6649475097656,S010、S013
870,753,109.24208333333334,22.982916666666668,764.7811279296875,S010、S013
870,759,109.24375,22.982916666666668,764.9977111816406,S010、S013
870,765,109.24541666666667,22.982916666666668,761.6263732910156,S010、S013
870,771,109.24708333333334,22.982916666666668,803.9246826171875,S010、S013
870,777,109.24875,22.982916666666668,752.1313171386719,S010、S013
870,783,109.25041666666667,22.982916666666668,734.4551391601562,S010、S013
870,789,109.25208333333333,22.982916666666668,740.9602355957031,S010、S013
870,795,109.25375,22.982916666666668,723.3328247070312,S010、S013
870,801,109.25541666666666,22.982916666666668,704.2616271972656,S010、S013
870,807,109.25708333333333,22.982916666666668,690.6405334472656,S010、S013
870,813,109.25875,22.982916666666668,685.9530944824219,S010、S013
870,819,109.26041666666667,22.982916666666668,622.0635986328125,S010、S013
870,897,109.28208333333333,22.982916666666668,474.2138671875,S014
870,903,109.28375,22.982916666666668,510.59039306640625,S014
876,717,109.23208333333334,22.98125,659.7238159179688,S010
876,729,109.23541666666667,22.98125,623.2948913574219,S010
876,735,109.23708333333333,22.98125,663.7881469726562,S010
876,741,109.23875,22.98125,661.5910034179688,S010
876,747,109.24041666666666,22.98125,702.5655517578125,S010
876,753,109.24208333333334,22.98125,720.332275390625,S010
876,759,109.24375,22.98125,656.9636840820312,S010、S013
876,765,109.24541666666667,22.98125,667.7824096679688,S010、S013
876,771,109.24708333333334,22.98125,736.3755493164062,S010、S013
876,777,109.24875,22.98125,757.4068603515625,S010、S013
876,783,109.25041666666667,22.98125,786.8828125,S010、S013
876,789,109.25208333333333,22.98125,798.16455078125,S010、S013
876,795,109.25375,22.98125,798.6137084960938,S010、S013
876,801,109.25541666666666,22.98125,780.6614074707031,S010、S013
876,807,109.25708333333333,22.98125,794.2879028320312,S010、S013
876,813,109.25875,22.98125,771.3471069335938,S010、S013
876,819,109.26041666666667,22.98125,690.3953857421875,S010、S013
876,903,109.28375,22.98125,524.8531036376953,S014
