mplot3d_elev（度）,真实仰角θ（度）,方位角（度）,可见地面点数,满足余量(≥2m)的地面点数,最小视线余量（m）,被遮挡节点
26.0,9.23,-180.0,5,3,-121.84,O01-S001-S002-S003-S004-S005-S006-S007-S011-S012-S014
26.0,9.23,-177.0,6,3,-116.65,O01-S001-S003-S004-S005-S006-S007-S011-S012-S014
26.0,9.23,-174.0,5,4,-104.76,O01-S001-S003-S004-S005-S006-S007-S011-S012-S013-S014
26.0,9.23,-171.0,5,5,-99.28,O01-S001-S003-S004-S005-S006-S007-S011-S012-S013-S014
26.0,9.23,-168.0,6,5,-96.55,O01-S001-S003-S004-S006-S007-S011-S012-S013-S014
26.0,9.23,-165.0,5,5,-91.02,O01-S001-S003-S004-S005-S006-S007-S011-S012-S013-S014
26.0,9.23,-162.0,6,5,-84.11,O01-S001-S003-S004-S006-S007-S011-S012-S013-S014
26.0,9.23,-159.0,6,5,-76.3,O01-S001-S003-S004-S006-S007-S011-S012-S013-S014
26.0,9.23,-156.0,5,5,-66.45,O01-S001-S003-S004-S006-S007-S008-S011-S012-S013-S014
26.0,9.23,-153.0,6,5,-57.02,O01-S003-S004-S006-S007-S008-S011-S012-S013-S014
26.0,9.23,-150.0,8,6,-63.99,S003-S004-S007-S008-S011-S012-S013-S014
26.0,9.23,-147.0,8,8,-58.04,S003-S004-S007-S008-S011-S012-S013-S014
26.0,9.23,-144.0,8,8,-64.09,S003-S004-S007-S008-S011-S012-S013-S014
26.0,9.23,-141.0,9,9,-58.62,S004-S007-S008-S011-S012-S013-S014
26.0,9.23,-138.0,9,9,-43.72,S004-S007-S008-S011-S012-S013-S014
26.0,9.23,-135.0,9,9,-80.22,S004-S007-S008-S011-S012-S013-S014
26.0,9.23,-132.0,9,9,-70.2,S004-S007-S008-S011-S012-S013-S014
26.0,9.23,-129.0,10,9,-81.9,S004-S007-S008-S011-S012-S013
26.0,9.23,-126.0,10,8,-96.08,S004-S007-S008-S011-S012-S013
26.0,9.23,-123.0,10,9,-117.75,S002-S004-S007-S011-S012-S013
26.0,9.23,-120.0,9,9,-123.24,S002-S004-S005-S007-S011-S012-S013
26.0,9.23,-117.0,9,9,-102.29,S002-S004-S005-S007-S011-S012-S013
26.0,9.23,-114.0,9,9,-63.89,S002-S004-S005-S007-S011-S012-S013
26.0,9.23,-111.0,9,9,-56.5,S002-S004-S005-S007-S011-S012-S013
26.0,9.23,-108.0,9,9,-46.78,S002-S004-S005-S007-S011-S012-S013
26.0,9.23,-105.0,9,8,-43.36,S002-S004-S005-S007-S011-S012-S013
26.0,9.23,-102.0,8,7,-40.84,O01-S001-S002-S004-S007-S011-S012-S013
26.0,9.23,-99.0,9,7,-38.9,O01-S002-S004-S007-S008-S012-S013
26.0,9.23,-96.0,9,8,-39.99,O01-S002-S004-S007-S008-S010-S013
26.0,9.23,-93.0,9,9,-40.67,O01-S002-S004-S007-S008-S010-S013
26.0,9.23,-90.0,10,8,-41.21,O01-S002-S004-S007-S008-S010
26.0,9.23,-87.0,10,8,-63.62,O01-S002-S004-S007-S008-S010
26.0,9.23,-84.0,10,8,-79.5,O01-S002-S004-S007-S008-S010
26.0,9.23,-81.0,10,8,-85.46,O01-S002-S004-S007-S008-S010
26.0,9.23,-78.0,10,8,-88.76,O01-S002-S004-S007-S008-S010
26.0,9.23,-75.0,10,9,-85.52,O01-S002-S004-S007-S008-S010
26.0,9.23,-72.0,10,9,-108.4,O01-S002-S004-S007-S008-S010
26.0,9.23,-69.0,8,7,-134.64,O01-S001-S002-S004-S007-S008-S009-S010
26.0,9.23,-66.0,9,7,-151.77,O01-S002-S004-S007-S008-S009-S010
26.0,9.23,-63.0,8,7,-148.8,O01-S002-S004-S007-S008-S009-S010-S013
26.0,9.23,-60.0,8,7,-153.58,O01-S002-S004-S007-S008-S009-S010-S013
26.0,9.23,-57.0,9,7,-127.45,O01-S002-S004-S007-S008-S009-S013
26.0,9.23,-54.0,9,8,-105.34,O01-S002-S004-S007-S008-S009-S013
26.0,9.23,-51.0,8,8,-79.38,O01-S002-S004-S006-S007-S008-S009-S013
26.0,9.23,-48.0,8,8,-53.73,O01-S002-S004-S006-S007-S008-S009-S013
26.0,9.23,-45.0,7,7,-34.71,O01-S002-S004-S006-S007-S008-S009-S013-S014
26.0,9.23,-42.0,7,7,-49.92,O01-S002-S004-S006-S007-S008-S009-S013-S014
26.0,9.23,-39.0,7,7,-31.83,O01-S002-S004-S006-S007-S008-S009-S013-S014
26.0,9.23,-36.0,6,6,-42.37,O01-S002-S004-S005-S006-S007-S008-S009-S013-S014
26.0,9.23,-33.0,7,6,-69.17,O01-S002-S004-S005-S006-S007-S009-S013-S014
26.0,9.23,-30.0,6,6,-84.11,O01-S002-S004-S005-S006-S007-S009-S010-S013-S014
26.0,9.23,-27.0,7,6,-96.99,O01-S002-S004-S005-S006-S007-S009-S010-S014
26.0,9.23,-24.0,7,6,-82.46,O01-S002-S004-S005-S006-S007-S009-S010-S014
26.0,9.23,-21.0,6,6,-65.65,O01-S002-S004-S005-S006-S007-S009-S010-S013-S014
26.0,9.23,-18.0,7,6,-60.09,O01-S002-S005-S006-S007-S009-S010-S013-S014
26.0,9.23,-15.0,7,7,-67.95,O01-S002-S005-S006-S007-S009-S010-S013-S014
26.0,9.23,-12.0,7,7,-59.54,O01-S002-S005-S006-S007-S009-S010-S013-S014
26.0,9.23,-9.0,7,7,-73.74,O01-S002-S005-S006-S007-S009-S010-S013-S014
26.0,9.23,-6.0,7,7,-66.03,O01-S002-S005-S006-S007-S009-S010-S013-S014
26.0,9.23,-3.0,9,8,-64.13,O01-S005-S006-S007-S009-S010-S014
26.0,9.23,0.0,10,9,-76.99,O01-S005-S006-S007-S009-S010
26.0,9.23,3.0,10,9,-36.02,O01-S005-S006-S007-S009-S010
26.0,9.23,6.0,10,8,-39.52,O01-S005-S006-S007-S009-S010
26.0,9.23,9.0,9,8,-43.05,O01-S005-S006-S007-S009-S010-S011
26.0,9.23,12.0,8,7,-46.88,O01-S005-S006-S007-S009-S010-S011-S012
26.0,9.23,15.0,8,7,-38.99,O01-S005-S006-S007-S009-S010-S011-S012
26.0,9.23,18.0,8,6,-38.97,O01-S005-S006-S007-S009-S010-S011-S012
26.0,9.23,21.0,7,5,-36.42,O01-S005-S006-S007-S009-S010-S011-S012-S015
26.0,9.23,24.0,6,4,-41.97,O01-S003-S005-S006-S007-S009-S010-S011-S012-S015
26.0,9.23,27.0,7,5,-47.8,S003-S004-S005-S006-S007-S009-S011-S012-S015
26.0,9.23,30.0,7,6,-48.18,S003-S004-S005-S006-S007-S009-S011-S012-S015
26.0,9.23,33.0,7,6,-44.4,S003-S004-S005-S006-S007-S009-S011-S012-S015
26.0,9.23,36.0,9,5,-56.19,S002-S003-S005-S006-S009-S011-S015
26.0,9.23,39.0,8,6,-70.56,S002-S003-S005-S006-S009-S011-S012-S015
26.0,9.23,42.0,7,7,-81.99,S002-S003-S005-S006-S007-S009-S011-S012-S015
26.0,9.23,45.0,7,7,-86.42,S002-S003-S005-S006-S007-S011-S012-S014-S015
26.0,9.23,48.0,7,6,-82.39,S002-S003-S005-S006-S007-S011-S012-S014-S015
26.0,9.23,51.0,7,5,-91.95,S002-S003-S005-S006-S007-S011-S012-S014-S015
26.0,9.23,54.0,7,4,-84.95,S002-S003-S005-S006-S007-S011-S012-S014-S015
26.0,9.23,57.0,7,4,-100.56,S003-S004-S005-S006-S007-S011-S012-S014-S015
26.0,9.23,60.0,6,4,-114.94,S003-S004-S005-S006-S007-S010-S011-S012-S014-S015
26.0,9.23,63.0,7,5,-131.59,S003-S004-S005-S006-S007-S010-S011-S012-S015
26.0,9.23,66.0,8,6,-130.94,S003-S004-S005-S006-S007-S010-S011-S015
26.0,9.23,69.0,7,5,-138.91,S003-S004-S005-S006-S007-S009-S010-S011-S015
26.0,9.23,72.0,5,4,-139.5,S002-S003-S004-S005-S006-S007-S009-S010-S011-S012-S015
26.0,9.23,75.0,6,5,-145.44,S002-S003-S004-S006-S007-S009-S010-S011-S012-S015
26.0,9.23,78.0,6,4,-147.87,S002-S003-S004-S006-S007-S009-S010-S011-S012-S015
26.0,9.23,81.0,5,4,-139.81,S002-S003-S004-S006-S007-S009-S010-S011-S012-S014-S015
26.0,9.23,84.0,4,3,-134.89,S002-S003-S004-S006-S007-S008-S009-S010-S011-S012-S014-S015
26.0,9.23,87.0,4,3,-131.72,S002-S003-S004-S006-S007-S008-S009-S010-S011-S012-S014-S015
26.0,9.23,90.0,4,3,-125.8,S002-S003-S004-S006-S007-S008-S009-S010-S011-S012-S014-S015
26.0,9.23,93.0,5,3,-118.04,S002-S003-S004-S007-S008-S009-S010-S011-S012-S014-S015
26.0,9.23,96.0,4,3,-110.79,S002-S003-S004-S006-S007-S008-S009-S010-S011-S012-S014-S015
26.0,9.23,99.0,4,3,-105.47,S002-S003-S004-S006-S007-S008-S009-S010-S011-S012-S014-S015
26.0,9.23,102.0,4,4,-103.46,S002-S003-S004-S005-S006-S007-S008-S009-S010-S011-S014-S015
26.0,9.23,105.0,4,4,-92.21,S002-S003-S004-S005-S006-S007-S008-S009-S010-S011-S014-S015
26.0,9.23,108.0,7,6,-82.93,S003-S004-S005-S007-S009-S010-S011-S014-S015
26.0,9.23,111.0,7,7,-74.18,S003-S004-S005-S007-S009-S010-S011-S014-S015
26.0,9.23,114.0,7,6,-63.6,S003-S004-S005-S007-S009-S010-S011-S014-S015
26.0,9.23,117.0,6,6,-53.51,S003-S004-S005-S006-S007-S009-S010-S011-S014-S015
26.0,9.23,120.0,6,5,-49.39,S003-S004-S005-S006-S007-S009-S010-S011-S014-S015
26.0,9.23,123.0,7,5,-46.23,S003-S004-S006-S007-S009-S010-S012-S014-S015
26.0,9.23,126.0,7,6,-57.27,S003-S004-S006-S007-S009-S010-S012-S014-S015
26.0,9.23,129.0,7,6,-75.94,O01-S003-S004-S006-S009-S010-S012-S014-S015
26.0,9.23,132.0,7,7,-90.88,O01-S003-S004-S006-S009-S010-S012-S014-S015
26.0,9.23,135.0,7,7,-110.28,O01-S003-S004-S006-S009-S010-S012-S014-S015
26.0,9.23,138.0,7,7,-105.65,S003-S004-S006-S009-S010-S011-S012-S014-S015
26.0,9.23,141.0,6,5,-104.43,S001-S003-S004-S006-S009-S010-S011-S012-S014-S015
26.0,9.23,144.0,6,4,-113.04,S001-S002-S003-S004-S006-S010-S011-S012-S014-S015
26.0,9.23,147.0,5,4,-119.38,S001-S002-S003-S004-S005-S006-S010-S011-S012-S014-S015
26.0,9.23,150.0,6,4,-124.2,S001-S002-S003-S005-S006-S010-S011-S012-S014-S015
26.0,9.23,153.0,6,3,-125.84,S001-S002-S003-S005-S006-S008-S010-S011-S012-S014
26.0,9.23,156.0,5,3,-129.57,S001-S002-S003-S005-S006-S008-S009-S010-S011-S012-S014
26.0,9.23,159.0,5,3,-121.08,S001-S002-S003-S005-S006-S008-S009-S010-S011-S012-S014
26.0,9.23,162.0,5,3,-105.46,S001-S002-S003-S005-S006-S008-S009-S010-S011-S012-S014
26.0,9.23,165.0,5,3,-91.79,S001-S002-S003-S005-S006-S008-S009-S010-S011-S012-S014
26.0,9.23,168.0,6,3,-81.15,S001-S002-S003-S005-S006-S008-S010-S011-S012-S014
26.0,9.23,171.0,6,3,-74.62,S001-S002-S003-S005-S006-S008-S010-S011-S012-S014
26.0,9.23,174.0,4,2,-85.92,O01-S001-S002-S003-S005-S006-S007-S008-S010-S011-S012-S014
26.0,9.23,177.0,5,3,-108.77,O01-S001-S002-S003-S005-S006-S007-S008-S011-S012-S014
27.0,9.64,-180.0,5,3,-116.59,O01-S001-S002-S003-S004-S005-S006-S007-S011-S012-S014
27.0,9.64,-177.0,6,4,-111.55,O01-S001-S003-S004-S005-S006-S007-S011-S012-S014
27.0,9.64,-174.0,5,5,-99.82,O01-S001-S003-S004-S005-S006-S007-S011-S012-S013-S014
27.0,9.64,-171.0,6,5,-93.95,O01-S001-S003-S004-S006-S007-S011-S012-S013-S014
27.0,9.64,-168.0,6,5,-91.45,O01-S001-S003-S004-S006-S007-S011-S012-S013-S014
27.0,9.64,-165.0,6,5,-86.11,O01-S001-S003-S004-S006-S007-S011-S012-S013-S014
27.0,9.64,-162.0,6,6,-79.53,O01-S001-S003-S004-S006-S007-S011-S012-S013-S014
27.0,9.64,-159.0,6,6,-71.97,O01-S001-S003-S004-S006-S007-S011-S012-S013-S014
27.0,9.64,-156.0,6,6,-62.18,O01-S001-S003-S004-S006-S007-S011-S012-S013-S014
27.0,9.64,-153.0,8,6,-52.32,S003-S004-S007-S008-S011-S012-S013-S014
27.0,9.64,-150.0,8,8,-53.29,S003-S004-S007-S008-S011-S012-S013-S014
27.0,9.64,-147.0,8,8,-54.15,S003-S004-S007-S008-S011-S012-S013-S014
27.0,9.64,-144.0,9,8,-53.54,S004-S007-S008-S011-S012-S013-S014
27.0,9.64,-141.0,9,9,-40.11,S004-S007-S008-S011-S012-S013-S014
27.0,9.64,-138.0,9,9,-41.0,S004-S007-S008-S011-S012-S013-S014
27.0,9.64,-135.0,9,9,-62.78,S004-S007-S008-S011-S012-S013-S014
27.0,9.64,-132.0,9,9,-56.04,S004-S007-S008-S011-S012-S013-S014
27.0,9.64,-129.0,10,10,-73.28,S004-S007-S008-S011-S012-S013
27.0,9.64,-126.0,10,10,-87.56,S004-S007-S008-S011-S012-S013
27.0,9.64,-123.0,10,9,-109.21,S002-S004-S007-S011-S012-S013
27.0,9.64,-120.0,10,9,-114.75,S002-S004-S007-S011-S012-S013
27.0,9.64,-117.0,9,9,-93.59,S002-S004-S005-S007-S011-S012-S013
27.0,9.64,-114.0,9,9,-53.55,S002-S004-S005-S007-S011-S012-S013
27.0,9.64,-111.0,9,9,-45.76,S002-S004-S005-S007-S011-S012-S013
27.0,9.64,-108.0,9,9,-36.86,S002-S004-S005-S007-S011-S012-S013
27.0,9.64,-105.0,9,8,-40.75,S002-S004-S005-S007-S011-S012-S013
27.0,9.64,-102.0,10,9,-38.48,O01-S002-S004-S007-S012-S013
27.0,9.64,-99.0,10,9,-36.49,O01-S002-S004-S007-S012-S013
27.0,9.64,-96.0,9,8,-37.62,O01-S002-S004-S007-S008-S010-S013
27.0,9.64,-93.0,9,9,-38.33,O01-S002-S004-S007-S008-S010-S013
27.0,9.64,-90.0,10,9,-36.76,O01-S002-S004-S007-S008-S010
27.0,9.64,-87.0,10,9,-59.35,O01-S002-S004-S007-S008-S010
27.0,9.64,-84.0,10,8,-75.19,O01-S002-S004-S007-S008-S010
27.0,9.64,-81.0,10,8,-81.05,O01-S002-S004-S007-S008-S010
27.0,9.64,-78.0,10,9,-83.9,O01-S002-S004-S007-S008-S010
27.0,9.64,-75.0,10,9,-80.67,O01-S002-S004-S007-S008-S010
27.0,9.64,-72.0,10,9,-103.02,O01-S002-S004-S007-S008-S010
27.0,9.64,-69.0,9,8,-129.36,O01-S002-S004-S007-S008-S009-S010
27.0,9.64,-66.0,9,7,-146.27,O01-S002-S004-S007-S008-S009-S010
27.0,9.64,-63.0,8,7,-143.31,O01-S002-S004-S007-S008-S009-S010-S013
27.0,9.64,-60.0,8,7,-148.03,O01-S002-S004-S007-S008-S009-S010-S013
27.0,9.64,-57.0,9,8,-120.99,O01-S002-S004-S007-S008-S009-S013
27.0,9.64,-54.0,9,8,-98.87,O01-S002-S004-S007-S008-S009-S013
27.0,9.64,-51.0,9,8,-72.99,O01-S002-S004-S007-S008-S009-S013
27.0,9.64,-48.0,8,8,-46.52,O01-S002-S004-S006-S007-S008-S009-S013
27.0,9.64,-45.0,8,7,-27.84,O01-S002-S004-S006-S007-S008-S009-S013
27.0,9.64,-42.0,7,7,-40.75,O01-S002-S004-S006-S007-S008-S009-S013-S014
27.0,9.64,-39.0,7,7,-26.6,O01-S002-S004-S006-S007-S008-S009-S013-S014
27.0,9.64,-36.0,7,6,-36.76,O01-S002-S004-S006-S007-S008-S009-S013-S014
27.0,9.64,-33.0,7,7,-63.46,O01-S002-S004-S005-S006-S007-S009-S013-S014
27.0,9.64,-30.0,7,6,-78.68,O01-S002-S004-S005-S006-S007-S009-S010-S014
27.0,9.64,-27.0,7,7,-91.82,O01-S002-S004-S005-S006-S007-S009-S010-S014
27.0,9.64,-24.0,8,7,-76.9,O01-S002-S004-S006-S007-S009-S010-S014
27.0,9.64,-21.0,8,6,-59.88,O01-S002-S006-S007-S009-S010-S013-S014
27.0,9.64,-18.0,7,7,-53.87,O01-S002-S005-S006-S007-S009-S010-S013-S014
27.0,9.64,-15.0,8,7,-61.8,O01-S002-S006-S007-S009-S010-S013-S014
27.0,9.64,-12.0,7,7,-51.67,O01-S002-S005-S006-S007-S009-S010-S013-S014
27.0,9.64,-9.0,8,7,-65.36,O01-S002-S006-S007-S009-S010-S013-S014
27.0,9.64,-6.0,10,8,-56.85,O01-S006-S007-S009-S010-S014
27.0,9.64,-3.0,10,8,-50.34,S005-S006-S007-S009-S010-S014
27.0,9.64,0.0,11,10,-63.16,S005-S006-S007-S009-S010
27.0,9.64,3.0,11,10,-23.19,S005-S006-S007-S009-S010
27.0,9.64,6.0,10,8,-31.72,O01-S005-S006-S007-S009-S010
27.0,9.64,9.0,9,8,-39.0,O01-S005-S006-S007-S009-S010-S011
27.0,9.64,12.0,9,7,-42.8,O01-S005-S006-S007-S009-S010-S011
27.0,9.64,15.0,8,7,-34.77,O01-S005-S006-S007-S009-S010-S011-S012
27.0,9.64,18.0,8,6,-36.79,O01-S005-S006-S007-S009-S010-S011-S012
27.0,9.64,21.0,8,6,-34.07,O01-S005-S006-S007-S009-S010-S011-S012
27.0,9.64,24.0,6,5,-38.8,O01-S003-S005-S006-S007-S009-S010-S011-S012-S015
27.0,9.64,27.0,8,7,-44.84,S003-S005-S006-S007-S009-S011-S012-S015
27.0,9.64,30.0,8,6,-45.43,S003-S005-S006-S007-S009-S011-S012-S015
27.0,9.64,33.0,10,6,-41.66,S003-S005-S006-S009-S011-S015
27.0,9.64,36.0,10,9,-51.61,S003-S005-S006-S009-S011-S015
27.0,9.64,39.0,9,7,-65.82,S002-S003-S005-S006-S009-S011-S015
27.0,9.64,42.0,8,7,-76.97,S002-S003-S005-S006-S009-S011-S012-S015
27.0,9.64,45.0,9,8,-81.27,S002-S003-S005-S006-S007-S011-S015
27.0,9.64,48.0,7,7,-77.46,S002-S003-S005-S006-S007-S011-S012-S014-S015
27.0,9.64,51.0,7,6,-79.34,S002-S003-S005-S006-S007-S011-S012-S014-S015
27.0,9.64,54.0,8,4,-80.37,S003-S005-S006-S007-S011-S012-S014-S015
27.0,9.64,57.0,8,5,-96.18,S003-S005-S006-S007-S011-S012-S014-S015
27.0,9.64,60.0,7,6,-110.5,S003-S004-S005-S006-S007-S010-S011-S012-S015
27.0,9.64,63.0,8,5,-127.39,S003-S004-S005-S007-S010-S011-S012-S015
27.0,9.64,66.0,8,6,-126.41,S003-S004-S005-S006-S007-S010-S011-S015
27.0,9.64,69.0,7,6,-135.45,S003-S004-S005-S006-S007-S009-S010-S011-S015
27.0,9.64,72.0,5,4,-135.76,S002-S003-S004-S005-S006-S007-S009-S010-S011-S012-S015
27.0,9.64,75.0,6,5,-141.45,S002-S003-S004-S006-S007-S009-S010-S011-S012-S015
27.0,9.64,78.0,6,4,-143.96,S002-S003-S004-S006-S007-S009-S010-S011-S012-S015
27.0,9.64,81.0,6,4,-136.8,S002-S003-S004-S006-S007-S009-S010-S011-S012-S015
27.0,9.64,84.0,5,3,-131.28,S002-S003-S004-S006-S007-S009-S010-S011-S012-S014-S015
27.0,9.64,87.0,4,3,-128.16,S002-S003-S004-S006-S007-S008-S009-S010-S011-S012-S014-S015
27.0,9.64,90.0,4,3,-122.39,S002-S003-S004-S006-S007-S008-S009-S010-S011-S012-S014-S015
27.0,9.64,93.0,5,4,-114.85,S002-S003-S004-S007-S008-S009-S010-S011-S012-S014-S015
27.0,9.64,96.0,4,4,-107.76,S002-S003-S004-S006-S007-S008-S009-S010-S011-S012-S014-S015
27.0,9.64,99.0,5,4,-102.51,S002-S003-S004-S006-S007-S008-S009-S010-S011-S014-S015
27.0,9.64,102.0,5,5,-100.52,S002-S003-S004-S006-S007-S008-S009-S010-S011-S014-S015
27.0,9.64,105.0,6,5,-88.78,S003-S004-S005-S007-S008-S009-S010-S011-S014-S015
27.0,9.64,108.0,7,7,-79.65,S003-S004-S005-S007-S009-S010-S011-S014-S015
27.0,9.64,111.0,7,7,-71.03,S003-S004-S005-S007-S009-S010-S011-S014-S015
27.0,9.64,114.0,7,7,-60.6,S003-S004-S005-S007-S009-S010-S011-S014-S015
27.0,9.64,117.0,6,6,-51.76,S003-S004-S005-S006-S007-S009-S010-S011-S014-S015
27.0,9.64,120.0,6,6,-47.65,S003-S004-S005-S006-S007-S009-S010-S011-S014-S015
27.0,9.64,123.0,7,6,-44.51,S003-S004-S006-S007-S009-S010-S012-S014-S015
27.0,9.64,126.0,8,6,-51.25,S003-S004-S006-S009-S010-S012-S014-S015
27.0,9.64,129.0,8,7,-70.12,S003-S004-S006-S009-S010-S012-S014-S015
27.0,9.64,132.0,8,7,-85.57,S003-S004-S006-S009-S010-S012-S014-S015
27.0,9.64,135.0,8,7,-104.97,S003-S004-S006-S009-S010-S012-S014-S015
27.0,9.64,138.0,7,7,-100.35,S003-S004-S006-S009-S010-S011-S012-S014-S015
27.0,9.64,141.0,6,6,-99.43,S001-S003-S004-S006-S009-S010-S011-S012-S014-S015
27.0,9.64,144.0,7,4,-108.04,S001-S002-S003-S006-S010-S011-S012-S014-S015
27.0,9.64,147.0,6,4,-114.24,S001-S002-S003-S005-S006-S010-S011-S012-S014-S015
27.0,9.64,150.0,7,4,-118.5,S001-S002-S003-S005-S006-S010-S011-S012-S014
27.0,9.64,153.0,6,4,-120.73,S001-S002-S003-S005-S006-S008-S010-S011-S012-S014
27.0,9.64,156.0,5,3,-124.6,S001-S002-S003-S005-S006-S008-S009-S010-S011-S012-S014
27.0,9.64,159.0,5,3,-115.97,S001-S002-S003-S005-S006-S008-S009-S010-S011-S012-S014
27.0,9.64,162.0,6,3,-100.53,S001-S002-S003-S005-S006-S008-S010-S011-S012-S014
27.0,9.64,165.0,6,5,-86.96,S001-S002-S003-S005-S006-S008-S010-S011-S012-S014
27.0,9.64,168.0,6,5,-76.19,S001-S002-S003-S005-S006-S008-S010-S011-S012-S014
27.0,9.64,171.0,6,4,-69.55,S001-S002-S003-S005-S006-S008-S010-S011-S012-S014
27.0,9.64,174.0,6,3,-80.78,S001-S002-S003-S005-S006-S007-S008-S011-S012-S014
27.0,9.64,177.0,6,3,-103.44,S001-S002-S003-S005-S006-S007-S008-S011-S012-S014
28.0,10.05,-180.0,8,4,-111.25,S001-S003-S005-S006-S007-S011-S012-S014
28.0,10.05,-177.0,6,5,-106.36,O01-S001-S003-S004-S005-S006-S007-S011-S012-S014
28.0,10.05,-174.0,6,5,-94.81,O01-S001-S003-S004-S005-S006-S007-S011-S012-S014
28.0,10.05,-171.0,6,5,-88.54,O01-S001-S003-S004-S006-S007-S011-S012-S013-S014
28.0,10.05,-168.0,6,5,-86.27,O01-S001-S003-S004-S006-S007-S011-S012-S013-S014
28.0,10.05,-165.0,6,6,-81.01,O01-S001-S003-S004-S006-S007-S011-S012-S013-S014
28.0,10.05,-162.0,6,6,-74.91,O01-S001-S003-S004-S006-S007-S011-S012-S013-S014
28.0,10.05,-159.0,6,6,-67.56,O01-S001-S003-S004-S006-S007-S011-S012-S013-S014
28.0,10.05,-156.0,6,6,-57.84,O01-S001-S003-S004-S006-S007-S011-S012-S013-S014
28.0,10.05,-153.0,9,8,-47.56,S003-S004-S007-S011-S012-S013-S014
28.0,10.05,-150.0,9,8,-49.38,S004-S007-S008-S011-S012-S013-S014
28.0,10.05,-147.0,9,8,-50.19,S004-S007-S008-S011-S012-S013-S014
28.0,10.05,-144.0,9,8,-49.83,S004-S007-S008-S011-S012-S013-S014
28.0,10.05,-141.0,9,9,-37.72,S004-S007-S008-S011-S012-S013-S014
28.0,10.05,-138.0,9,9,-38.61,S004-S007-S008-S011-S012-S013-S014
28.0,10.05,-135.0,9,9,-45.13,S004-S007-S008-S011-S012-S013-S014
28.0,10.05,-132.0,9,9,-47.7,S004-S007-S008-S011-S012-S013-S014
28.0,10.05,-129.0,10,10,-64.49,S004-S007-S008-S011-S012-S013
28.0,10.05,-126.0,10,10,-78.87,S004-S007-S008-S011-S012-S013
28.0,10.05,-123.0,10,10,-100.54,S002-S004-S007-S011-S012-S013
28.0,10.05,-120.0,10,9,-106.13,S002-S004-S007-S011-S012-S013
28.0,10.05,-117.0,10,9,-84.92,S002-S004-S007-S011-S012-S013
28.0,10.05,-114.0,9,9,-43.07,S002-S004-S005-S007-S011-S012-S013
28.0,10.05,-111.0,9,9,-34.82,S002-S004-S005-S007-S011-S012-S013
28.0,10.05,-108.0,10,9,-34.12,S002-S004-S007-S011-S012-S013
28.0,10.05,-105.0,10,9,-37.99,S002-S004-S007-S011-S012-S013
28.0,10.05,-102.0,10,10,-36.11,O01-S002-S004-S007-S012-S013
28.0,10.05,-99.0,11,10,-34.04,O01-S002-S004-S007-S013
28.0,10.05,-96.0,10,10,-35.21,O01-S002-S004-S007-S008-S013
28.0,10.05,-93.0,11,9,-35.95,O01-S002-S004-S007-S008
28.0,10.05,-90.0,10,9,-33.12,O01-S002-S004-S007-S008-S010
28.0,10.05,-87.0,10,9,-55.02,O01-S002-S004-S007-S008-S010
28.0,10.05,-84.0,10,9,-70.82,O01-S002-S004-S007-S008-S010
28.0,10.05,-81.0,10,9,-76.57,O01-S002-S004-S007-S008-S010
28.0,10.05,-78.0,10,9,-78.94,O01-S002-S004-S007-S008-S010
28.0,10.05,-75.0,10,9,-75.76,O01-S002-S004-S007-S008-S010
28.0,10.05,-72.0,10,9,-97.44,O01-S002-S004-S007-S008-S010
28.0,10.05,-69.0,10,8,-124.01,O01-S002-S004-S007-S008-S010
28.0,10.05,-66.0,10,8,-140.11,O01-S002-S004-S007-S008-S010
28.0,10.05,-63.0,8,7,-137.76,O01-S002-S004-S007-S008-S009-S010-S013
28.0,10.05,-60.0,9,8,-142.44,O01-S002-S004-S007-S008-S009-S013
28.0,10.05,-57.0,9,8,-114.47,O01-S002-S004-S007-S008-S009-S013
28.0,10.05,-54.0,9,8,-92.29,O01-S002-S004-S007-S008-S009-S013
28.0,10.05,-51.0,9,8,-66.49,O01-S002-S004-S007-S008-S009-S013
28.0,10.05,-48.0,9,8,-39.95,O01-S002-S004-S007-S008-S009-S013
28.0,10.05,-45.0,8,8,-25.65,O01-S002-S004-S006-S007-S008-S009-S013
28.0,10.05,-42.0,8,7,-31.28,O01-S002-S004-S006-S007-S008-S009-S014
28.0,10.05,-39.0,8,7,-25.15,O01-S002-S004-S006-S007-S008-S009-S014
28.0,10.05,-36.0,7,7,-31.79,O01-S002-S004-S006-S007-S008-S009-S013-S014
28.0,10.05,-33.0,9,7,-57.64,O01-S002-S004-S006-S007-S009-S014
28.0,10.05,-30.0,8,8,-73.15,O01-S002-S004-S006-S007-S009-S010-S014
28.0,10.05,-27.0,8,8,-86.57,O01-S002-S004-S006-S007-S009-S010-S014
28.0,10.05,-24.0,8,8,-71.25,O01-S002-S004-S006-S007-S009-S010-S014
28.0,10.05,-21.0,9,7,-54.02,O01-S002-S006-S007-S009-S010-S014
28.0,10.05,-18.0,8,8,-47.55,O01-S002-S006-S007-S009-S010-S013-S014
28.0,10.05,-15.0,8,8,-55.55,O01-S002-S006-S007-S009-S010-S013-S014
28.0,10.05,-12.0,8,8,-44.97,O01-S002-S006-S007-S009-S010-S013-S014
28.0,10.05,-9.0,8,8,-56.85,O01-S002-S006-S007-S009-S010-S013-S014
28.0,10.05,-6.0,10,9,-47.5,O01-S006-S007-S009-S010-S014
28.0,10.05,-3.0,11,11,-36.34,S005-S006-S007-S009-S010
28.0,10.05,0.0,11,10,-49.12,S005-S006-S007-S009-S010
28.0,10.05,3.0,11,10,-15.31,S005-S006-S007-S009-S010
28.0,10.05,6.0,11,9,-27.73,S005-S006-S007-S009-S010
28.0,10.05,9.0,9,8,-34.89,O01-S005-S006-S007-S009-S010-S011
28.0,10.05,12.0,9,8,-38.67,O01-S005-S006-S007-S009-S010-S011
28.0,10.05,15.0,8,7,-30.47,O01-S005-S006-S007-S009-S010-S011-S012
28.0,10.05,18.0,8,7,-34.56,O01-S005-S006-S007-S009-S010-S011-S012
28.0,10.05,21.0,8,6,-31.85,O01-S005-S006-S007-S009-S010-S011-S012
28.0,10.05,24.0,7,5,-35.6,S003-S005-S006-S007-S009-S010-S011-S012-S015
28.0,10.05,27.0,8,7,-41.83,S003-S005-S006-S007-S009-S011-S012-S015
28.0,10.05,30.0,9,7,-42.65,S003-S005-S006-S009-S011-S012-S015
28.0,10.05,33.0,10,9,-38.88,S003-S005-S006-S009-S011-S015
28.0,10.05,36.0,10,9,-46.96,S003-S005-S006-S009-S011-S015
28.0,10.05,39.0,9,8,-61.0,S002-S003-S005-S006-S009-S011-S015
28.0,10.05,42.0,10,7,-71.87,S002-S003-S005-S006-S011-S015
28.0,10.05,45.0,9,9,-76.03,S002-S003-S005-S006-S007-S011-S015
28.0,10.05,48.0,8,7,-72.47,S002-S003-S005-S006-S007-S011-S014-S015
28.0,10.05,51.0,8,7,-65.3,S002-S003-S005-S006-S007-S011-S014-S015
28.0,10.05,54.0,8,7,-75.7,S003-S005-S006-S007-S011-S012-S014-S015
28.0,10.05,57.0,8,5,-91.72,S003-S005-S006-S007-S011-S012-S014-S015
28.0,10.05,60.0,10,6,-106.26,S003-S005-S007-S011-S012-S015
28.0,10.05,63.0,9,5,-123.14,S003-S004-S005-S007-S010-S011-S015
28.0,10.05,66.0,9,6,-121.8,S003-S004-S005-S007-S010-S011-S015
28.0,10.05,69.0,7,6,-131.97,S003-S004-S005-S006-S007-S009-S010-S011-S015
28.0,10.05,72.0,7,6,-131.98,S002-S003-S004-S006-S007-S009-S010-S011-S015
28.0,10.05,75.0,6,5,-137.38,S002-S003-S004-S006-S007-S009-S010-S011-S012-S015
28.0,10.05,78.0,6,5,-139.97,S002-S003-S004-S006-S007-S009-S010-S011-S012-S015
28.0,10.05,81.0,6,4,-133.76,S002-S003-S004-S006-S007-S009-S010-S011-S012-S015
28.0,10.05,84.0,6,4,-127.61,S002-S003-S004-S006-S007-S009-S010-S011-S012-S015
28.0,10.05,87.0,6,4,-124.53,S002-S003-S004-S006-S007-S009-S010-S011-S014-S015
28.0,10.05,90.0,5,3,-118.94,S002-S003-S004-S006-S007-S009-S010-S011-S012-S014-S015
28.0,10.05,93.0,6,5,-111.62,S002-S003-S004-S007-S009-S010-S011-S012-S014-S015
28.0,10.05,96.0,5,4,-104.7,S002-S003-S004-S006-S007-S009-S010-S011-S012-S014-S015
28.0,10.05,99.0,5,5,-99.53,S002-S003-S004-S006-S007-S008-S009-S010-S011-S014-S015
28.0,10.05,102.0,5,5,-97.56,S002-S003-S004-S006-S007-S008-S009-S010-S011-S014-S015
28.0,10.05,105.0,8,6,-85.3,S003-S004-S007-S009-S010-S011-S014-S015
28.0,10.05,108.0,7,7,-76.33,S003-S004-S005-S007-S009-S010-S011-S014-S015
28.0,10.05,111.0,7,7,-67.83,S003-S004-S005-S007-S009-S010-S011-S014-S015
28.0,10.05,114.0,7,7,-57.56,S003-S004-S005-S007-S009-S010-S011-S014-S015
28.0,10.05,117.0,6,6,-49.97,S003-S004-S005-S006-S007-S009-S010-S011-S014-S015
28.0,10.05,120.0,7,6,-45.88,S003-S004-S005-S006-S007-S009-S010-S014-S015
28.0,10.05,123.0,8,6,-42.76,S003-S004-S006-S009-S010-S012-S014-S015
28.0,10.05,126.0,8,7,-45.12,S003-S004-S006-S009-S010-S012-S014-S015
28.0,10.05,129.0,8,8,-64.22,S003-S004-S006-S009-S010-S012-S014-S015
28.0,10.05,132.0,8,8,-80.17,S003-S004-S006-S009-S010-S012-S014-S015
28.0,10.05,135.0,8,8,-99.59,S003-S004-S006-S009-S010-S012-S014-S015
28.0,10.05,138.0,9,7,-94.95,S003-S006-S009-S010-S012-S014-S015
28.0,10.05,141.0,8,6,-94.37,S003-S006-S009-S010-S011-S012-S014-S015
28.0,10.05,144.0,7,5,-102.96,S001-S002-S003-S006-S010-S011-S012-S014-S015
28.0,10.05,147.0,7,4,-109.02,S001-S002-S003-S006-S010-S011-S012-S014-S015
28.0,10.05,150.0,7,4,-112.72,S001-S002-S003-S005-S006-S010-S011-S012-S014
28.0,10.05,153.0,6,4,-115.52,S001-S002-S003-S005-S006-S008-S010-S011-S012-S014
28.0,10.05,156.0,6,3,-119.56,S001-S002-S003-S005-S006-S008-S010-S011-S012-S014
28.0,10.05,159.0,5,3,-110.77,S001-S002-S003-S005-S006-S008-S009-S010-S011-S012-S014
28.0,10.05,162.0,6,5,-95.53,S001-S002-S003-S005-S006-S008-S010-S011-S012-S014
28.0,10.05,165.0,6,5,-81.87,S001-S002-S003-S005-S006-S008-S010-S011-S012-S014
28.0,10.05,168.0,6,5,-71.16,S001-S002-S003-S005-S006-S008-S010-S011-S012-S014
28.0,10.05,171.0,6,5,-64.41,S001-S002-S003-S005-S006-S008-S010-S011-S012-S014
28.0,10.05,174.0,7,5,-75.56,S001-S002-S003-S005-S006-S008-S011-S012-S014
28.0,10.05,177.0,6,4,-98.02,S001-S002-S003-S005-S006-S007-S008-S011-S012-S014
29.0,10.47,-180.0,8,7,-105.81,S001-S003-S005-S006-S007-S011-S012-S014
29.0,10.47,-177.0,9,6,-101.08,S001-S003-S006-S007-S011-S012-S014
29.0,10.47,-174.0,7,5,-89.71,O01-S001-S003-S004-S006-S007-S011-S012-S014
29.0,10.47,-171.0,6,5,-83.04,O01-S001-S003-S004-S006-S007-S011-S012-S013-S014
29.0,10.47,-168.0,6,6,-81.0,O01-S001-S003-S004-S006-S007-S011-S012-S013-S014
29.0,10.47,-165.0,6,6,-75.69,O01-S001-S003-S004-S006-S007-S011-S012-S013-S014
29.0,10.47,-162.0,6,6,-70.21,O01-S001-S003-S004-S006-S007-S011-S012-S013-S014
29.0,10.47,-159.0,6,6,-63.08,O01-S001-S003-S004-S006-S007-S011-S012-S013-S014
29.0,10.47,-156.0,8,6,-53.44,S003-S004-S006-S007-S011-S012-S013-S014
29.0,10.47,-153.0,10,9,-42.95,S004-S007-S011-S012-S013-S014
29.0,10.47,-150.0,9,8,-45.41,S004-S007-S008-S011-S012-S013-S014
29.0,10.47,-147.0,10,9,-46.15,S004-S007-S011-S012-S013-S014
29.0,10.47,-144.0,9,9,-46.07,S004-S007-S008-S011-S012-S013-S014
29.0,10.47,-141.0,9,9,-35.28,S004-S007-S008-S011-S012-S013-S014
29.0,10.47,-138.0,10,10,-36.18,S004-S007-S011-S012-S013-S014
29.0,10.47,-135.0,9,9,-31.69,S004-S007-S008-S011-S012-S013-S014
29.0,10.47,-132.0,10,10,-38.81,S004-S007-S008-S011-S012-S013
29.0,10.47,-129.0,10,10,-55.52,S004-S007-S008-S011-S012-S013
29.0,10.47,-126.0,11,11,-70.02,S004-S007-S011-S012-S013
29.0,10.47,-123.0,12,10,-91.72,S004-S007-S012-S013
29.0,10.47,-120.0,11,11,-97.38,S002-S004-S007-S012-S013
29.0,10.47,-117.0,10,9,-76.71,S002-S004-S007-S011-S012-S013
29.0,10.47,-114.0,10,9,-34.51,S002-S004-S007-S011-S012-S013
29.0,10.47,-111.0,10,9,-26.61,S002-S004-S007-S011-S012-S013
29.0,10.47,-108.0,10,10,-31.32,S002-S004-S007-S011-S012-S013
29.0,10.47,-105.0,11,11,-35.18,S002-S004-S007-S012-S013
29.0,10.47,-102.0,12,10,-33.7,S002-S004-S007-S013
29.0,10.47,-99.0,11,11,-31.55,O01-S002-S004-S007-S013
29.0,10.47,-96.0,12,10,-32.77,O01-S002-S004-S007
29.0,10.47,-93.0,11,10,-33.54,O01-S002-S004-S007-S008
29.0,10.47,-90.0,10,9,-31.32,O01-S002-S004-S007-S008-S010
29.0,10.47,-87.0,10,9,-50.63,O01-S002-S004-S007-S008-S010
29.0,10.47,-84.0,10,9,-66.4,O01-S002-S004-S007-S008-S010
29.0,10.47,-81.0,10,10,-72.02,O01-S002-S004-S007-S008-S010
29.0,10.47,-78.0,10,10,-74.01,O01-S002-S004-S007-S008-S010
29.0,10.47,-75.0,10,10,-70.76,O01-S002-S004-S007-S008-S010
29.0,10.47,-72.0,10,9,-91.68,O01-S002-S004-S007-S008-S010
29.0,10.47,-69.0,10,9,-118.58,O01-S002-S004-S007-S008-S010
29.0,10.47,-66.0,10,9,-133.84,O01-S002-S004-S007-S008-S010
29.0,10.47,-63.0,10,7,-132.15,O01-S002-S004-S007-S008-S010
29.0,10.47,-60.0,10,9,-136.81,O01-S002-S004-S007-S008-S013
29.0,10.47,-57.0,10,8,-108.06,O01-S002-S004-S007-S008-S013
29.0,10.47,-54.0,9,8,-85.54,O01-S002-S004-S007-S008-S009-S013
29.0,10.47,-51.0,9,8,-59.88,O01-S002-S004-S007-S008-S009-S013
29.0,10.47,-48.0,9,8,-33.64,O01-S002-S004-S007-S008-S009-S013
29.0,10.47,-45.0,10,8,-24.29,O01-S002-S004-S007-S008-S009
29.0,10.47,-42.0,9,8,-23.35,O01-S002-S004-S006-S007-S008-S009
29.0,10.47,-39.0,8,8,-23.68,O01-S002-S004-S006-S007-S008-S009-S014
29.0,10.47,-36.0,9,8,-28.25,O01-S002-S004-S006-S007-S009-S014
29.0,10.47,-33.0,9,9,-51.72,O01-S002-S004-S006-S007-S009-S014
29.0,10.47,-30.0,9,8,-67.52,O01-S002-S004-S006-S007-S009-S014
29.0,10.47,-27.0,8,8,-81.25,O01-S002-S004-S006-S007-S009-S010-S014
29.0,10.47,-24.0,8,8,-65.5,O01-S002-S004-S006-S007-S009-S010-S014
29.0,10.47,-21.0,9,8,-48.06,O01-S002-S006-S007-S009-S010-S014
29.0,10.47,-18.0,9,8,-41.11,O01-S002-S006-S007-S009-S010-S014
29.0,10.47,-15.0,8,8,-49.2,O01-S002-S006-S007-S009-S010-S013-S014
29.0,10.47,-12.0,9,8,-38.15,O01-S002-S006-S007-S009-S010-S014
29.0,10.47,-9.0,9,8,-48.21,O01-S002-S006-S007-S009-S010-S014
29.0,10.47,-6.0,11,10,-38.0,S006-S007-S009-S010-S014
29.0,10.47,-3.0,12,11,-22.12,S006-S007-S009-S010
29.0,10.47,0.0,11,10,-34.86,S005-S006-S007-S009-S010
29.0,10.47,3.0,12,11,-11.25,S005-S006-S007-S009
29.0,10.47,6.0,11,10,-23.67,S005-S006-S007-S009-S010
29.0,10.47,9.0,11,8,-30.72,S005-S006-S007-S009-S010
29.0,10.47,12.0,10,9,-34.47,O01-S005-S006-S007-S009-S011
29.0,10.47,15.0,8,7,-26.6,O01-S005-S006-S007-S009-S010-S011-S012
29.0,10.47,18.0,8,7,-32.3,O01-S005-S006-S007-S009-S010-S011-S012
29.0,10.47,21.0,9,7,-29.6,S005-S006-S007-S009-S010-S011-S012
29.0,10.47,24.0,9,6,-32.34,S005-S006-S007-S009-S010-S011-S012
29.0,10.47,27.0,9,7,-38.77,S003-S005-S006-S009-S011-S012-S015
29.0,10.47,30.0,10,7,-39.82,S003-S005-S006-S009-S011-S015
29.0,10.47,33.0,10,9,-36.07,S003-S005-S006-S009-S011-S015
29.0,10.47,36.0,10,9,-42.24,S003-S005-S006-S009-S011-S015
29.0,10.47,39.0,10,9,-56.11,S003-S005-S006-S009-S011-S015
29.0,10.47,42.0,10,10,-66.68,S002-S003-S005-S006-S011-S015
29.0,10.47,45.0,9,9,-70.7,S002-S003-S005-S006-S007-S011-S015
29.0,10.47,48.0,8,8,-67.4,S002-S003-S005-S006-S007-S011-S014-S015
29.0,10.47,51.0,10,8,-55.75,S003-S006-S007-S011-S014-S015
29.0,10.47,54.0,9,8,-70.95,S003-S006-S007-S011-S012-S014-S015
29.0,10.47,57.0,9,7,-87.2,S003-S005-S006-S007-S011-S012-S015
29.0,10.47,60.0,10,6,-101.97,S003-S005-S007-S011-S012-S015
29.0,10.47,63.0,10,6,-118.82,S003-S005-S007-S010-S011-S015
29.0,10.47,66.0,10,6,-117.09,S003-S004-S005-S007-S011-S015
29.0,10.47,69.0,9,6,-127.94,S003-S004-S005-S007-S010-S011-S015
29.0,10.47,72.0,8,6,-128.15,S003-S004-S006-S007-S009-S010-S011-S015
29.0,10.47,75.0,6,5,-133.23,S002-S003-S004-S006-S007-S009-S010-S011-S012-S015
29.0,10.47,78.0,6,5,-135.91,S002-S003-S004-S006-S007-S009-S010-S011-S012-S015
29.0,10.47,81.0,6,5,-130.71,S002-S003-S004-S006-S007-S009-S010-S011-S012-S015
29.0,10.47,84.0,6,4,-123.87,S002-S003-S004-S006-S007-S009-S010-S011-S012-S015
29.0,10.47,87.0,6,6,-120.85,S002-S003-S004-S006-S007-S009-S010-S011-S014-S015
29.0,10.47,90.0,6,5,-115.43,S002-S003-S004-S006-S007-S009-S010-S011-S014-S015
29.0,10.47,93.0,6,6,-108.35,S002-S003-S004-S007-S009-S010-S011-S012-S014-S015
29.0,10.47,96.0,7,6,-101.61,S002-S003-S004-S007-S009-S010-S011-S014-S015
29.0,10.47,99.0,6,5,-96.52,S002-S003-S004-S006-S007-S009-S010-S011-S014-S015
29.0,10.47,102.0,5,5,-94.08,S002-S003-S004-S006-S007-S008-S009-S010-S011-S014-S015
29.0,10.47,105.0,8,8,-81.76,S003-S004-S007-S009-S010-S011-S014-S015
29.0,10.47,108.0,7,7,-72.94,S003-S004-S005-S007-S009-S010-S011-S014-S015
29.0,10.47,111.0,8,7,-64.58,S003-S004-S005-S009-S010-S011-S014-S015
29.0,10.47,114.0,7,7,-54.47,S003-S004-S005-S007-S009-S010-S011-S014-S015
29.0,10.47,117.0,7,6,-48.16,S003-S004-S005-S007-S009-S010-S011-S014-S015
29.0,10.47,120.0,8,6,-44.08,S003-S004-S006-S007-S009-S010-S014-S015
29.0,10.47,123.0,9,7,-40.98,S003-S004-S006-S009-S010-S014-S015
29.0,10.47,126.0,9,7,-39.18,S003-S006-S009-S010-S012-S014-S015
29.0,10.47,129.0,9,8,-58.21,S003-S006-S009-S010-S012-S014-S015
29.0,10.47,132.0,9,8,-74.7,S003-S006-S009-S010-S012-S014-S015
29.0,10.47,135.0,9,8,-94.11,S003-S006-S009-S010-S012-S014-S015
29.0,10.47,138.0,9,7,-89.46,S003-S006-S009-S010-S012-S014-S015
29.0,10.47,141.0,9,7,-89.23,S003-S006-S010-S011-S012-S014-S015
29.0,10.47,144.0,8,5,-97.79,S002-S003-S006-S010-S011-S012-S014-S015
29.0,10.47,147.0,9,4,-103.7,S002-S003-S006-S010-S011-S012-S014
29.0,10.47,150.0,8,4,-106.86,S002-S003-S005-S006-S010-S011-S012-S014
29.0,10.47,153.0,7,4,-110.21,S001-S002-S003-S005-S006-S010-S011-S012-S014
29.0,10.47,156.0,6,4,-114.43,S001-S002-S003-S005-S006-S008-S010-S011-S012-S014
29.0,10.47,159.0,6,3,-105.5,S001-S002-S003-S005-S006-S008-S010-S011-S012-S014
29.0,10.47,162.0,6,5,-90.44,S001-S002-S003-S005-S006-S008-S010-S011-S012-S014
29.0,10.47,165.0,6,5,-76.46,S001-S002-S003-S005-S006-S008-S010-S011-S012-S014
29.0,10.47,168.0,6,6,-66.07,S001-S002-S003-S005-S006-S008-S010-S011-S012-S014
29.0,10.47,171.0,8,6,-59.19,S001-S002-S003-S005-S006-S011-S012-S014
29.0,10.47,174.0,8,6,-70.25,S001-S002-S003-S005-S006-S011-S012-S014
29.0,10.47,177.0,6,4,-92.5,S001-S002-S003-S005-S006-S007-S008-S011-S012-S014
30.0,10.89,-180.0,9,7,-100.27,S001-S003-S005-S006-S011-S012-S014
30.0,10.89,-177.0,10,7,-95.7,S001-S003-S006-S011-S012-S014
30.0,10.89,-174.0,8,6,-84.53,O01-S001-S003-S006-S007-S011-S012-S014
30.0,10.89,-171.0,7,6,-77.44,O01-S001-S003-S004-S006-S007-S011-S012-S014
30.0,10.89,-168.0,6,6,-75.65,O01-S001-S003-S004-S006-S007-S011-S012-S013-S014
30.0,10.89,-165.0,6,6,-70.34,O01-S001-S003-S004-S006-S007-S011-S012-S013-S014
30.0,10.89,-162.0,6,6,-65.43,O01-S001-S003-S004-S006-S007-S011-S012-S013-S014
30.0,10.89,-159.0,7,6,-58.53,O01-S003-S004-S006-S007-S011-S012-S013-S014
30.0,10.89,-156.0,10,8,-48.96,S004-S007-S011-S012-S013-S014
30.0,10.89,-153.0,10,9,-38.71,S004-S007-S011-S012-S013-S014
30.0,10.89,-150.0,10,10,-41.36,S004-S007-S011-S012-S013-S014
30.0,10.89,-147.0,10,10,-42.05,S004-S007-S011-S012-S013-S014
30.0,10.89,-144.0,10,10,-42.17,S004-S007-S011-S012-S013-S014
30.0,10.89,-141.0,10,10,-32.8,S004-S007-S011-S012-S013-S014
30.0,10.89,-138.0,10,10,-33.71,S004-S007-S011-S012-S013-S014
30.0,10.89,-135.0,9,9,-29.12,S004-S007-S008-S011-S012-S013-S014
30.0,10.89,-132.0,11,10,-29.83,S004-S007-S011-S012-S013
30.0,10.89,-129.0,11,11,-46.34,S004-S007-S011-S012-S013
30.0,10.89,-126.0,11,11,-60.97,S004-S007-S011-S012-S013
30.0,10.89,-123.0,12,12,-82.74,S004-S007-S012-S013
30.0,10.89,-120.0,11,11,-88.49,S002-S004-S007-S012-S013
30.0,10.89,-117.0,10,10,-68.36,S002-S004-S007-S011-S012-S013
30.0,10.89,-114.0,10,10,-25.98,S002-S004-S007-S011-S012-S013
30.0,10.89,-111.0,10,10,-23.81,S002-S004-S007-S011-S012-S013
30.0,10.89,-108.0,11,10,-28.48,S002-S004-S007-S012-S013
30.0,10.89,-105.0,11,11,-32.32,S002-S004-S007-S012-S013
30.0,10.89,-102.0,12,11,-31.27,S002-S004-S007-S013
30.0,10.89,-99.0,11,11,-29.02,O01-S002-S004-S007-S013
30.0,10.89,-96.0,13,11,-30.28,O01-S004-S007
30.0,10.89,-93.0,13,10,-31.09,O01-S004-S007
30.0,10.89,-90.0,12,10,-29.5,O01-S004-S007-S008
30.0,10.89,-87.0,12,9,-46.19,O01-S004-S007-S008
30.0,10.89,-84.0,10,9,-61.91,O01-S002-S004-S007-S008-S010
30.0,10.89,-81.0,10,10,-67.41,O01-S002-S004-S007-S008-S010
30.0,10.89,-78.0,10,10,-69.09,O01-S002-S004-S007-S008-S010
30.0,10.89,-75.0,10,10,-65.67,O01-S002-S004-S007-S008-S010
30.0,10.89,-72.0,10,10,-85.82,O01-S002-S004-S007-S008-S010
30.0,10.89,-69.0,10,9,-113.07,O01-S002-S004-S007-S008-S010
30.0,10.89,-66.0,10,9,-127.45,O01-S002-S004-S007-S008-S010
30.0,10.89,-63.0,11,9,-126.46,O01-S002-S004-S007-S008
30.0,10.89,-60.0,10,9,-131.13,O01-S002-S004-S007-S008-S013
30.0,10.89,-57.0,10,9,-101.58,O01-S002-S004-S007-S008-S013
30.0,10.89,-54.0,9,8,-78.68,O01-S002-S004-S007-S008-S009-S013
30.0,10.89,-51.0,9,8,-53.15,O01-S002-S004-S007-S008-S009-S013
30.0,10.89,-48.0,9,8,-27.24,O01-S002-S004-S007-S008-S009-S013
30.0,10.89,-45.0,10,8,-22.89,O01-S002-S004-S007-S008-S009
30.0,10.89,-42.0,9,9,-21.96,O01-S002-S004-S006-S007-S008-S009
30.0,10.89,-39.0,8,8,-22.19,O01-S002-S004-S006-S007-S008-S009-S014
30.0,10.89,-36.0,9,9,-24.66,O01-S002-S004-S006-S007-S009-S014
30.0,10.89,-33.0,9,9,-45.67,O01-S002-S004-S006-S007-S009-S014
30.0,10.89,-30.0,9,9,-61.8,O01-S002-S004-S006-S007-S009-S014
30.0,10.89,-27.0,9,8,-75.84,O01-S002-S004-S006-S007-S009-S014
30.0,10.89,-24.0,9,8,-59.64,O01-S002-S006-S007-S009-S010-S014
30.0,10.89,-21.0,9,9,-41.99,O01-S002-S006-S007-S009-S010-S014
30.0,10.89,-18.0,9,8,-34.55,O01-S002-S006-S007-S009-S010-S014
30.0,10.89,-15.0,9,8,-42.75,O01-S002-S006-S007-S009-S010-S014
30.0,10.89,-12.0,9,8,-31.22,O01-S002-S006-S007-S009-S010-S014
30.0,10.89,-9.0,11,8,-39.24,S006-S007-S009-S010-S014
30.0,10.89,-6.0,11,11,-28.31,S006-S007-S009-S010-S014
30.0,10.89,-3.0,12,12,-11.83,S006-S007-S009-S010
30.0,10.89,0.0,11,11,-20.38,S005-S006-S007-S009-S010
30.0,10.89,3.0,12,11,-7.12,S005-S006-S007-S009
30.0,10.89,6.0,11,10,-19.55,S005-S006-S007-S009-S010
30.0,10.89,9.0,12,9,-26.48,S005-S006-S007-S009
30.0,10.89,12.0,11,9,-30.2,S005-S006-S007-S009-S011
30.0,10.89,15.0,10,7,-24.33,S005-S006-S007-S009-S010-S011
30.0,10.89,18.0,9,7,-30.0,S005-S006-S007-S009-S010-S011-S012
30.0,10.89,21.0,9,8,-27.32,S005-S006-S007-S009-S010-S011-S012
30.0,10.89,24.0,11,8,-29.07,S005-S006-S009-S011-S012
30.0,10.89,27.0,9,7,-35.67,S003-S005-S006-S009-S011-S012-S015
30.0,10.89,30.0,10,8,-36.95,S003-S005-S006-S009-S011-S015
30.0,10.89,33.0,10,9,-33.2,S003-S005-S006-S009-S011-S015
30.0,10.89,36.0,10,9,-37.44,S003-S005-S006-S009-S011-S015
30.0,10.89,39.0,11,10,-51.15,S003-S005-S006-S011-S015
30.0,10.89,42.0,11,11,-61.41,S003-S005-S006-S011-S015
30.0,10.89,45.0,11,9,-65.29,S003-S005-S006-S011-S015
30.0,10.89,48.0,10,9,-62.26,S002-S003-S006-S007-S011-S015
30.0,10.89,51.0,10,10,-50.39,S003-S006-S007-S011-S014-S015
30.0,10.89,54.0,10,9,-66.1,S003-S006-S007-S011-S014-S015
30.0,10.89,57.0,10,8,-82.59,S003-S005-S007-S011-S012-S015
30.0,10.89,60.0,11,8,-97.61,S003-S005-S007-S011-S015
30.0,10.89,63.0,11,6,-114.45,S003-S005-S007-S011-S015
30.0,10.89,66.0,10,6,-112.3,S003-S004-S005-S007-S011-S015
30.0,10.89,69.0,11,6,-123.3,S003-S004-S007-S011-S015
30.0,10.89,72.0,8,7,-124.26,S003-S004-S006-S007-S009-S010-S011-S015
30.0,10.89,75.0,6,5,-129.01,S002-S003-S004-S006-S007-S009-S010-S011-S012-S015
30.0,10.89,78.0,7,6,-131.78,S002-S003-S004-S006-S007-S009-S010-S011-S015
30.0,10.89,81.0,7,6,-127.64,S002-S003-S004-S006-S007-S009-S010-S011-S015
30.0,10.89,84.0,7,7,-120.29,S002-S003-S004-S006-S007-S009-S010-S011-S015
30.0,10.89,87.0,7,6,-117.09,S002-S003-S004-S006-S007-S009-S010-S011-S015
30.0,10.89,90.0,7,7,-111.86,S002-S003-S004-S007-S009-S010-S011-S014-S015
30.0,10.89,93.0,7,6,-105.04,S002-S003-S004-S007-S009-S010-S011-S014-S015
30.0,10.89,96.0,7,7,-98.48,S002-S003-S004-S007-S009-S010-S011-S014-S015
30.0,10.89,99.0,6,6,-93.48,S002-S003-S004-S006-S007-S009-S010-S011-S014-S015
30.0,10.89,102.0,8,6,-90.29,S003-S004-S007-S009-S010-S011-S014-S015
30.0,10.89,105.0,8,8,-78.16,S003-S004-S007-S009-S010-S011-S014-S015
30.0,10.89,108.0,7,7,-69.49,S003-S004-S005-S007-S009-S010-S011-S014-S015
30.0,10.89,111.0,8,8,-61.27,S003-S004-S005-S009-S010-S011-S014-S015
30.0,10.89,114.0,8,7,-51.44,S003-S004-S005-S009-S010-S011-S014-S015
30.0,10.89,117.0,7,6,-46.31,S003-S004-S005-S007-S009-S010-S011-S014-S015
30.0,10.89,120.0,9,7,-42.26,S003-S004-S006-S009-S010-S014-S015
30.0,10.89,123.0,9,8,-39.17,S003-S004-S006-S009-S010-S014-S015
30.0,10.89,126.0,9,8,-37.36,S003-S006-S009-S010-S012-S014-S015
30.0,10.89,129.0,9,8,-52.09,S003-S006-S009-S010-S012-S014-S015
30.0,10.89,132.0,9,8,-69.13,S003-S006-S009-S010-S012-S014-S015
30.0,10.89,135.0,9,8,-88.55,S003-S006-S009-S010-S012-S014-S015
30.0,10.89,138.0,9,8,-84.09,S003-S006-S009-S010-S012-S014-S015
30.0,10.89,141.0,9,7,-84.01,S003-S006-S010-S011-S012-S014-S015
30.0,10.89,144.0,9,6,-92.53,S003-S006-S010-S011-S012-S014-S015
30.0,10.89,147.0,9,6,-98.29,S002-S003-S006-S010-S011-S012-S014
30.0,10.89,150.0,9,6,-100.91,S002-S003-S006-S010-S011-S012-S014
30.0,10.89,153.0,7,5,-104.8,S001-S002-S003-S005-S006-S010-S011-S012-S014
30.0,10.89,156.0,6,4,-109.22,S001-S002-S003-S005-S006-S008-S010-S011-S012-S014
30.0,10.89,159.0,6,5,-100.13,S001-S002-S003-S005-S006-S008-S010-S011-S012-S014
30.0,10.89,162.0,6,5,-85.28,S001-S002-S003-S005-S006-S008-S010-S011-S012-S014
30.0,10.89,165.0,6,5,-70.97,S001-S002-S003-S005-S006-S008-S010-S011-S012-S014
30.0,10.89,168.0,6,6,-60.89,S001-S002-S003-S005-S006-S008-S010-S011-S012-S014
30.0,10.89,171.0,8,7,-53.88,S001-S002-S003-S005-S006-S011-S012-S014
30.0,10.89,174.0,8,6,-64.86,S001-S002-S003-S005-S006-S011-S012-S014
30.0,10.89,177.0,9,7,-86.86,S001-S003-S005-S006-S011-S012-S014
31.0,11.33,-180.0,10,7,-94.61,S001-S003-S006-S011-S012-S014
31.0,11.33,-177.0,10,8,-90.23,S001-S003-S006-S011-S012-S014
31.0,11.33,-174.0,10,7,-79.26,S001-S003-S006-S011-S012-S014
31.0,11.33,-171.0,8,6,-71.74,O01-S001-S003-S004-S006-S011-S012-S014
31.0,11.33,-168.0,7,6,-70.21,O01-S001-S003-S004-S006-S011-S012-S013-S014
31.0,11.33,-165.0,6,6,-64.99,O01-S001-S003-S004-S006-S007-S011-S012-S013-S014
31.0,11.33,-162.0,7,6,-60.57,O01-S003-S004-S006-S007-S011-S012-S013-S014
31.0,11.33,-159.0,7,7,-53.89,O01-S003-S004-S006-S007-S011-S012-S013-S014
31.0,11.33,-156.0,10,8,-44.41,S004-S007-S011-S012-S013-S014
31.0,11.33,-153.0,10,9,-34.39,S004-S007-S011-S012-S013-S014
31.0,11.33,-150.0,10,10,-37.23,S004-S007-S011-S012-S013-S014
31.0,11.33,-147.0,10,10,-37.86,S004-S007-S011-S012-S013-S014
31.0,11.33,-144.0,10,10,-37.68,S004-S007-S011-S012-S013-S014
31.0,11.33,-141.0,10,10,-30.28,S004-S007-S011-S012-S013-S014
31.0,11.33,-138.0,10,10,-31.19,S004-S007-S011-S012-S013-S014
31.0,11.33,-135.0,11,11,-26.5,S004-S007-S011-S012-S013
31.0,11.33,-132.0,11,11,-23.28,S004-S007-S011-S012-S013
31.0,11.33,-129.0,11,11,-36.95,S004-S007-S011-S012-S013
31.0,11.33,-126.0,11,11,-51.72,S004-S007-S011-S012-S013
31.0,11.33,-123.0,12,12,-73.61,S004-S007-S012-S013
31.0,11.33,-120.0,12,11,-79.45,S004-S007-S012-S013
31.0,11.33,-117.0,12,10,-59.87,S002-S004-S007-S013
31.0,11.33,-114.0,11,10,-23.2,S002-S004-S007-S011-S013
31.0,11.33,-111.0,12,10,-20.97,S004-S007-S011-S013
31.0,11.33,-108.0,12,11,-25.58,S002-S004-S007-S013
31.0,11.33,-105.0,12,11,-29.41,S002-S004-S007-S013
31.0,11.33,-102.0,13,12,-28.8,S004-S007-S013
31.0,11.33,-99.0,14,11,-26.44,S004-S007
31.0,11.33,-96.0,13,12,-27.75,O01-S004-S007
31.0,11.33,-93.0,13,12,-28.59,O01-S004-S007
31.0,11.33,-90.0,12,11,-27.64,O01-S004-S007-S008
31.0,11.33,-87.0,12,10,-41.67,O01-S004-S007-S008
31.0,11.33,-84.0,11,10,-57.35,O01-S002-S004-S007-S008
31.0,11.33,-81.0,10,10,-62.34,O01-S002-S004-S007-S008-S010
31.0,11.33,-78.0,10,10,-64.09,O01-S002-S004-S007-S008-S010
31.0,11.33,-75.0,10,10,-60.5,O01-S002-S004-S007-S008-S010
31.0,11.33,-72.0,10,10,-79.85,O01-S002-S004-S007-S008-S010
31.0,11.33,-69.0,10,10,-107.46,O01-S002-S004-S007-S008-S010
31.0,11.33,-66.0,10,10,-120.93,O01-S002-S004-S007-S008-S010
31.0,11.33,-63.0,11,10,-120.7,O01-S002-S004-S007-S008
31.0,11.33,-60.0,11,9,-125.42,O01-S002-S004-S007-S008
31.0,11.33,-57.0,10,9,-95.11,O01-S002-S004-S007-S008-S013
31.0,11.33,-54.0,9,8,-71.72,O01-S002-S004-S007-S008-S009-S013
31.0,11.33,-51.0,10,8,-46.3,O01-S002-S004-S007-S008-S009
31.0,11.33,-48.0,10,8,-20.73,O01-S002-S004-S007-S008-S009
31.0,11.33,-45.0,10,9,-21.48,O01-S002-S004-S007-S008-S009
31.0,11.33,-42.0,10,9,-20.55,O01-S002-S004-S007-S008-S009
31.0,11.33,-39.0,9,8,-20.67,O01-S002-S004-S006-S007-S009-S014
31.0,11.33,-36.0,9,9,-21.98,O01-S002-S004-S006-S007-S009-S014
31.0,11.33,-33.0,9,9,-39.49,O01-S002-S004-S006-S007-S009-S014
31.0,11.33,-30.0,9,9,-55.96,O01-S002-S004-S006-S007-S009-S014
31.0,11.33,-27.0,9,9,-70.35,O01-S002-S004-S006-S007-S009-S014
31.0,11.33,-24.0,10,8,-53.66,O01-S002-S006-S007-S009-S014
31.0,11.33,-21.0,10,9,-35.81,O01-S002-S006-S007-S009-S014
31.0,11.33,-18.0,9,9,-27.87,O01-S002-S006-S007-S009-S010-S014
31.0,11.33,-15.0,9,9,-36.19,O01-S002-S006-S007-S009-S010-S014
31.0,11.33,-12.0,11,9,-24.16,S006-S007-S009-S010-S014
31.0,11.33,-9.0,11,11,-29.85,S006-S007-S009-S010-S014
31.0,11.33,-6.0,11,11,-18.45,S006-S007-S009-S010-S014
31.0,11.33,-3.0,12,12,-10.22,S006-S007-S009-S010
31.0,11.33,0.0,12,11,-6.35,S006-S007-S009-S010
31.0,11.33,3.0,12,11,-4.33,S005-S006-S007-S009
31.0,11.33,6.0,12,11,-15.35,S005-S006-S007-S009
31.0,11.33,9.0,12,11,-22.17,S005-S006-S007-S009
31.0,11.33,12.0,11,10,-25.86,S005-S006-S007-S009-S011
31.0,11.33,15.0,11,10,-22.02,S005-S006-S007-S009-S011
31.0,11.33,18.0,9,8,-27.66,S005-S006-S007-S009-S010-S011-S012
31.0,11.33,21.0,10,8,-24.99,S005-S006-S009-S010-S011-S012
31.0,11.33,24.0,11,9,-25.82,S005-S006-S009-S011-S012
31.0,11.33,27.0,11,8,-32.52,S005-S006-S009-S011-S012
31.0,11.33,30.0,11,9,-34.03,S003-S005-S006-S009-S011
31.0,11.33,33.0,10,10,-30.29,S003-S005-S006-S009-S011-S015
31.0,11.33,36.0,10,10,-32.57,S003-S005-S006-S009-S011-S015
31.0,11.33,39.0,11,10,-46.09,S003-S005-S006-S011-S015
31.0,11.33,42.0,11,11,-56.05,S003-S005-S006-S011-S015
31.0,11.33,45.0,11,11,-59.78,S003-S005-S006-S011-S015
31.0,11.33,48.0,11,10,-57.04,S003-S006-S007-S011-S015
31.0,11.33,51.0,10,10,-44.93,S003-S006-S007-S011-S014-S015
31.0,11.33,54.0,10,10,-61.15,S003-S006-S007-S011-S014-S015
31.0,11.33,57.0,12,10,-77.89,S003-S007-S011-S015
31.0,11.33,60.0,11,9,-93.18,S003-S005-S007-S011-S015
31.0,11.33,63.0,11,9,-110.02,S003-S005-S007-S011-S015
31.0,11.33,66.0,11,6,-108.11,S003-S005-S007-S011-S015
31.0,11.33,69.0,11,8,-118.58,S003-S004-S007-S011-S015
31.0,11.33,72.0,9,8,-120.33,S003-S004-S007-S009-S010-S011-S015
31.0,11.33,75.0,7,6,-124.69,S002-S003-S004-S006-S007-S009-S010-S011-S015
31.0,11.33,78.0,7,6,-127.56,S002-S003-S004-S006-S007-S009-S010-S011-S015
31.0,11.33,81.0,7,7,-124.54,S002-S003-S004-S006-S007-S009-S010-S011-S015
31.0,11.33,84.0,7,7,-117.29,S002-S003-S004-S006-S007-S009-S010-S011-S015
31.0,11.33,87.0,7,7,-113.27,S002-S003-S004-S006-S007-S009-S010-S011-S015
31.0,11.33,90.0,8,7,-108.23,S002-S003-S004-S007-S009-S010-S011-S015
31.0,11.33,93.0,7,7,-101.67,S002-S003-S004-S007-S009-S010-S011-S014-S015
31.0,11.33,96.0,7,7,-95.32,S002-S003-S004-S007-S009-S010-S011-S014-S015
31.0,11.33,99.0,7,7,-90.41,S002-S003-S004-S007-S009-S010-S011-S014-S015
31.0,11.33,102.0,8,8,-86.43,S003-S004-S007-S009-S010-S011-S014-S015
31.0,11.33,105.0,8,8,-74.49,S003-S004-S007-S009-S010-S011-S014-S015
31.0,11.33,108.0,8,7,-65.98,S003-S004-S005-S009-S010-S011-S014-S015
31.0,11.33,111.0,8,8,-57.91,S003-S004-S005-S009-S010-S011-S014-S015
31.0,11.33,114.0,8,7,-49.54,S003-S004-S005-S009-S010-S011-S014-S015
31.0,11.33,117.0,8,7,-44.43,S003-S004-S005-S009-S010-S011-S014-S015
31.0,11.33,120.0,9,8,-40.39,S003-S004-S006-S009-S010-S014-S015
31.0,11.33,123.0,9,8,-37.33,S003-S004-S006-S009-S010-S014-S015
31.0,11.33,126.0,9,8,-35.52,S003-S006-S009-S010-S012-S014-S015
31.0,11.33,129.0,9,8,-45.86,S003-S006-S009-S010-S012-S014-S015
31.0,11.33,132.0,9,8,-63.48,S003-S006-S009-S010-S012-S014-S015
31.0,11.33,135.0,9,8,-82.88,S003-S006-S009-S010-S012-S014-S015
31.0,11.33,138.0,10,8,-78.81,S003-S006-S010-S012-S014-S015
31.0,11.33,141.0,10,7,-78.7,S003-S006-S010-S012-S014-S015
31.0,11.33,144.0,10,6,-87.17,S003-S006-S010-S011-S012-S014
31.0,11.33,147.0,9,6,-92.76,S002-S003-S006-S010-S011-S012-S014
31.0,11.33,150.0,9,6,-95.37,S002-S003-S006-S010-S011-S012-S014
31.0,11.33,153.0,7,5,-99.5,S001-S002-S003-S005-S006-S010-S011-S012-S014
31.0,11.33,156.0,6,5,-103.9,S001-S002-S003-S005-S006-S008-S010-S011-S012-S014
31.0,11.33,159.0,6,5,-94.67,S001-S002-S003-S005-S006-S008-S010-S011-S012-S014
31.0,11.33,162.0,6,5,-80.02,S001-S002-S003-S005-S006-S008-S010-S011-S012-S014
31.0,11.33,165.0,6,6,-65.37,S001-S002-S003-S005-S006-S008-S010-S011-S012-S014
31.0,11.33,168.0,7,6,-55.63,S001-S002-S003-S005-S006-S008-S011-S012-S014
31.0,11.33,171.0,8,7,-48.48,S001-S002-S003-S005-S006-S011-S012-S014
31.0,11.33,174.0,8,8,-59.38,S001-S002-S003-S005-S006-S011-S012-S014
31.0,11.33,177.0,9,7,-81.12,S001-S003-S005-S006-S011-S012-S014
32.0,11.77,-180.0,10,9,-88.84,S001-S003-S006-S011-S012-S014
32.0,11.77,-177.0,10,8,-84.64,S001-S003-S006-S011-S012-S014
32.0,11.77,-174.0,10,8,-73.9,S001-S003-S006-S011-S012-S014
32.0,11.77,-171.0,9,6,-65.93,O01-S001-S003-S006-S011-S012-S014
32.0,11.77,-168.0,9,6,-64.67,O01-S003-S004-S006-S011-S012-S014
32.0,11.77,-165.0,8,6,-59.54,O01-S003-S004-S006-S011-S012-S013-S014
32.0,11.77,-162.0,7,7,-55.62,O01-S003-S004-S006-S007-S011-S012-S013-S014
32.0,11.77,-159.0,10,8,-49.16,S004-S007-S011-S012-S013-S014
32.0,11.77,-156.0,10,9,-39.77,S004-S007-S011-S012-S013-S014
32.0,11.77,-153.0,10,10,-29.99,S004-S007-S011-S012-S013-S014
32.0,11.77,-150.0,10,10,-33.02,S004-S007-S011-S012-S013-S014
32.0,11.77,-147.0,10,10,-33.58,S004-S007-S011-S012-S013-S014
32.0,11.77,-144.0,10,10,-33.1,S004-S007-S011-S012-S013-S014
32.0,11.77,-141.0,10,10,-27.71,S004-S007-S011-S012-S013-S014
32.0,11.77,-138.0,10,10,-28.63,S004-S007-S011-S012-S013-S014
32.0,11.77,-135.0,11,11,-23.82,S004-S007-S011-S012-S013
32.0,11.77,-132.0,11,11,-20.61,S004-S007-S011-S012-S013
32.0,11.77,-129.0,11,11,-28.26,S004-S007-S011-S012-S013
32.0,11.77,-126.0,11,11,-42.26,S004-S007-S011-S012-S013
32.0,11.77,-123.0,12,12,-64.29,S004-S007-S012-S013
32.0,11.77,-120.0,13,12,-70.25,S004-S007-S013
32.0,11.77,-117.0,13,11,-51.23,S004-S007-S013
32.0,11.77,-114.0,13,10,-20.37,S004-S007-S013
32.0,11.77,-111.0,13,12,-18.08,S004-S007-S013
32.0,11.77,-108.0,13,12,-22.63,S004-S007-S013
32.0,11.77,-105.0,13,12,-26.43,S004-S007-S013
32.0,11.77,-102.0,13,13,-26.3,S004-S007-S013
32.0,11.77,-99.0,14,13,-23.81,S004-S007
32.0,11.77,-96.0,14,12,-25.17,S004-S007
32.0,11.77,-93.0,13,12,-26.06,O01-S004-S007
32.0,11.77,-90.0,13,11,-25.75,O01-S004-S007
32.0,11.77,-87.0,12,11,-37.09,O01-S004-S007-S008
32.0,11.77,-84.0,12,11,-52.73,O01-S004-S007-S008
32.0,11.77,-81.0,12,10,-56.75,O01-S002-S004-S007
32.0,11.77,-78.0,10,10,-59.0,O01-S002-S004-S007-S008-S010
32.0,11.77,-75.0,10,10,-55.24,O01-S002-S004-S007-S008-S010
32.0,11.77,-72.0,10,10,-73.78,O01-S002-S004-S007-S008-S010
32.0,11.77,-69.0,10,10,-101.75,O01-S002-S004-S007-S008-S010
32.0,11.77,-66.0,11,11,-114.23,O01-S002-S004-S007-S008
32.0,11.77,-63.0,11,11,-113.93,O01-S002-S004-S007-S008
32.0,11.77,-60.0,11,9,-119.66,O01-S002-S004-S007-S008
32.0,11.77,-57.0,11,9,-88.55,O01-S002-S004-S007-S008
32.0,11.77,-54.0,11,8,-64.64,O01-S002-S004-S007-S008
32.0,11.77,-51.0,10,9,-39.31,O01-S002-S004-S007-S008-S009
32.0,11.77,-48.0,10,9,-18.51,O01-S002-S004-S007-S008-S009
32.0,11.77,-45.0,10,9,-20.03,O01-S002-S004-S007-S008-S009
32.0,11.77,-42.0,10,9,-19.1,O01-S002-S004-S007-S008-S009
32.0,11.77,-39.0,10,9,-19.14,O01-S002-S004-S007-S009-S014
32.0,11.77,-36.0,9,9,-20.3,O01-S002-S004-S006-S007-S009-S014
32.0,11.77,-33.0,9,9,-33.19,O01-S002-S004-S006-S007-S009-S014
32.0,11.77,-30.0,9,9,-50.0,O01-S002-S004-S006-S007-S009-S014
32.0,11.77,-27.0,9,9,-64.76,O01-S002-S004-S006-S007-S009-S014
32.0,11.77,-24.0,10,9,-47.56,O01-S002-S006-S007-S009-S014
32.0,11.77,-21.0,10,10,-30.3,O01-S002-S006-S007-S009-S014
32.0,11.77,-18.0,10,9,-25.93,O01-S002-S006-S007-S009-S014
32.0,11.77,-15.0,10,9,-29.16,O01-S006-S007-S009-S010-S014
32.0,11.77,-12.0,11,11,-18.95,S006-S007-S009-S010-S014
32.0,11.77,-9.0,11,11,-20.29,S006-S007-S009-S010-S014
32.0,11.77,-6.0,11,11,-12.41,S006-S007-S009-S010-S014
32.0,11.77,-3.0,12,12,-8.58,S006-S007-S009-S010
32.0,11.77,0.0,13,13,-4.71,S006-S007-S009
32.0,11.77,3.0,13,12,-3.0,S006-S007-S009
32.0,11.77,6.0,12,11,-11.07,S005-S006-S007-S009
32.0,11.77,9.0,13,11,-17.79,S005-S006-S007
32.0,11.77,12.0,12,10,-21.44,S005-S006-S007-S009
32.0,11.77,15.0,11,10,-19.68,S005-S006-S007-S009-S011
32.0,11.77,18.0,11,8,-25.28,S005-S006-S009-S010-S011
32.0,11.77,21.0,12,9,-22.67,S005-S006-S009-S011
32.0,11.77,24.0,12,10,-22.81,S005-S006-S009-S011
32.0,11.77,27.0,12,10,-29.32,S005-S006-S009-S011
32.0,11.77,30.0,11,10,-31.05,S003-S005-S006-S009-S011
32.0,11.77,33.0,10,10,-27.38,S003-S005-S006-S009-S011-S015
32.0,11.77,36.0,10,10,-27.61,S003-S005-S006-S009-S011-S015
32.0,11.77,39.0,11,11,-40.95,S003-S005-S006-S011-S015
32.0,11.77,42.0,11,11,-50.58,S003-S005-S006-S011-S015
32.0,11.77,45.0,11,11,-54.17,S003-S005-S006-S011-S015
32.0,11.77,48.0,12,11,-51.39,S003-S006-S011-S015
32.0,11.77,51.0,10,10,-39.34,S003-S006-S007-S011-S014-S015
32.0,11.77,54.0,11,11,-56.45,S003-S006-S007-S011-S015
32.0,11.77,57.0,12,11,-73.1,S003-S007-S011-S015
32.0,11.77,60.0,11,10,-88.68,S003-S005-S007-S011-S015
32.0,11.77,63.0,11,9,-105.24,S003-S005-S007-S011-S015
32.0,11.77,66.0,11,9,-103.88,S003-S005-S007-S011-S015
32.0,11.77,69.0,12,8,-113.77,S003-S007-S011-S015
32.0,11.77,72.0,10,8,-116.34,S003-S007-S009-S010-S011-S015
32.0,11.77,75.0,8,7,-120.29,S003-S004-S006-S007-S009-S010-S011-S015
32.0,11.77,78.0,7,7,-123.26,S002-S003-S004-S006-S007-S009-S010-S011-S015
32.0,11.77,81.0,7,7,-121.42,S002-S003-S004-S006-S007-S009-S010-S011-S015
32.0,11.77,84.0,7,7,-114.28,S002-S003-S004-S006-S007-S009-S010-S011-S015
32.0,11.77,87.0,7,7,-109.37,S002-S003-S004-S006-S007-S009-S010-S011-S015
32.0,11.77,90.0,8,7,-104.54,S002-S003-S004-S007-S009-S010-S011-S015
32.0,11.77,93.0,8,7,-98.27,S002-S003-S004-S007-S009-S010-S011-S015
32.0,11.77,96.0,7,7,-92.13,S002-S003-S004-S007-S009-S010-S011-S014-S015
32.0,11.77,99.0,7,7,-87.32,S002-S003-S004-S007-S009-S010-S011-S014-S015
32.0,11.77,102.0,8,8,-82.5,S003-S004-S007-S009-S010-S011-S014-S015
32.0,11.77,105.0,8,8,-70.76,S003-S004-S007-S009-S010-S011-S014-S015
32.0,11.77,108.0,9,8,-62.41,S003-S004-S009-S010-S011-S014-S015
32.0,11.77,111.0,8,8,-54.48,S003-S004-S005-S009-S010-S011-S014-S015
32.0,11.77,114.0,8,8,-47.6,S003-S004-S005-S009-S010-S011-S014-S015
32.0,11.77,117.0,10,8,-42.52,S003-S004-S009-S010-S014-S015
32.0,11.77,120.0,10,8,-38.5,S003-S004-S009-S010-S014-S015
32.0,11.77,123.0,9,8,-35.46,S003-S004-S006-S009-S010-S014-S015
32.0,11.77,126.0,10,8,-33.63,S003-S006-S009-S010-S014-S015
32.0,11.77,129.0,9,8,-39.5,S003-S006-S009-S010-S012-S014-S015
32.0,11.77,132.0,9,8,-57.72,S003-S006-S009-S010-S012-S014-S015
32.0,11.77,135.0,9,8,-77.11,S003-S006-S009-S010-S012-S014-S015
32.0,11.77,138.0,10,8,-73.43,S003-S006-S010-S012-S014-S015
32.0,11.77,141.0,10,7,-73.31,S003-S006-S010-S012-S014-S015
32.0,11.77,144.0,10,7,-81.71,S003-S006-S010-S011-S012-S014
32.0,11.77,147.0,9,7,-87.13,S002-S003-S006-S010-S011-S012-S014
32.0,11.77,150.0,9,7,-89.71,S002-S003-S006-S010-S011-S012-S014
32.0,11.77,153.0,9,6,-94.51,S002-S003-S006-S010-S011-S012-S014
32.0,11.77,156.0,7,6,-98.49,S001-S002-S003-S005-S006-S010-S011-S012-S014
32.0,11.77,159.0,6,6,-89.1,S001-S002-S003-S005-S006-S008-S010-S011-S012-S014
32.0,11.77,162.0,6,6,-74.67,S001-S002-S003-S005-S006-S008-S010-S011-S012-S014
32.0,11.77,165.0,7,6,-59.67,S001-S002-S003-S005-S006-S008-S011-S012-S014
32.0,11.77,168.0,8,7,-50.29,S001-S002-S003-S005-S006-S011-S012-S014
32.0,11.77,171.0,8,7,-42.99,S001-S002-S003-S005-S006-S011-S012-S014
32.0,11.77,174.0,8,8,-53.79,S001-S002-S003-S005-S006-S011-S012-S014
32.0,11.77,177.0,10,9,-75.25,S001-S003-S006-S011-S012-S014
33.0,12.21,-180.0,10,10,-82.95,S001-S003-S006-S011-S012-S014
33.0,12.21,-177.0,10,9,-78.94,S001-S003-S006-S011-S012-S014
33.0,12.21,-174.0,11,8,-68.44,S003-S006-S011-S012-S014
33.0,12.21,-171.0,11,7,-60.01,S003-S006-S011-S012-S014
33.0,12.21,-168.0,9,6,-59.03,O01-S003-S004-S006-S011-S012-S014
33.0,12.21,-165.0,9,7,-53.98,O01-S003-S004-S006-S012-S013-S014
33.0,12.21,-162.0,7,7,-50.57,O01-S003-S004-S006-S007-S011-S012-S013-S014
33.0,12.21,-159.0,10,8,-44.35,S004-S007-S011-S012-S013-S014
33.0,12.21,-156.0,10,9,-35.05,S004-S007-S011-S012-S013-S014
33.0,12.21,-153.0,10,10,-25.51,S004-S007-S011-S012-S013-S014
33.0,12.21,-150.0,10,10,-28.49,S004-S007-S011-S012-S013-S014
33.0,12.21,-147.0,10,10,-29.21,S004-S007-S011-S012-S013-S014
33.0,12.21,-144.0,10,10,-28.41,S004-S007-S011-S012-S013-S014
33.0,12.21,-141.0,10,10,-25.2,S004-S007-S011-S012-S013-S014
33.0,12.21,-138.0,10,10,-26.02,S004-S007-S011-S012-S013-S014
33.0,12.21,-135.0,11,11,-21.09,S004-S007-S011-S012-S013
33.0,12.21,-132.0,11,11,-17.88,S004-S007-S011-S012-S013
33.0,12.21,-129.0,11,11,-19.88,S004-S007-S011-S012-S013
33.0,12.21,-126.0,12,11,-32.56,S004-S007-S012-S013
33.0,12.21,-123.0,13,12,-54.8,S004-S007-S013
33.0,12.21,-120.0,13,12,-60.9,S004-S007-S013
33.0,12.21,-117.0,13,13,-42.42,S004-S007-S013
33.0,12.21,-114.0,13,13,-17.5,S004-S007-S013
33.0,12.21,-111.0,13,13,-15.14,S004-S007-S013
33.0,12.21,-108.0,13,13,-19.61,S004-S007-S013
33.0,12.21,-105.0,13,13,-23.4,S004-S007-S013
33.0,12.21,-102.0,14,13,-23.77,S004-S007
33.0,12.21,-99.0,14,13,-21.14,S004-S007
33.0,12.21,-96.0,14,13,-22.55,S004-S007
33.0,12.21,-93.0,14,12,-23.48,S004-S007
33.0,12.21,-90.0,14,12,-23.82,S004-S007
33.0,12.21,-87.0,13,12,-32.43,O01-S004-S007
33.0,12.21,-84.0,13,11,-48.03,O01-S004-S007
33.0,12.21,-81.0,13,12,-51.04,O01-S004-S007
33.0,12.21,-78.0,11,11,-53.82,O01-S002-S004-S007-S010
33.0,12.21,-75.0,10,10,-49.88,O01-S002-S004-S007-S008-S010
33.0,12.21,-72.0,11,11,-67.58,O01-S002-S004-S007-S008
33.0,12.21,-69.0,11,11,-95.94,O01-S002-S004-S007-S008
33.0,12.21,-66.0,11,11,-107.31,O01-S002-S004-S007-S008
33.0,12.21,-63.0,11,11,-106.78,O01-S002-S004-S007-S008
33.0,12.21,-60.0,11,11,-113.86,O01-S002-S004-S007-S008
33.0,12.21,-57.0,11,10,-81.9,O01-S002-S004-S007-S008
33.0,12.21,-54.0,11,10,-57.44,O01-S002-S004-S007-S008
33.0,12.21,-51.0,10,9,-32.19,O01-S002-S004-S007-S008-S009
33.0,12.21,-48.0,10,9,-18.02,O01-S002-S004-S007-S008-S009
33.0,12.21,-45.0,10,9,-18.56,O01-S002-S004-S007-S008-S009
33.0,12.21,-42.0,11,9,-17.63,O01-S002-S004-S007-S009
33.0,12.21,-39.0,11,10,-17.57,O01-S002-S004-S007-S009
33.0,12.21,-36.0,10,9,-18.59,O01-S002-S004-S007-S009-S014
33.0,12.21,-33.0,9,9,-26.74,O01-S002-S004-S006-S007-S009-S014
33.0,12.21,-30.0,9,9,-43.93,O01-S002-S004-S006-S007-S009-S014
33.0,12.21,-27.0,10,9,-59.07,O01-S002-S006-S007-S009-S014
33.0,12.21,-24.0,10,10,-41.33,O01-S002-S006-S007-S009-S014
33.0,12.21,-21.0,10,10,-28.24,O01-S002-S006-S007-S009-S014
33.0,12.21,-18.0,10,10,-23.97,O01-S002-S006-S007-S009-S014
33.0,12.21,-15.0,11,10,-21.31,O01-S006-S007-S009-S014
33.0,12.21,-12.0,11,11,-17.24,S006-S007-S009-S010-S014
33.0,12.21,-9.0,11,11,-14.45,S006-S007-S009-S010-S014
33.0,12.21,-6.0,12,11,-10.74,S006-S007-S009-S010
33.0,12.21,-3.0,12,12,-6.91,S006-S007-S009-S010
33.0,12.21,0.0,13,13,-3.82,S006-S007-S009
33.0,12.21,3.0,13,13,-2.7,S006-S007-S009
33.0,12.21,6.0,13,12,-6.71,S005-S006-S007
33.0,12.21,9.0,13,12,-13.34,S005-S006-S007
33.0,12.21,12.0,13,10,-16.95,S005-S006-S007
33.0,12.21,15.0,12,11,-17.28,S005-S006-S009-S011
33.0,12.21,18.0,12,11,-22.85,S005-S006-S009-S011
33.0,12.21,21.0,12,11,-20.5,S005-S006-S009-S011
33.0,12.21,24.0,12,11,-20.05,S005-S006-S009-S011
33.0,12.21,27.0,12,12,-26.06,S005-S006-S009-S011
33.0,12.21,30.0,12,10,-28.03,S005-S006-S009-S011
33.0,12.21,33.0,11,10,-24.44,S003-S005-S006-S009-S011
33.0,12.21,36.0,11,10,-22.82,S003-S005-S006-S011-S015
33.0,12.21,39.0,11,11,-35.72,S003-S005-S006-S011-S015
33.0,12.21,42.0,11,11,-45.02,S003-S005-S006-S011-S015
33.0,12.21,45.0,11,11,-48.46,S003-S005-S006-S011-S015
33.0,12.21,48.0,12,12,-45.63,S003-S006-S011-S015
33.0,12.21,51.0,11,11,-33.68,S003-S006-S007-S011-S015
33.0,12.21,54.0,12,11,-52.09,S003-S007-S011-S015
33.0,12.21,57.0,12,11,-68.21,S003-S007-S011-S015
33.0,12.21,60.0,11,10,-84.11,S003-S005-S007-S011-S015
33.0,12.21,63.0,11,10,-99.72,S003-S005-S007-S011-S015
33.0,12.21,66.0,11,9,-99.59,S003-S005-S007-S011-S015
33.0,12.21,69.0,12,10,-108.86,S003-S007-S011-S015
33.0,12.21,72.0,12,9,-112.29,S003-S007-S011-S015
33.0,12.21,75.0,9,8,-115.79,S003-S006-S007-S009-S010-S011-S015
33.0,12.21,78.0,8,7,-118.86,S002-S003-S006-S007-S009-S010-S011-S015
33.0,12.21,81.0,7,7,-117.49,S002-S003-S004-S006-S007-S009-S010-S011-S015
33.0,12.21,84.0,7,7,-111.25,S002-S003-S004-S006-S007-S009-S010-S011-S015
33.0,12.21,87.0,8,7,-105.39,S002-S003-S004-S007-S009-S010-S011-S015
33.0,12.21,90.0,8,8,-100.78,S002-S003-S004-S007-S009-S010-S011-S015
33.0,12.21,93.0,8,7,-94.81,S002-S003-S004-S007-S009-S010-S011-S015
33.0,12.21,96.0,7,7,-88.89,S002-S003-S004-S007-S009-S010-S011-S014-S015
33.0,12.21,99.0,7,7,-84.19,S002-S003-S004-S007-S009-S010-S011-S014-S015
33.0,12.21,102.0,8,8,-78.48,S003-S004-S007-S009-S010-S011-S014-S015
33.0,12.21,105.0,9,8,-66.96,S003-S004-S009-S010-S011-S014-S015
33.0,12.21,108.0,9,9,-58.76,S003-S004-S009-S010-S011-S014-S015
33.0,12.21,111.0,9,8,-50.99,S003-S004-S009-S010-S011-S014-S015
33.0,12.21,114.0,8,8,-45.62,S003-S004-S005-S009-S010-S011-S014-S015
33.0,12.21,117.0,10,9,-40.57,S003-S004-S009-S010-S014-S015
33.0,12.21,120.0,10,8,-36.56,S003-S004-S009-S010-S014-S015
33.0,12.21,123.0,9,9,-33.54,S003-S004-S006-S009-S010-S014-S015
33.0,12.21,126.0,10,9,-31.71,S003-S006-S009-S010-S014-S015
33.0,12.21,129.0,9,8,-33.02,S003-S006-S009-S010-S012-S014-S015
33.0,12.21,132.0,9,8,-51.87,S003-S006-S009-S010-S012-S014-S015
33.0,12.21,135.0,10,8,-71.24,S003-S006-S010-S012-S014-S015
33.0,12.21,138.0,10,8,-67.95,S003-S006-S010-S012-S014-S015
33.0,12.21,141.0,11,8,-67.82,S003-S006-S010-S012-S014
33.0,12.21,144.0,11,7,-76.14,S003-S006-S010-S012-S014
33.0,12.21,147.0,10,7,-81.38,S003-S006-S010-S011-S012-S014
33.0,12.21,150.0,9,8,-83.93,S002-S003-S006-S010-S011-S012-S014
33.0,12.21,153.0,9,7,-89.01,S002-S003-S006-S010-S011-S012-S014
33.0,12.21,156.0,7,7,-92.96,S001-S002-S003-S005-S006-S010-S011-S012-S014
33.0,12.21,159.0,6,6,-83.43,S001-S002-S003-S005-S006-S008-S010-S011-S012-S014
33.0,12.21,162.0,6,6,-69.22,S001-S002-S003-S005-S006-S008-S010-S011-S012-S014
33.0,12.21,165.0,7,6,-53.85,S001-S002-S003-S005-S006-S008-S011-S012-S014
33.0,12.21,168.0,8,7,-44.85,S001-S002-S003-S005-S006-S011-S012-S014
33.0,12.21,171.0,8,8,-37.4,S001-S002-S003-S005-S006-S011-S012-S014
33.0,12.21,174.0,11,9,-48.11,S001-S003-S011-S012-S014
33.0,12.21,177.0,11,10,-69.25,S001-S003-S011-S012-S014
34.0,12.67,-180.0,11,10,-76.93,S001-S003-S011-S012-S014
34.0,12.67,-177.0,10,10,-73.13,S001-S003-S006-S011-S012-S014
34.0,12.67,-174.0,11,9,-62.99,S003-S006-S011-S012-S014
34.0,12.67,-171.0,12,10,-53.96,S003-S006-S012-S014
34.0,12.67,-168.0,10,7,-53.28,O01-S003-S004-S006-S012-S014
34.0,12.67,-165.0,10,8,-48.31,O01-S003-S004-S006-S012-S014
34.0,12.67,-162.0,12,7,-45.43,S004-S012-S013-S014
34.0,12.67,-159.0,10,9,-39.43,S004-S007-S011-S012-S013-S014
34.0,12.67,-156.0,10,10,-30.25,S004-S007-S011-S012-S013-S014
34.0,12.67,-153.0,10,10,-20.93,S004-S007-S011-S012-S013-S014
34.0,12.67,-150.0,10,10,-23.72,S004-S007-S011-S012-S013-S014
34.0,12.67,-147.0,10,10,-24.75,S004-S007-S011-S012-S013-S014
34.0,12.67,-144.0,10,10,-23.72,S004-S007-S011-S012-S013-S014
34.0,12.67,-141.0,10,10,-22.92,S004-S007-S011-S012-S013-S014
34.0,12.67,-138.0,11,11,-23.17,S004-S007-S011-S012-S013
34.0,12.67,-135.0,11,11,-18.3,S004-S007-S011-S012-S013
34.0,12.67,-132.0,11,11,-15.09,S004-S007-S011-S012-S013
34.0,12.67,-129.0,11,11,-11.65,S004-S007-S011-S012-S013
34.0,12.67,-126.0,13,12,-22.61,S004-S007-S013
34.0,12.67,-123.0,13,13,-45.11,S004-S007-S013
34.0,12.67,-120.0,13,13,-51.14,S004-S007-S013
34.0,12.67,-117.0,13,13,-33.44,S004-S007-S013
34.0,12.67,-114.0,13,13,-14.59,S004-S007-S013
34.0,12.67,-111.0,13,13,-12.16,S004-S007-S013
34.0,12.67,-108.0,13,13,-16.53,S004-S007-S013
34.0,12.67,-105.0,13,13,-20.3,S004-S007-S013
34.0,12.67,-102.0,14,13,-21.21,S004-S007
34.0,12.67,-99.0,14,13,-18.41,S004-S007
34.0,12.67,-96.0,14,13,-19.87,S004-S007
34.0,12.67,-93.0,14,13,-20.85,S004-S007
34.0,12.67,-90.0,14,12,-21.85,S004-S007
34.0,12.67,-87.0,13,13,-27.7,O01-S004-S007
34.0,12.67,-84.0,13,13,-43.26,O01-S004-S007
34.0,12.67,-81.0,13,12,-45.19,O01-S004-S007
34.0,12.67,-78.0,13,12,-48.55,O01-S004-S007
34.0,12.67,-75.0,11,11,-44.41,O01-S002-S004-S007-S008
34.0,12.67,-72.0,11,11,-61.27,O01-S002-S004-S007-S008
34.0,12.67,-69.0,11,11,-90.02,O01-S002-S004-S007-S008
34.0,12.67,-66.0,11,11,-100.23,O01-S002-S004-S007-S008
34.0,12.67,-63.0,11,11,-99.48,O01-S002-S004-S007-S008
34.0,12.67,-60.0,11,11,-107.91,O01-S002-S004-S007-S008
34.0,12.67,-57.0,11,11,-75.16,O01-S002-S004-S007-S008
34.0,12.67,-54.0,11,10,-50.12,O01-S002-S004-S007-S008
34.0,12.67,-51.0,11,9,-24.91,O01-S002-S004-S007-S008
34.0,12.67,-48.0,10,9,-17.52,O01-S002-S004-S007-S008-S009
34.0,12.67,-45.0,10,9,-17.05,O01-S002-S004-S007-S008-S009
34.0,12.67,-42.0,11,10,-16.43,O01-S002-S004-S007-S009
34.0,12.67,-39.0,11,10,-15.99,O01-S002-S004-S007-S009
34.0,12.67,-36.0,10,9,-16.85,O01-S002-S004-S007-S009-S014
34.0,12.67,-33.0,10,9,-21.5,O01-S002-S004-S007-S009-S014
34.0,12.67,-30.0,9,9,-37.72,O01-S002-S004-S006-S007-S009-S014
34.0,12.67,-27.0,10,9,-53.07,O01-S002-S006-S007-S009-S014
34.0,12.67,-24.0,10,10,-34.96,O01-S002-S006-S007-S009-S014
34.0,12.67,-21.0,10,10,-26.15,O01-S002-S006-S007-S009-S014
34.0,12.67,-18.0,10,10,-21.97,O01-S002-S006-S007-S009-S014
34.0,12.67,-15.0,12,12,-17.51,S006-S007-S009-S014
34.0,12.67,-12.0,12,11,-15.46,S006-S007-S009-S014
34.0,12.67,-9.0,11,11,-12.76,S006-S007-S009-S010-S014
34.0,12.67,-6.0,12,12,-9.04,S006-S007-S009-S010
34.0,12.67,-3.0,13,12,-5.2,S006-S007-S009
34.0,12.67,0.0,13,13,-3.34,S006-S007-S009
34.0,12.67,3.0,14,13,-2.47,S006-S007
34.0,12.67,6.0,13,13,-2.67,S005-S006-S007
34.0,12.67,9.0,13,13,-8.8,S005-S006-S007
34.0,12.67,12.0,14,13,-12.28,S005-S006
34.0,12.67,15.0,14,11,-14.84,S005-S006
34.0,12.67,18.0,13,11,-20.37,S005-S006-S011
34.0,12.67,21.0,13,12,-18.28,S005-S006-S011
34.0,12.67,24.0,12,12,-17.23,S005-S006-S009-S011
34.0,12.67,27.0,12,12,-22.75,S005-S006-S009-S011
34.0,12.67,30.0,12,12,-24.95,S005-S006-S009-S011
34.0,12.67,33.0,11,10,-21.43,S003-S005-S006-S009-S011
34.0,12.67,36.0,11,11,-19.12,S003-S005-S006-S011-S015
34.0,12.67,39.0,11,11,-30.4,S003-S005-S006-S011-S015
34.0,12.67,42.0,11,11,-39.35,S003-S005-S006-S011-S015
34.0,12.67,45.0,12,11,-42.64,S003-S006-S011-S015
34.0,12.67,48.0,12,12,-39.76,S003-S006-S011-S015
34.0,12.67,51.0,11,11,-27.93,S003-S006-S007-S011-S015
34.0,12.67,54.0,12,11,-47.66,S003-S007-S011-S015
34.0,12.67,57.0,12,11,-63.21,S003-S007-S011-S015
34.0,12.67,60.0,12,11,-79.45,S003-S007-S011-S015
34.0,12.67,63.0,11,11,-94.07,S003-S005-S007-S011-S015
34.0,12.67,66.0,12,11,-95.26,S003-S007-S011-S015
34.0,12.67,69.0,12,10,-103.85,S003-S007-S011-S015
34.0,12.67,72.0,12,10,-108.19,S003-S007-S011-S015
34.0,12.67,75.0,10,9,-111.19,S003-S007-S009-S010-S011-S015
34.0,12.67,78.0,8,7,-114.37,S002-S003-S006-S007-S009-S010-S011-S015
34.0,12.67,81.0,8,7,-113.08,S002-S003-S006-S007-S009-S010-S011-S015
34.0,12.67,84.0,7,7,-108.2,S002-S003-S004-S006-S007-S009-S010-S011-S015
34.0,12.67,87.0,8,8,-101.33,S002-S003-S004-S007-S009-S010-S011-S015
34.0,12.67,90.0,8,8,-96.96,S002-S003-S004-S007-S009-S010-S011-S015
34.0,12.67,93.0,8,8,-91.29,S002-S003-S004-S007-S009-S010-S011-S015
34.0,12.67,96.0,8,7,-85.61,S002-S003-S004-S007-S009-S010-S011-S015
34.0,12.67,99.0,8,7,-81.02,S003-S004-S007-S009-S010-S011-S014-S015
34.0,12.67,102.0,8,8,-74.37,S003-S004-S007-S009-S010-S011-S014-S015
34.0,12.67,105.0,9,8,-63.08,S003-S004-S009-S010-S011-S014-S015
34.0,12.67,108.0,9,9,-55.04,S003-S004-S009-S010-S011-S014-S015
34.0,12.67,111.0,9,9,-48.53,S003-S004-S009-S010-S011-S014-S015
34.0,12.67,114.0,9,9,-43.6,S003-S004-S009-S010-S011-S014-S015
34.0,12.67,117.0,10,9,-38.57,S003-S004-S009-S010-S014-S015
34.0,12.67,120.0,10,9,-34.59,S003-S004-S009-S010-S014-S015
34.0,12.67,123.0,11,9,-31.59,S003-S009-S010-S014-S015
34.0,12.67,126.0,10,9,-29.76,S003-S006-S009-S010-S014-S015
34.0,12.67,129.0,10,8,-29.63,S003-S006-S009-S010-S014-S015
34.0,12.67,132.0,9,8,-45.9,S003-S006-S009-S010-S012-S014-S015
34.0,12.67,135.0,10,8,-65.25,S003-S006-S010-S012-S014-S015
34.0,12.67,138.0,10,8,-62.36,S003-S006-S010-S012-S014-S015
34.0,12.67,141.0,11,8,-62.23,S003-S006-S010-S012-S014
34.0,12.67,144.0,11,7,-70.46,S003-S006-S010-S012-S014
34.0,12.67,147.0,10,8,-75.5,S003-S006-S010-S011-S012-S014
34.0,12.67,150.0,9,8,-78.02,S002-S003-S006-S010-S011-S012-S014
34.0,12.67,153.0,9,9,-83.39,S002-S003-S006-S010-S011-S012-S014
34.0,12.67,156.0,8,7,-87.31,S001-S002-S003-S006-S010-S011-S012-S014
34.0,12.67,159.0,6,6,-77.17,S001-S002-S003-S005-S006-S008-S010-S011-S012-S014
34.0,12.67,162.0,7,6,-63.66,S001-S002-S003-S005-S006-S008-S011-S012-S014
34.0,12.67,165.0,7,6,-47.92,S001-S002-S003-S005-S006-S008-S011-S012-S014
34.0,12.67,168.0,8,8,-39.32,S001-S002-S003-S005-S006-S011-S012-S014
34.0,12.67,171.0,8,8,-31.71,S001-S002-S003-S005-S006-S011-S012-S014
34.0,12.67,174.0,11,10,-42.31,S001-S003-S011-S012-S014
34.0,12.67,177.0,11,11,-63.49,S001-S003-S011-S012-S014
35.0,13.14,-180.0,11,11,-71.03,S001-S003-S011-S012-S014
35.0,13.14,-177.0,13,10,-67.19,S003-S012-S014
35.0,13.14,-174.0,12,11,-57.42,S003-S006-S012-S014
35.0,13.14,-171.0,12,11,-47.8,S003-S006-S012-S014
35.0,13.14,-168.0,12,10,-47.41,S003-S006-S012-S014
35.0,13.14,-165.0,13,9,-42.52,S004-S012-S014
35.0,13.14,-162.0,12,10,-40.18,S004-S012-S013-S014
35.0,13.14,-159.0,10,10,-34.42,S004-S007-S011-S012-S013-S014
35.0,13.14,-156.0,10,10,-25.35,S004-S007-S011-S012-S013-S014
35.0,13.14,-153.0,10,10,-16.26,S004-S007-S011-S012-S013-S014
35.0,13.14,-150.0,10,10,-18.83,S004-S007-S011-S012-S013-S014
35.0,13.14,-147.0,10,10,-20.18,S004-S007-S011-S012-S013-S014
35.0,13.14,-144.0,10,10,-21.41,S004-S007-S011-S012-S013-S014
35.0,13.14,-141.0,10,10,-20.55,S004-S007-S011-S012-S013-S014
35.0,13.14,-138.0,11,11,-20.23,S004-S007-S011-S012-S013
35.0,13.14,-135.0,11,11,-15.45,S004-S007-S011-S012-S013
35.0,13.14,-132.0,11,11,-12.23,S004-S007-S011-S012-S013
35.0,13.14,-129.0,12,11,-10.38,S004-S007-S011-S013
35.0,13.14,-126.0,13,13,-12.55,S004-S007-S013
35.0,13.14,-123.0,13,13,-35.21,S004-S007-S013
35.0,13.14,-120.0,13,13,-41.34,S004-S007-S013
35.0,13.14,-117.0,13,13,-24.28,S004-S007-S013
35.0,13.14,-114.0,13,13,-11.62,S004-S007-S013
35.0,13.14,-111.0,13,13,-10.85,S004-S007-S013
35.0,13.14,-108.0,13,13,-13.38,S004-S007-S013
35.0,13.14,-105.0,14,13,-17.14,S004-S007
35.0,13.14,-102.0,14,13,-18.45,S004-S007
35.0,13.14,-99.0,14,13,-15.62,S004-S007
35.0,13.14,-96.0,14,13,-17.15,S004-S007
35.0,13.14,-93.0,14,13,-18.17,S004-S007
35.0,13.14,-90.0,14,14,-19.85,S004-S007
35.0,13.14,-87.0,14,13,-22.89,S004-S007
35.0,13.14,-84.0,13,13,-38.05,O01-S004-S007
35.0,13.14,-81.0,13,13,-39.2,O01-S004-S007
35.0,13.14,-78.0,13,12,-43.18,O01-S004-S007
35.0,13.14,-75.0,13,12,-38.84,O01-S004-S007
35.0,13.14,-72.0,12,11,-54.83,O01-S004-S007-S008
35.0,13.14,-69.0,11,11,-83.98,O01-S002-S004-S007-S008
35.0,13.14,-66.0,11,11,-93.0,O01-S002-S004-S007-S008
35.0,13.14,-63.0,12,11,-92.04,O01-S002-S004-S007
35.0,13.14,-60.0,12,11,-101.54,O01-S002-S004-S007
35.0,13.14,-57.0,12,11,-68.33,O01-S002-S004-S007
35.0,13.14,-54.0,11,11,-42.41,O01-S002-S004-S007-S008
35.0,13.14,-51.0,11,10,-17.58,O01-S002-S004-S007-S008
35.0,13.14,-48.0,10,9,-17.01,O01-S002-S004-S007-S008-S009
35.0,13.14,-45.0,11,9,-16.46,O01-S002-S004-S007-S009
35.0,13.14,-42.0,11,10,-15.92,O01-S002-S004-S007-S009
35.0,13.14,-39.0,11,10,-15.4,O01-S002-S004-S007-S009
35.0,13.14,-36.0,10,9,-15.07,O01-S002-S004-S007-S009-S014
35.0,13.14,-33.0,10,9,-17.47,O01-S002-S004-S007-S009-S014
35.0,13.14,-30.0,11,9,-31.38,O01-S002-S007-S009-S014
35.0,13.14,-27.0,10,10,-46.43,O01-S002-S006-S007-S009-S014
35.0,13.14,-24.0,11,10,-28.43,S002-S006-S007-S009-S014
35.0,13.14,-21.0,11,10,-24.03,S002-S006-S007-S009-S014
35.0,13.14,-18.0,13,10,-19.92,S006-S007-S009
35.0,13.14,-15.0,12,12,-15.67,S006-S007-S009-S014
35.0,13.14,-12.0,13,13,-13.63,S006-S007-S009
35.0,13.14,-9.0,13,12,-11.04,S006-S007-S009
35.0,13.14,-6.0,13,12,-7.31,S006-S007-S009
35.0,13.14,-3.0,13,13,-4.11,S006-S007-S009
35.0,13.14,0.0,14,13,-2.84,S006-S007
35.0,13.14,3.0,14,14,-2.22,S006-S007
35.0,13.14,6.0,14,14,-2.43,S006-S007
35.0,13.14,9.0,13,13,-4.19,S005-S006-S007
35.0,13.14,12.0,14,13,-7.51,S005-S006
35.0,13.14,15.0,14,12,-12.46,S005-S006
35.0,13.14,18.0,13,12,-17.85,S005-S006-S011
35.0,13.14,21.0,13,13,-16.02,S005-S006-S011
35.0,13.14,24.0,13,12,-14.37,S005-S006-S011
35.0,13.14,27.0,13,12,-19.38,S005-S006-S011
35.0,13.14,30.0,12,12,-21.82,S005-S006-S009-S011
35.0,13.14,33.0,12,10,-18.35,S003-S005-S006-S011
35.0,13.14,36.0,12,11,-16.02,S003-S005-S006-S011
35.0,13.14,39.0,11,11,-24.97,S003-S005-S006-S011-S015
35.0,13.14,42.0,11,11,-33.56,S003-S005-S006-S011-S015
35.0,13.14,45.0,12,12,-36.7,S003-S006-S011-S015
35.0,13.14,48.0,12,12,-33.77,S003-S006-S011-S015
35.0,13.14,51.0,13,12,-22.32,S003-S011-S015
35.0,13.14,54.0,12,11,-43.17,S003-S007-S011-S015
35.0,13.14,57.0,12,11,-58.1,S003-S007-S011-S015
35.0,13.14,60.0,12,11,-74.71,S003-S007-S011-S015
35.0,13.14,63.0,12,12,-88.27,S003-S007-S011-S015
35.0,13.14,66.0,12,12,-90.87,S003-S007-S011-S015
35.0,13.14,69.0,12,11,-98.74,S003-S007-S011-S015
35.0,13.14,72.0,12,10,-104.02,S003-S007-S011-S015
35.0,13.14,75.0,11,10,-106.49,S003-S007-S009-S011-S015
35.0,13.14,78.0,9,8,-109.78,S003-S006-S007-S009-S010-S011-S015
35.0,13.14,81.0,8,8,-108.57,S002-S003-S006-S007-S009-S010-S011-S015
35.0,13.14,84.0,9,7,-105.13,S002-S003-S007-S009-S010-S011-S015
35.0,13.14,87.0,9,8,-97.19,S002-S003-S007-S009-S010-S011-S015
35.0,13.14,90.0,9,8,-93.06,S002-S003-S007-S009-S010-S011-S015
35.0,13.14,93.0,8,8,-87.72,S002-S003-S004-S007-S009-S010-S011-S015
35.0,13.14,96.0,8,7,-82.3,S002-S003-S004-S007-S009-S010-S011-S015
35.0,13.14,99.0,8,8,-77.28,S003-S004-S007-S009-S010-S011-S014-S015
35.0,13.14,102.0,9,8,-70.18,S003-S004-S009-S010-S011-S014-S015
35.0,13.14,105.0,9,9,-59.12,S003-S004-S009-S010-S011-S014-S015
35.0,13.14,108.0,9,9,-51.24,S003-S004-S009-S010-S011-S014-S015
35.0,13.14,111.0,9,9,-46.56,S003-S004-S009-S010-S011-S014-S015
35.0,13.14,114.0,10,9,-41.54,S003-S004-S009-S010-S014-S015
35.0,13.14,117.0,10,9,-36.54,S003-S004-S009-S010-S014-S015
35.0,13.14,120.0,10,9,-32.57,S003-S004-S009-S010-S014-S015
35.0,13.14,123.0,11,10,-29.61,S003-S009-S010-S014-S015
35.0,13.14,126.0,10,9,-27.76,S003-S006-S009-S010-S014-S015
35.0,13.14,129.0,10,9,-27.6,S003-S006-S009-S010-S014-S015
35.0,13.14,132.0,10,8,-39.83,S003-S006-S010-S012-S014-S015
35.0,13.14,135.0,10,8,-59.13,S003-S006-S010-S012-S014-S015
35.0,13.14,138.0,11,8,-56.57,S003-S006-S010-S012-S014
35.0,13.14,141.0,11,8,-56.54,S003-S006-S010-S012-S014
35.0,13.14,144.0,11,10,-64.66,S003-S006-S010-S012-S014
35.0,13.14,147.0,11,10,-69.49,S003-S006-S010-S012-S014
35.0,13.14,150.0,10,9,-71.96,S002-S003-S006-S010-S012-S014
35.0,13.14,153.0,9,9,-77.67,S002-S003-S006-S010-S011-S012-S014
35.0,13.14,156.0,9,7,-81.16,S002-S003-S006-S010-S011-S012-S014
35.0,13.14,159.0,7,7,-70.7,S001-S002-S003-S005-S006-S010-S011-S012-S014
35.0,13.14,162.0,8,6,-58.06,S001-S002-S003-S005-S006-S011-S012-S014
35.0,13.14,165.0,9,7,-42.11,S001-S002-S003-S005-S006-S012-S014
35.0,13.14,168.0,9,8,-33.69,S001-S002-S003-S005-S006-S012-S014
35.0,13.14,171.0,10,8,-25.9,S001-S002-S003-S006-S012-S014
35.0,13.14,174.0,11,11,-36.4,S001-S003-S011-S012-S014
35.0,13.14,177.0,11,11,-57.88,S001-S003-S011-S012-S014
36.0,13.61,-180.0,13,11,-65.22,S003-S012-S014
36.0,13.61,-177.0,13,12,-61.12,S003-S012-S014
36.0,13.61,-174.0,13,12,-51.73,S003-S012-S014
36.0,13.61,-171.0,12,11,-41.5,S003-S006-S012-S014
36.0,13.61,-168.0,14,11,-41.22,S012-S014
36.0,13.61,-165.0,13,10,-36.6,S004-S012-S014
36.0,13.61,-162.0,13,10,-34.83,S004-S012-S014
36.0,13.61,-159.0,13,10,-29.3,S004-S013-S014
36.0,13.61,-156.0,11,10,-20.34,S004-S007-S011-S013-S014
36.0,13.61,-153.0,11,10,-12.48,S004-S007-S011-S013-S014
36.0,13.61,-150.0,11,10,-14.41,S004-S007-S011-S013-S014
36.0,13.61,-147.0,10,10,-17.32,S004-S007-S011-S012-S013-S014
36.0,13.61,-144.0,10,10,-19.06,S004-S007-S011-S012-S013-S014
36.0,13.61,-141.0,10,10,-18.1,S004-S007-S011-S012-S013-S014
36.0,13.61,-138.0,11,11,-17.23,S004-S007-S011-S012-S013
36.0,13.61,-135.0,11,11,-12.53,S004-S007-S011-S012-S013
36.0,13.61,-132.0,11,11,-9.31,S004-S007-S011-S012-S013
36.0,13.61,-129.0,13,11,-9.08,S004-S007-S013
36.0,13.61,-126.0,13,13,-8.48,S004-S007-S013
36.0,13.61,-123.0,13,13,-24.01,S004-S007-S013
36.0,13.61,-120.0,13,13,-31.58,S004-S007-S013
36.0,13.61,-117.0,13,13,-14.91,S004-S007-S013
36.0,13.61,-114.0,13,13,-9.39,S004-S007-S013
36.0,13.61,-111.0,13,13,-10.35,S004-S007-S013
36.0,13.61,-108.0,13,13,-11.31,S004-S007-S013
36.0,13.61,-105.0,14,13,-13.9,S004-S007
36.0,13.61,-102.0,14,13,-15.24,S004-S007
36.0,13.61,-99.0,14,13,-13.74,S004-S007
36.0,13.61,-96.0,14,13,-14.41,S004-S007
36.0,13.61,-93.0,14,13,-15.44,S004-S007
36.0,13.61,-90.0,14,14,-17.8,S004-S007
36.0,13.61,-87.0,14,14,-20.52,S004-S007
36.0,13.61,-84.0,13,13,-32.12,O01-S004-S007
36.0,13.61,-81.0,13,13,-33.05,O01-S004-S007
36.0,13.61,-78.0,13,13,-37.7,O01-S004-S007
36.0,13.61,-75.0,13,12,-33.16,O01-S004-S007
36.0,13.61,-72.0,13,11,-48.26,O01-S004-S007
36.0,13.61,-69.0,11,11,-77.8,O01-S002-S004-S007-S008
36.0,13.61,-66.0,12,11,-85.6,O01-S002-S004-S007
36.0,13.61,-63.0,12,12,-84.45,O01-S002-S004-S007
36.0,13.61,-60.0,12,12,-93.21,O01-S002-S004-S007
36.0,13.61,-57.0,12,12,-61.38,O01-S002-S004-S007
36.0,13.61,-54.0,12,11,-34.39,O01-S002-S004-S007
36.0,13.61,-51.0,11,11,-17.05,O01-S002-S004-S007-S008
36.0,13.61,-48.0,10,9,-16.49,O01-S002-S004-S007-S008-S009
36.0,13.61,-45.0,11,10,-15.93,O01-S002-S004-S007-S009
36.0,13.61,-42.0,11,10,-15.4,O01-S002-S004-S007-S009
36.0,13.61,-39.0,11,10,-14.88,O01-S002-S004-S007-S009
36.0,13.61,-36.0,10,9,-14.38,O01-S002-S004-S007-S009-S014
36.0,13.61,-33.0,10,9,-13.9,O01-S002-S004-S007-S009-S014
36.0,13.61,-30.0,11,9,-24.88,O01-S002-S007-S009-S014
36.0,13.61,-27.0,12,10,-39.62,S002-S007-S009-S014
36.0,13.61,-24.0,11,11,-23.78,S002-S006-S007-S009-S014
36.0,13.61,-21.0,11,11,-21.9,S002-S006-S007-S009-S014
36.0,13.61,-18.0,13,12,-17.83,S006-S007-S009
36.0,13.61,-15.0,13,13,-13.8,S006-S007-S009
36.0,13.61,-12.0,13,13,-11.77,S006-S007-S009
36.0,13.61,-9.0,13,13,-9.28,S006-S007-S009
36.0,13.61,-6.0,13,13,-5.54,S006-S007-S009
36.0,13.61,-3.0,13,13,-3.61,S006-S007-S009
36.0,13.61,0.0,14,14,-2.33,S006-S007
36.0,13.61,3.0,14,14,-1.98,S006-S007
36.0,13.61,6.0,14,14,-2.18,S006-S007
36.0,13.61,9.0,15,13,-2.37,S006
36.0,13.61,12.0,14,13,-5.09,S005-S006
36.0,13.61,15.0,14,12,-10.03,S005-S006
36.0,13.61,18.0,13,13,-15.27,S005-S006-S011
36.0,13.61,21.0,13,13,-13.71,S005-S006-S011
36.0,13.61,24.0,13,13,-11.46,S005-S006-S011
36.0,13.61,27.0,13,12,-15.95,S005-S006-S011
36.0,13.61,30.0,14,12,-18.62,S005-S006
36.0,13.61,33.0,14,12,-15.2,S005-S006
36.0,13.61,36.0,12,11,-12.86,S003-S005-S006-S011
36.0,13.61,39.0,11,11,-19.44,S003-S005-S006-S011-S015
36.0,13.61,42.0,11,11,-27.66,S003-S005-S006-S011-S015
36.0,13.61,45.0,12,12,-30.64,S003-S006-S011-S015
36.0,13.61,48.0,12,12,-27.65,S003-S006-S011-S015
36.0,13.61,51.0,14,12,-18.97,S003-S015
36.0,13.61,54.0,14,12,-38.62,S003-S015
36.0,13.61,57.0,13,11,-52.86,S003-S011-S015
36.0,13.61,60.0,12,12,-69.87,S003-S007-S011-S015
36.0,13.61,63.0,12,12,-82.33,S003-S007-S011-S015
36.0,13.61,66.0,12,12,-86.42,S003-S007-S011-S015
36.0,13.61,69.0,12,11,-93.52,S003-S007-S011-S015
36.0,13.61,72.0,12,10,-99.8,S003-S007-S011-S015
36.0,13.61,75.0,12,10,-101.67,S003-S007-S011-S015
36.0,13.61,78.0,10,9,-105.09,S003-S007-S009-S010-S011-S015
36.0,13.61,81.0,8,8,-103.96,S002-S003-S006-S007-S009-S010-S011-S015
36.0,13.61,84.0,9,9,-102.05,S002-S003-S007-S009-S010-S011-S015
36.0,13.61,87.0,9,9,-93.84,S002-S003-S007-S009-S010-S011-S015
36.0,13.61,90.0,9,9,-89.08,S002-S003-S007-S009-S010-S011-S015
36.0,13.61,93.0,9,8,-84.09,S002-S003-S007-S009-S010-S011-S015
36.0,13.61,96.0,11,8,-78.93,S003-S009-S010-S011-S015
36.0,13.61,99.0,10,8,-72.89,S003-S004-S009-S010-S011-S015
36.0,13.61,102.0,9,9,-65.89,S003-S004-S009-S010-S011-S014-S015
36.0,13.61,105.0,9,9,-55.08,S003-S004-S009-S010-S011-S014-S015
36.0,13.61,108.0,9,9,-47.36,S003-S004-S009-S010-S011-S014-S015
36.0,13.61,111.0,9,9,-44.55,S003-S004-S009-S010-S011-S014-S015
36.0,13.61,114.0,10,9,-39.43,S003-S004-S009-S010-S014-S015
36.0,13.61,117.0,10,9,-34.46,S003-S004-S009-S010-S014-S015
36.0,13.61,120.0,10,9,-30.51,S003-S004-S009-S010-S014-S015
36.0,13.61,123.0,11,10,-27.57,S003-S009-S010-S014-S015
36.0,13.61,126.0,11,9,-25.71,S003-S009-S010-S014-S015
36.0,13.61,129.0,10,9,-25.53,S003-S006-S009-S010-S014-S015
36.0,13.61,132.0,10,8,-33.64,S003-S006-S010-S012-S014-S015
36.0,13.61,135.0,11,8,-52.89,S003-S006-S010-S012-S014
36.0,13.61,138.0,11,8,-50.13,S003-S006-S010-S012-S014
36.0,13.61,141.0,11,10,-50.74,S003-S006-S010-S012-S014
36.0,13.61,144.0,11,11,-58.66,S003-S006-S010-S012-S014
36.0,13.61,147.0,11,11,-63.35,S003-S006-S010-S012-S014
36.0,13.61,150.0,11,9,-65.75,S003-S006-S010-S012-S014
36.0,13.61,153.0,10,9,-71.81,S002-S003-S006-S010-S012-S014
36.0,13.61,156.0,10,9,-74.86,S002-S003-S006-S010-S012-S014
36.0,13.61,159.0,10,7,-64.49,S001-S002-S003-S006-S012-S014
36.0,13.61,162.0,10,7,-52.42,S001-S002-S003-S006-S012-S014
36.0,13.61,165.0,10,9,-36.21,S001-S002-S003-S006-S012-S014
36.0,13.61,168.0,10,9,-27.62,S001-S002-S003-S006-S012-S014
36.0,13.61,171.0,12,9,-19.98,S001-S003-S012-S014
36.0,13.61,174.0,12,11,-30.37,S001-S003-S012-S014
36.0,13.61,177.0,12,11,-52.17,S001-S003-S012-S014
37.0,14.1,-180.0,13,13,-59.3,S003-S012-S014
37.0,14.1,-177.0,13,13,-54.91,S003-S012-S014
37.0,14.1,-174.0,13,12,-45.92,S003-S012-S014
37.0,14.1,-171.0,13,12,-35.26,S003-S012-S014
37.0,14.1,-168.0,14,12,-34.71,S012-S014
37.0,14.1,-165.0,14,10,-30.56,S012-S014
37.0,14.1,-162.0,13,11,-29.4,S004-S012-S014
37.0,14.1,-159.0,14,11,-24.07,S004-S014
37.0,14.1,-156.0,11,10,-15.14,S004-S007-S011-S013-S014
37.0,14.1,-153.0,11,10,-10.65,S004-S007-S011-S013-S014
37.0,14.1,-150.0,11,10,-12.45,S004-S007-S011-S013-S014
37.0,14.1,-147.0,11,10,-14.79,S004-S007-S011-S013-S014
37.0,14.1,-144.0,11,10,-16.67,S004-S007-S011-S013-S014
37.0,14.1,-141.0,11,11,-15.61,S004-S007-S011-S012-S013
37.0,14.1,-138.0,11,11,-14.15,S004-S007-S011-S012-S013
37.0,14.1,-135.0,11,11,-9.54,S004-S007-S011-S012-S013
37.0,14.1,-132.0,12,11,-7.82,S004-S007-S011-S013
37.0,14.1,-129.0,13,13,-7.75,S004-S007-S013
37.0,14.1,-126.0,13,13,-7.29,S004-S007-S013
37.0,14.1,-123.0,13,13,-12.26,S004-S007-S013
37.0,14.1,-120.0,13,13,-21.01,S004-S007-S013
37.0,14.1,-117.0,13,13,-8.76,S004-S007-S013
37.0,14.1,-114.0,13,13,-9.08,S004-S007-S013
37.0,14.1,-111.0,13,13,-9.83,S004-S007-S013
37.0,14.1,-108.0,14,13,-10.78,S004-S007
37.0,14.1,-105.0,14,13,-11.73,S004-S007
37.0,14.1,-102.0,14,13,-12.63,S004-S007
37.0,14.1,-99.0,14,13,-13.26,S004-S007
37.0,14.1,-96.0,14,13,-13.94,S004-S007
37.0,14.1,-93.0,14,14,-14.64,S004-S007
37.0,14.1,-90.0,14,14,-15.71,S004-S007
37.0,14.1,-87.0,14,14,-18.44,S004-S007
37.0,14.1,-84.0,14,13,-26.04,S004-S007
37.0,14.1,-81.0,13,13,-26.75,O01-S004-S007
37.0,14.1,-78.0,13,13,-32.12,O01-S004-S007
37.0,14.1,-75.0,13,13,-27.41,O01-S004-S007
37.0,14.1,-72.0,13,13,-41.57,O01-S004-S007
37.0,14.1,-69.0,13,11,-71.5,O01-S004-S007
37.0,14.1,-66.0,12,12,-78.02,O01-S002-S004-S007
37.0,14.1,-63.0,12,12,-76.7,O01-S002-S004-S007
37.0,14.1,-60.0,12,12,-84.56,O01-S002-S004-S007
37.0,14.1,-57.0,12,12,-53.28,O01-S002-S004-S007
37.0,14.1,-54.0,12,12,-26.18,O01-S002-S004-S007
37.0,14.1,-51.0,12,12,-16.52,O01-S002-S004-S007
37.0,14.1,-48.0,12,11,-15.95,O01-S002-S004-S007
37.0,14.1,-45.0,11,10,-15.4,O01-S002-S004-S007-S009
37.0,14.1,-42.0,11,10,-14.87,O01-S002-S004-S007-S009
37.0,14.1,-39.0,12,10,-14.35,S002-S004-S007-S009
37.0,14.1,-36.0,11,10,-13.85,O01-S002-S004-S007-S009
37.0,14.1,-33.0,11,9,-13.37,O01-S002-S007-S009-S014
37.0,14.1,-30.0,12,10,-18.23,S002-S007-S009-S014
37.0,14.1,-27.0,12,11,-32.64,S002-S007-S009-S014
37.0,14.1,-24.0,12,11,-21.68,S002-S007-S009-S014
37.0,14.1,-21.0,13,12,-19.72,S002-S007-S009
37.0,14.1,-18.0,13,13,-15.7,S006-S007-S009
37.0,14.1,-15.0,13,13,-11.88,S006-S007-S009
37.0,14.1,-12.0,13,13,-9.86,S006-S007-S009
37.0,14.1,-9.0,13,13,-7.48,S006-S007-S009
37.0,14.1,-6.0,13,13,-4.34,S006-S007-S009
37.0,14.1,-3.0,14,13,-3.09,S006-S007
37.0,14.1,0.0,14,14,-1.82,S006-S007
37.0,14.1,3.0,14,14,-1.73,S006-S007
37.0,14.1,6.0,15,14,-1.93,S006
37.0,14.1,9.0,15,14,-2.12,S006
37.0,14.1,12.0,14,13,-2.61,S005-S006
37.0,14.1,15.0,14,14,-7.55,S005-S006
37.0,14.1,18.0,14,13,-12.63,S005-S006
37.0,14.1,21.0,13,13,-11.35,S005-S006-S011
37.0,14.1,24.0,13,13,-8.49,S005-S006-S011
37.0,14.1,27.0,14,13,-12.45,S005-S006
37.0,14.1,30.0,14,13,-15.36,S005-S006
37.0,14.1,33.0,14,13,-11.98,S005-S006
37.0,14.1,36.0,13,11,-9.62,S003-S005-S006
37.0,14.1,39.0,12,11,-13.79,S003-S005-S006-S011
37.0,14.1,42.0,11,11,-21.64,S003-S005-S006-S011-S015
37.0,14.1,45.0,12,12,-24.44,S003-S006-S011-S015
37.0,14.1,48.0,14,12,-21.41,S003-S015
37.0,14.1,51.0,14,12,-15.54,S003-S015
37.0,14.1,54.0,14,12,-33.99,S003-S015
37.0,14.1,57.0,14,12,-47.49,S003-S015
37.0,14.1,60.0,13,13,-64.94,S003-S011-S015
37.0,14.1,63.0,13,12,-76.23,S003-S011-S015
37.0,14.1,66.0,12,12,-81.92,S003-S007-S011-S015
37.0,14.1,69.0,12,11,-88.2,S003-S007-S011-S015
37.0,14.1,72.0,12,11,-95.51,S003-S007-S011-S015
37.0,14.1,75.0,12,10,-96.74,S003-S007-S011-S015
37.0,14.1,78.0,11,10,-100.29,S003-S007-S009-S011-S015
37.0,14.1,81.0,9,9,-99.25,S002-S003-S007-S009-S010-S011-S015
37.0,14.1,84.0,9,9,-97.49,S002-S003-S007-S009-S010-S011-S015
37.0,14.1,87.0,9,9,-90.93,S002-S003-S007-S009-S010-S011-S015
37.0,14.1,90.0,9,9,-85.02,S002-S003-S007-S009-S010-S011-S015
37.0,14.1,93.0,10,9,-80.4,S002-S003-S009-S010-S011-S015
37.0,14.1,96.0,11,9,-75.52,S003-S009-S010-S011-S015
37.0,14.1,99.0,11,9,-68.39,S003-S009-S010-S011-S015
37.0,14.1,102.0,9,9,-61.49,S003-S004-S009-S010-S011-S014-S015
37.0,14.1,105.0,9,9,-50.95,S003-S004-S009-S010-S011-S014-S015
37.0,14.1,108.0,9,9,-44.85,S003-S004-S009-S010-S011-S014-S015
37.0,14.1,111.0,9,9,-42.49,S003-S004-S009-S010-S011-S014-S015
37.0,14.1,114.0,10,9,-37.28,S003-S004-S009-S010-S014-S015
37.0,14.1,117.0,10,9,-32.33,S003-S004-S009-S010-S014-S015
37.0,14.1,120.0,10,10,-28.41,S003-S004-S009-S010-S014-S015
37.0,14.1,123.0,11,10,-25.5,S003-S009-S010-S014-S015
37.0,14.1,126.0,11,10,-23.73,S003-S009-S010-S014-S015
37.0,14.1,129.0,11,9,-23.41,S003-S006-S010-S014-S015
37.0,14.1,132.0,12,9,-27.32,S003-S006-S010-S014
37.0,14.1,135.0,11,9,-46.46,S003-S006-S010-S012-S014
37.0,14.1,138.0,11,10,-43.55,S003-S006-S010-S012-S014
37.0,14.1,141.0,11,11,-44.73,S003-S006-S010-S012-S014
37.0,14.1,144.0,11,11,-52.4,S003-S006-S010-S012-S014
37.0,14.1,147.0,11,11,-57.05,S003-S006-S010-S012-S014
37.0,14.1,150.0,11,11,-60.04,S003-S006-S010-S012-S014
37.0,14.1,153.0,10,10,-65.83,S002-S003-S006-S010-S012-S014
37.0,14.1,156.0,11,9,-68.4,S002-S003-S006-S012-S014
37.0,14.1,159.0,10,9,-58.14,S001-S002-S003-S006-S012-S014
37.0,14.1,162.0,10,9,-46.66,S001-S002-S003-S006-S012-S014
37.0,14.1,165.0,10,9,-30.18,S001-S002-S003-S006-S012-S014
37.0,14.1,168.0,10,10,-21.1,S001-S002-S003-S006-S012-S014
37.0,14.1,171.0,12,12,-17.16,S001-S003-S012-S014
37.0,14.1,174.0,12,12,-24.21,S001-S003-S012-S014
37.0,14.1,177.0,13,12,-46.35,S003-S012-S014
38.0,14.6,-180.0,13,13,-53.26,S003-S012-S014
38.0,14.6,-177.0,13,13,-48.63,S003-S012-S014
38.0,14.6,-174.0,13,13,-39.98,S003-S012-S014
38.0,14.6,-171.0,14,13,-29.62,S012-S014
38.0,14.6,-168.0,14,12,-28.03,S012-S014
38.0,14.6,-165.0,14,12,-24.37,S012-S014
38.0,14.6,-162.0,14,11,-24.03,S004-S014
38.0,14.6,-159.0,14,12,-18.68,S004-S014
38.0,14.6,-156.0,12,11,-9.83,S004-S007-S011-S014
38.0,14.6,-153.0,11,11,-9.03,S004-S007-S011-S013-S014
38.0,14.6,-150.0,12,11,-10.65,S004-S007-S011-S014
38.0,14.6,-147.0,11,11,-12.2,S004-S007-S011-S013-S014
38.0,14.6,-144.0,11,11,-14.23,S004-S007-S011-S013-S014
38.0,14.6,-141.0,12,11,-13.1,S004-S007-S011-S013
38.0,14.6,-138.0,12,11,-11.45,S004-S007-S011-S013
38.0,14.6,-135.0,11,11,-7.33,S004-S007-S011-S012-S013
38.0,14.6,-132.0,12,12,-6.46,S004-S007-S011-S013
38.0,14.6,-129.0,13,13,-6.46,S004-S007-S013
38.0,14.6,-126.0,13,13,-7.01,S004-S007-S013
38.0,14.6,-123.0,13,13,-7.53,S004-S007-S013
38.0,14.6,-120.0,13,13,-10.21,S004-S007-S013
38.0,14.6,-117.0,13,13,-8.47,S004-S007-S013
38.0,14.6,-114.0,13,13,-8.81,S004-S007-S013
38.0,14.6,-111.0,13,13,-9.3,S004-S007-S013
38.0,14.6,-108.0,14,13,-10.25,S004-S007
38.0,14.6,-105.0,14,13,-11.19,S004-S007
38.0,14.6,-102.0,14,13,-12.13,S004-S007
38.0,14.6,-99.0,14,13,-12.78,S004-S007
38.0,14.6,-96.0,14,14,-13.45,S004-S007
38.0,14.6,-93.0,14,14,-14.15,S004-S007
38.0,14.6,-90.0,14,14,-14.86,S004-S007
38.0,14.6,-87.0,14,14,-16.32,S004-S007
38.0,14.6,-84.0,14,14,-19.81,S004-S007
38.0,14.6,-81.0,13,13,-20.74,O01-S004-S007
38.0,14.6,-78.0,13,13,-26.42,O01-S004-S007
38.0,14.6,-75.0,13,13,-21.68,O01-S004-S007
38.0,14.6,-72.0,13,13,-34.74,O01-S004-S007
38.0,14.6,-69.0,13,13,-65.04,O01-S004-S007
38.0,14.6,-66.0,12,12,-70.26,O01-S002-S004-S007
38.0,14.6,-63.0,12,12,-68.79,O01-S002-S004-S007
38.0,14.6,-60.0,12,12,-75.7,O01-S002-S004-S007
38.0,14.6,-57.0,12,12,-44.98,O01-S002-S004-S007
38.0,14.6,-54.0,12,12,-17.77,O01-S002-S004-S007
38.0,14.6,-51.0,12,12,-15.97,O01-S002-S004-S007
38.0,14.6,-48.0,12,11,-15.4,O01-S002-S004-S007
38.0,14.6,-45.0,11,11,-14.86,O01-S002-S004-S007-S009
38.0,14.6,-42.0,12,10,-14.32,S002-S004-S007-S009
38.0,14.6,-39.0,12,10,-13.81,S002-S004-S007-S009
38.0,14.6,-36.0,13,10,-13.31,S002-S007-S009
38.0,14.6,-33.0,12,9,-12.82,S002-S007-S009-S014
38.0,14.6,-30.0,12,11,-13.48,S002-S007-S009-S014
38.0,14.6,-27.0,12,11,-25.45,S002-S007-S009-S014
38.0,14.6,-24.0,12,11,-19.53,S002-S007-S009-S014
38.0,14.6,-21.0,14,12,-17.5,S007-S009
38.0,14.6,-18.0,14,13,-13.52,S007-S009
38.0,14.6,-15.0,13,13,-9.91,S006-S007-S009
38.0,14.6,-12.0,13,13,-7.91,S006-S007-S009
38.0,14.6,-9.0,13,13,-5.59,S006-S007-S009
38.0,14.6,-6.0,13,13,-3.82,S006-S007-S009
38.0,14.6,-3.0,14,13,-2.56,S006-S007
38.0,14.6,0.0,14,14,-1.29,S006-S007
38.0,14.6,3.0,15,14,-1.47,S006
38.0,14.6,6.0,15,14,-1.67,S006
38.0,14.6,9.0,15,14,-1.86,S006
38.0,14.6,12.0,14,14,-2.05,S005-S006
38.0,14.6,15.0,14,14,-5.01,S005-S006
38.0,14.6,18.0,14,13,-9.94,S005-S006
38.0,14.6,21.0,14,13,-8.94,S005-S006
38.0,14.6,24.0,14,13,-5.47,S005-S006
38.0,14.6,27.0,14,13,-8.89,S005-S006
38.0,14.6,30.0,14,14,-12.03,S005-S006
38.0,14.6,33.0,14,14,-8.69,S005-S006
38.0,14.6,36.0,14,12,-6.31,S005-S006
38.0,14.6,39.0,13,11,-8.04,S003-S005-S006
38.0,14.6,42.0,14,12,-15.48,S003-S006
38.0,14.6,45.0,14,12,-18.02,S003-S015
38.0,14.6,48.0,14,12,-15.02,S003-S015
38.0,14.6,51.0,14,12,-12.03,S003-S015
38.0,14.6,54.0,14,12,-29.28,S003-S015
38.0,14.6,57.0,14,12,-41.98,S003-S015
38.0,14.6,60.0,14,13,-59.9,S003-S015
38.0,14.6,63.0,14,13,-69.97,S003-S015
38.0,14.6,66.0,13,12,-77.37,S003-S011-S015
38.0,14.6,69.0,12,12,-82.75,S003-S007-S011-S015
38.0,14.6,72.0,12,11,-91.15,S003-S007-S011-S015
38.0,14.6,75.0,12,10,-91.69,S003-S007-S011-S015
38.0,14.6,78.0,11,10,-95.38,S003-S007-S009-S011-S015
38.0,14.6,81.0,10,9,-94.42,S003-S007-S009-S010-S011-S015
38.0,14.6,84.0,9,9,-92.68,S002-S003-S007-S009-S010-S011-S015
38.0,14.6,87.0,9,9,-88.01,S002-S003-S007-S009-S010-S011-S015
38.0,14.6,90.0,10,9,-80.88,S002-S003-S009-S010-S011-S015
38.0,14.6,93.0,11,10,-76.64,S003-S009-S010-S011-S015
38.0,14.6,96.0,11,11,-71.87,S003-S009-S010-S011-S015
38.0,14.6,99.0,11,11,-63.78,S003-S009-S010-S011-S015
38.0,14.6,102.0,11,9,-57.0,S003-S009-S010-S011-S015
38.0,14.6,105.0,10,9,-46.72,S003-S009-S010-S011-S014-S015
38.0,14.6,108.0,10,9,-42.68,S003-S009-S010-S011-S014-S015
38.0,14.6,111.0,11,9,-40.33,S003-S009-S010-S014-S015
38.0,14.6,114.0,10,9,-35.07,S003-S004-S009-S010-S014-S015
38.0,14.6,117.0,10,9,-30.16,S003-S004-S009-S010-S014-S015
38.0,14.6,120.0,11,10,-26.26,S003-S009-S010-S014-S015
38.0,14.6,123.0,11,11,-23.37,S003-S009-S010-S014-S015
38.0,14.6,126.0,12,11,-21.84,S003-S010-S014-S015
38.0,14.6,129.0,13,10,-21.24,S003-S010-S014
38.0,14.6,132.0,12,10,-21.15,S003-S006-S010-S014
38.0,14.6,135.0,11,10,-39.4,S003-S006-S010-S012-S014
38.0,14.6,138.0,11,10,-36.81,S003-S006-S010-S012-S014
38.0,14.6,141.0,11,11,-38.29,S003-S006-S010-S012-S014
38.0,14.6,144.0,11,11,-46.0,S003-S006-S010-S012-S014
38.0,14.6,147.0,11,11,-50.6,S003-S006-S010-S012-S014
38.0,14.6,150.0,11,11,-54.43,S003-S006-S010-S012-S014
38.0,14.6,153.0,11,10,-59.64,S003-S006-S010-S012-S014
38.0,14.6,156.0,11,10,-61.79,S002-S003-S006-S012-S014
38.0,14.6,159.0,11,9,-51.65,S002-S003-S006-S012-S014
38.0,14.6,162.0,10,10,-40.78,S001-S002-S003-S006-S012-S014
38.0,14.6,165.0,10,10,-24.01,S001-S002-S003-S006-S012-S014
38.0,14.6,168.0,11,10,-17.28,S001-S003-S006-S012-S014
38.0,14.6,171.0,12,12,-15.21,S001-S003-S012-S014
38.0,14.6,174.0,13,12,-17.92,S003-S012-S014
38.0,14.6,177.0,13,13,-40.43,S003-S012-S014
39.0,15.11,-180.0,13,13,-47.1,S003-S012-S014
39.0,15.11,-177.0,14,13,-42.32,S012-S014
39.0,15.11,-174.0,14,13,-33.89,S012-S014
39.0,15.11,-171.0,14,13,-23.84,S012-S014
39.0,15.11,-168.0,14,13,-21.15,S012-S014
39.0,15.11,-165.0,14,13,-18.04,S012-S014
39.0,15.11,-162.0,15,11,-18.54,S014
39.0,15.11,-159.0,14,12,-13.14,S004-S014
39.0,15.11,-156.0,14,12,-4.5,S004-S014
39.0,15.11,-153.0,12,12,-7.38,S004-S007-S011-S013
39.0,15.11,-150.0,13,11,-8.87,S004-S007-S011
39.0,15.11,-147.0,12,11,-9.65,S004-S007-S011-S014
39.0,15.11,-144.0,12,12,-11.74,S004-S007-S011-S013
39.0,15.11,-141.0,12,12,-10.54,S004-S007-S011-S013
39.0,15.11,-138.0,12,11,-8.82,S004-S007-S011-S013
39.0,15.11,-135.0,12,11,-5.65,S004-S007-S011-S013
39.0,15.11,-132.0,13,13,-5.59,S004-S007-S013
39.0,15.11,-129.0,13,13,-6.17,S004-S007-S013
39.0,15.11,-126.0,13,13,-6.73,S004-S007-S013
39.0,15.11,-123.0,13,13,-7.25,S004-S007-S013
39.0,15.11,-120.0,13,13,-7.73,S004-S007-S013
39.0,15.11,-117.0,13,13,-8.19,S004-S007-S013
39.0,15.11,-114.0,13,13,-8.53,S004-S007-S013
39.0,15.11,-111.0,14,13,-8.81,S004-S007
39.0,15.11,-108.0,14,13,-9.7,S004-S007
39.0,15.11,-105.0,14,13,-10.64,S004-S007
39.0,15.11,-102.0,14,13,-11.57,S004-S007
39.0,15.11,-99.0,14,13,-12.29,S004-S007
39.0,15.11,-96.0,14,14,-12.95,S004-S007
39.0,15.11,-93.0,14,14,-13.65,S004-S007
39.0,15.11,-90.0,14,14,-14.35,S004-S007
39.0,15.11,-87.0,14,14,-15.05,S004-S007
39.0,15.11,-84.0,14,14,-15.74,S004-S007
39.0,15.11,-81.0,14,13,-16.4,S004-S007
39.0,15.11,-78.0,13,13,-20.6,O01-S004-S007
39.0,15.11,-75.0,13,13,-17.28,O01-S004-S007
39.0,15.11,-72.0,13,13,-27.76,O01-S004-S007
39.0,15.11,-69.0,13,13,-58.43,O01-S004-S007
39.0,15.11,-66.0,13,12,-62.3,O01-S004-S007
39.0,15.11,-63.0,12,12,-60.71,O01-S002-S004-S007
39.0,15.11,-60.0,13,12,-66.64,S002-S004-S007
39.0,15.11,-57.0,13,12,-36.48,S002-S004-S007
39.0,15.11,-54.0,12,12,-15.98,O01-S002-S004-S007
39.0,15.11,-51.0,12,12,-15.41,O01-S002-S004-S007
39.0,15.11,-48.0,12,12,-14.84,O01-S002-S004-S007
39.0,15.11,-45.0,12,11,-14.3,S002-S004-S007-S009
39.0,15.11,-42.0,12,11,-13.76,S002-S004-S007-S009
39.0,15.11,-39.0,13,11,-13.25,S002-S007-S009
39.0,15.11,-36.0,13,11,-12.75,S002-S007-S009
39.0,15.11,-33.0,12,11,-12.27,S002-S007-S009-S014
39.0,15.11,-30.0,12,11,-11.8,S002-S007-S009-S014
39.0,15.11,-27.0,12,11,-17.43,S002-S007-S009-S014
39.0,15.11,-24.0,12,11,-17.32,S002-S007-S009-S014
39.0,15.11,-21.0,14,13,-15.22,S007-S009
39.0,15.11,-18.0,14,13,-11.29,S007-S009
39.0,15.11,-15.0,14,13,-7.9,S007-S009
39.0,15.11,-12.0,13,13,-5.91,S006-S007-S009
39.0,15.11,-9.0,13,13,-4.52,S006-S007-S009
39.0,15.11,-6.0,13,13,-3.28,S006-S007-S009
39.0,15.11,-3.0,14,14,-2.02,S006-S007
39.0,15.11,0.0,14,14,-1.0,S006-S007
39.0,15.11,3.0,15,14,-1.21,S006
39.0,15.11,6.0,15,14,-1.41,S006
39.0,15.11,9.0,15,15,-1.6,S006
39.0,15.11,12.0,15,15,-1.78,S006
39.0,15.11,15.0,14,14,-2.4,S005-S006
39.0,15.11,18.0,14,14,-7.19,S005-S006
39.0,15.11,21.0,14,13,-6.47,S005-S006
39.0,15.11,24.0,14,14,-2.97,S005-S006
39.0,15.11,27.0,14,14,-5.09,S005-S006
39.0,15.11,30.0,14,14,-8.62,S005-S006
39.0,15.11,33.0,14,14,-5.3,S005-S006
39.0,15.11,36.0,14,14,-2.92,S005-S006
39.0,15.11,39.0,14,12,-2.1,S003-S006
39.0,15.11,42.0,14,12,-9.19,S003-S006
39.0,15.11,45.0,15,12,-11.47,S003
39.0,15.11,48.0,14,12,-8.49,S003-S015
39.0,15.11,51.0,14,12,-8.43,S003-S015
39.0,15.11,54.0,14,12,-24.01,S003-S015
39.0,15.11,57.0,14,13,-36.32,S003-S015
39.0,15.11,60.0,14,13,-54.75,S003-S015
39.0,15.11,63.0,14,13,-63.59,S003-S015
39.0,15.11,66.0,14,13,-72.75,S003-S015
39.0,15.11,69.0,13,12,-77.19,S003-S011-S015
39.0,15.11,72.0,12,11,-86.73,S003-S007-S011-S015
39.0,15.11,75.0,12,11,-86.46,S003-S007-S011-S015
39.0,15.11,78.0,13,10,-90.34,S003-S011-S015
39.0,15.11,81.0,12,10,-89.48,S003-S009-S011-S015
39.0,15.11,84.0,11,9,-87.76,S003-S009-S010-S011-S015
39.0,15.11,87.0,10,9,-83.17,S002-S003-S009-S010-S011-S015
39.0,15.11,90.0,11,10,-76.65,S003-S009-S010-S011-S015
39.0,15.11,93.0,11,11,-72.82,S003-S009-S010-S011-S015
39.0,15.11,96.0,11,11,-66.96,S003-S009-S010-S011-S015
39.0,15.11,99.0,11,11,-59.06,S003-S009-S010-S011-S015
39.0,15.11,102.0,11,11,-52.39,S003-S009-S010-S011-S015
39.0,15.11,105.0,11,10,-42.39,S003-S009-S010-S011-S015
39.0,15.11,108.0,10,9,-40.46,S003-S009-S010-S011-S014-S015
39.0,15.11,111.0,11,9,-38.03,S003-S009-S010-S014-S015
39.0,15.11,114.0,11,9,-32.81,S003-S009-S010-S014-S015
39.0,15.11,117.0,10,9,-27.93,S003-S004-S009-S010-S014-S015
39.0,15.11,120.0,12,11,-24.05,S003-S009-S010-S014
39.0,15.11,123.0,12,11,-21.28,S003-S009-S010-S014
39.0,15.11,126.0,13,11,-19.91,S003-S010-S014
39.0,15.11,129.0,13,12,-19.02,S003-S010-S014
39.0,15.11,132.0,13,11,-18.93,S003-S010-S014
39.0,15.11,135.0,12,10,-32.2,S003-S010-S012-S014
39.0,15.11,138.0,12,11,-29.9,S003-S010-S012-S014
39.0,15.11,141.0,12,11,-31.68,S003-S010-S012-S014
39.0,15.11,144.0,12,11,-39.45,S003-S010-S012-S014
39.0,15.11,147.0,11,11,-43.99,S003-S006-S010-S012-S014
39.0,15.11,150.0,11,11,-48.7,S003-S006-S010-S012-S014
39.0,15.11,153.0,12,10,-53.12,S003-S006-S012-S014
39.0,15.11,156.0,11,10,-54.99,S002-S003-S006-S012-S014
39.0,15.11,159.0,11,11,-45.03,S002-S003-S006-S012-S014
39.0,15.11,162.0,11,10,-34.77,S002-S003-S006-S012-S014
39.0,15.11,165.0,10,10,-17.93,S001-S002-S003-S006-S012-S014
39.0,15.11,168.0,11,11,-15.27,S001-S003-S006-S012-S014
39.0,15.11,171.0,12,12,-13.21,S001-S003-S012-S014
39.0,15.11,174.0,13,12,-12.22,S003-S012-S014
39.0,15.11,177.0,13,13,-34.38,S003-S012-S014
40.0,15.63,-180.0,14,13,-40.8,S012-S014
40.0,15.63,-177.0,14,13,-35.87,S012-S014
40.0,15.63,-174.0,14,13,-27.66,S012-S014
40.0,15.63,-171.0,14,13,-17.8,S012-S014
40.0,15.63,-168.0,14,14,-14.1,S012-S014
40.0,15.63,-165.0,15,14,-11.55,S014
40.0,15.63,-162.0,15,13,-12.92,S014
40.0,15.63,-159.0,15,12,-7.46,S014
40.0,15.63,-156.0,15,12,-2.81,S004
40.0,15.63,-153.0,13,12,-5.69,S004-S007-S011
40.0,15.63,-150.0,13,12,-7.05,S004-S007-S011
40.0,15.63,-147.0,13,12,-7.82,S004-S007-S011
40.0,15.63,-144.0,13,12,-9.2,S004-S007-S011
40.0,15.63,-141.0,12,12,-7.93,S004-S007-S011-S013
40.0,15.63,-138.0,12,12,-6.12,S004-S007-S011-S013
40.0,15.63,-135.0,12,12,-4.68,S004-S007-S011-S013
40.0,15.63,-132.0,13,13,-5.3,S004-S007-S013
40.0,15.63,-129.0,13,13,-5.88,S004-S007-S013
40.0,15.63,-126.0,13,13,-6.43,S004-S007-S013
40.0,15.63,-123.0,13,13,-6.95,S004-S007-S013
40.0,15.63,-120.0,13,13,-7.44,S004-S007-S013
40.0,15.63,-117.0,13,13,-7.89,S004-S007-S013
40.0,15.63,-114.0,14,13,-8.25,S004-S007
40.0,15.63,-111.0,14,13,-8.52,S004-S007
40.0,15.63,-108.0,14,13,-9.14,S004-S007
40.0,15.63,-105.0,14,13,-10.08,S004-S007
40.0,15.63,-102.0,14,13,-11.0,S004-S007
40.0,15.63,-99.0,14,14,-11.79,S004-S007
40.0,15.63,-96.0,14,14,-12.45,S004-S007
40.0,15.63,-93.0,14,14,-13.14,S004-S007
40.0,15.63,-90.0,14,14,-13.83,S004-S007
40.0,15.63,-87.0,14,14,-14.53,S004-S007
40.0,15.63,-84.0,14,14,-15.21,S004-S007
40.0,15.63,-81.0,14,13,-15.87,S004-S007
40.0,15.63,-78.0,13,13,-16.36,O01-S004-S007
40.0,15.63,-75.0,13,13,-16.69,O01-S004-S007
40.0,15.63,-72.0,13,13,-20.64,O01-S004-S007
40.0,15.63,-69.0,13,13,-50.39,O01-S004-S007
40.0,15.63,-66.0,14,13,-55.37,S004-S007
40.0,15.63,-63.0,13,12,-52.51,S002-S004-S007
40.0,15.63,-60.0,13,12,-57.36,S002-S004-S007
40.0,15.63,-57.0,13,12,-27.76,S002-S004-S007
40.0,15.63,-54.0,13,12,-15.4,S002-S004-S007
40.0,15.63,-51.0,13,12,-14.83,S002-S004-S007
40.0,15.63,-48.0,13,12,-14.27,S002-S004-S007
40.0,15.63,-45.0,13,12,-13.72,S002-S004-S007
40.0,15.63,-42.0,14,12,-13.19,S002-S007
40.0,15.63,-39.0,13,12,-12.68,S002-S007-S009
40.0,15.63,-36.0,13,12,-12.18,S002-S007-S009
40.0,15.63,-33.0,13,12,-11.7,S002-S007-S009
40.0,15.63,-30.0,13,12,-11.23,S002-S007-S009
40.0,15.63,-27.0,12,11,-12.11,S002-S007-S009-S014
40.0,15.63,-24.0,14,12,-15.07,S007-S009
40.0,15.63,-21.0,14,13,-12.89,S007-S009
40.0,15.63,-18.0,14,13,-9.0,S007-S009
40.0,15.63,-15.0,14,13,-6.44,S007-S009
40.0,15.63,-12.0,14,13,-5.2,S007-S009
40.0,15.63,-9.0,13,13,-3.97,S006-S007-S009
40.0,15.63,-6.0,14,13,-2.73,S006-S007
40.0,15.63,-3.0,14,14,-1.47,S006-S007
40.0,15.63,0.0,14,14,-0.73,S006-S007
40.0,15.63,3.0,15,14,-0.94,S006
40.0,15.63,6.0,15,15,-1.14,S006
40.0,15.63,9.0,15,15,-1.33,S006
40.0,15.63,12.0,15,15,-1.51,S006
40.0,15.63,15.0,15,14,-1.69,S006
40.0,15.63,18.0,14,14,-4.37,S005-S006
40.0,15.63,21.0,14,14,-3.95,S005-S006
40.0,15.63,24.0,14,14,-1.6,S005-S006
40.0,15.63,27.0,14,14,-1.45,S005-S006
40.0,15.63,30.0,14,14,-5.15,S005-S006
40.0,15.63,33.0,14,14,-1.83,S005-S006
40.0,15.63,36.0,15,14,-0.74,S006
40.0,15.63,39.0,15,15,-0.33,S006
40.0,15.63,42.0,15,14,-2.76,S003
40.0,15.63,45.0,15,12,-4.77,S003
40.0,15.63,48.0,15,12,-1.81,S003
40.0,15.63,51.0,14,12,-4.75,S003-S015
40.0,15.63,54.0,14,13,-18.39,S003-S015
40.0,15.63,57.0,14,13,-30.49,S003-S015
40.0,15.63,60.0,14,13,-49.48,S003-S015
40.0,15.63,63.0,14,13,-58.09,S003-S015
40.0,15.63,66.0,14,13,-68.08,S003-S015
40.0,15.63,69.0,14,13,-71.5,S003-S015
40.0,15.63,72.0,13,11,-82.25,S003-S011-S015
40.0,15.63,75.0,13,11,-81.19,S003-S011-S015
40.0,15.63,78.0,13,12,-85.18,S003-S011-S015
40.0,15.63,81.0,12,10,-84.4,S003-S009-S011-S015
40.0,15.63,84.0,12,11,-82.72,S003-S009-S011-S015
40.0,15.63,87.0,11,10,-78.21,S003-S009-S010-S011-S015
40.0,15.63,90.0,11,11,-72.32,S003-S009-S010-S011-S015
40.0,15.63,93.0,11,11,-68.37,S003-S009-S010-S011-S015
40.0,15.63,96.0,11,11,-61.92,S003-S009-S010-S011-S015
40.0,15.63,99.0,11,11,-54.21,S003-S009-S010-S011-S015
40.0,15.63,102.0,11,11,-47.66,S003-S009-S010-S011-S015
40.0,15.63,105.0,11,11,-39.54,S003-S009-S010-S011-S015
40.0,15.63,108.0,11,10,-38.18,S003-S009-S010-S011-S015
40.0,15.63,111.0,12,10,-35.68,S003-S009-S010-S015
40.0,15.63,114.0,12,10,-30.49,S003-S009-S010-S015
40.0,15.63,117.0,11,10,-25.65,S003-S009-S010-S014-S015
40.0,15.63,120.0,12,11,-21.79,S003-S009-S010-S014
40.0,15.63,123.0,13,12,-19.3,S003-S010-S014
40.0,15.63,126.0,13,12,-17.92,S003-S010-S014
40.0,15.63,129.0,13,12,-16.75,S003-S010-S014
40.0,15.63,132.0,13,12,-16.66,S003-S010-S014
40.0,15.63,135.0,13,11,-24.83,S003-S010-S014
40.0,15.63,138.0,12,12,-22.82,S003-S010-S012-S014
40.0,15.63,141.0,12,12,-24.9,S003-S010-S012-S014
40.0,15.63,144.0,12,12,-32.75,S003-S010-S012-S014
40.0,15.63,147.0,11,11,-37.2,S003-S006-S010-S012-S014
40.0,15.63,150.0,12,11,-42.71,S003-S006-S012-S014
40.0,15.63,153.0,12,11,-46.41,S003-S006-S012-S014
40.0,15.63,156.0,11,11,-48.01,S002-S003-S006-S012-S014
40.0,15.63,159.0,11,11,-38.26,S002-S003-S006-S012-S014
40.0,15.63,162.0,11,11,-28.62,S002-S003-S006-S012-S014
40.0,15.63,165.0,12,10,-14.17,S003-S006-S012-S014
40.0,15.63,168.0,12,12,-13.21,S001-S003-S012-S014
40.0,15.63,171.0,13,12,-11.58,S003-S012-S014
40.0,15.63,174.0,13,13,-11.05,S003-S012-S014
40.0,15.63,177.0,14,13,-28.21,S012-S014
